timestamp,junction,lat,lon,current_speed,free_flow_speed,current_travel_time,free_flow_travel_time,confidence,road_closure,timestamp_hour,precipitation_mm,rain_mm,temperature_c,windspeed_kmh,is_monsoon,hour,day_of_week,is_peak_hour,two wheeler,autorickshaw,car,bus,LCV,truck,bicycle,pedestrain,total_vehicles,pcu_density,festival_name,category,festival_impact,is_festival,is_ipl_season
2026-07-10 21:43:48.458304,Kathipara,13.0107,80.2016,22,27,202,164,1.0,False,2026-07-10 21:00:00,0.0,0.0,29.4,17.6,True,21,4,False,0.0,0.0,0.0,0.0,0.0,0.0,0.0,0.0,0.0,0.0,,,0.0,0,0
2026-07-10 21:43:48.458304,Velachery_Junction,12.9791,80.2211,27,33,1592,1302,0.998479,False,2026-07-10 21:00:00,0.0,0.0,29.4,17.6,True,21,4,False,2.0,1.0,4.0,1.0,2.0,0.0,1.0,1.0,12.0,12.3,,,0.0,0,0
2026-07-10 21:43:48.458304,Kelambakkam_OMR,12.7925,80.2183,51,51,1338,1338,1.0,False,2026-07-10 21:00:00,0.0,0.0,29.4,17.6,True,21,4,False,0.0,0.0,0.0,0.0,0.0,0.0,0.0,0.0,0.0,0.0,,,0.0,0,0
2026-07-10 21:43:48.458304,Chromepet,12.9516,80.1462,28,38,2549,1878,1.0,False,2026-07-10 21:00:00,0.0,0.0,29.4,17.6,True,21,4,False,0.0,0.0,0.0,0.0,0.0,0.0,0.0,0.0,0.0,0.0,,,0.0,0,0
2026-07-10 21:43:48.458304,Mylapore,13.0339,80.2698,16,17,471,443,0.711723,True,2026-07-10 21:00:00,0.0,0.0,29.4,17.6,True,21,4,False,0.0,0.0,0.0,0.0,0.0,0.0,0.0,0.0,0.0,0.0,,,0.0,0,0
2026-07-10 21:43:48.458304,Perambur,13.1141,80.2417,19,25,1363,1036,0.995415,False,2026-07-10 21:00:00,0.0,0.0,29.4,17.6,True,21,4,False,0.0,0.0,0.0,0.0,0.0,0.0,0.0,0.0,0.0,0.0,,,0.0,0,0
2026-07-10 21:43:48.458304,Thoraipakkam_OMR,12.9407,80.235,20,20,523,523,1.0,False,2026-07-10 21:00:00,0.0,0.0,29.4,17.6,True,21,4,False,0.0,0.0,0.0,0.0,0.0,0.0,0.0,0.0,0.0,0.0,,,0.0,0,0
2026-07-10 21:43:48.458304,Perungudi_OMR,12.9634,80.2431,25,25,99,99,1.0,False,2026-07-10 21:00:00,0.0,0.0,29.4,17.6,True,21,4,False,0.0,0.0,0.0,0.0,0.0,0.0,0.0,0.0,0.0,0.0,,,0.0,0,0
2026-07-10 21:43:48.458304,Tambaram,12.9249,80.1,28,28,966,966,1.0,False,2026-07-10 21:00:00,0.0,0.0,29.4,17.6,True,21,4,False,0.0,0.0,0.0,0.0,0.0,0.0,0.0,0.0,0.0,0.0,,,0.0,0,0
2026-07-10 21:43:48.458304,Anna_Salai_Teynampet,13.0455,80.25,26,33,1618,1274,0.965813,True,2026-07-10 21:00:00,0.0,0.0,29.4,17.6,True,21,4,False,0.0,0.0,0.0,0.0,0.0,0.0,0.0,0.0,0.0,0.0,,,0.0,0,0
2026-07-10 21:43:48.458304,Anna_Nagar_Roundtana,13.085,80.2101,15,15,66,66,1.0,False,2026-07-10 21:00:00,0.0,0.0,29.4,17.6,True,21,4,False,2.0,0.0,5.0,0.0,2.0,1.0,0.0,2.0,12.0,12.0,,,0.0,0,0
2026-07-10 21:43:48.458304,Ashok_Nagar,13.0385,80.2107,35,35,2047,2047,1.0,False,2026-07-10 21:00:00,0.0,0.0,29.4,17.6,True,21,4,False,0.0,0.0,0.0,0.0,0.0,0.0,0.0,0.0,0.0,0.0,,,0.0,0,0
2026-07-10 21:43:48.458304,Adyar_Signal,13.0064,80.257,16,24,720,480,0.95015,True,2026-07-10 21:00:00,0.0,0.0,29.4,17.6,True,21,4,False,0.0,0.0,0.0,0.0,0.0,0.0,0.0,0.0,0.0,0.0,,,0.0,0,0
2026-07-10 21:43:48.458304,T_Nagar_Panagal,13.0418,80.2341,32,32,242,242,1.0,False,2026-07-10 21:00:00,0.0,0.0,29.4,17.6,True,21,4,False,0.0,0.0,0.0,0.0,0.0,0.0,0.0,0.0,0.0,0.0,,,0.0,0,0
2026-07-10 21:43:48.458304,Egmore,13.0732,80.2609,18,25,2,1,1.0,False,2026-07-10 21:00:00,0.0,0.0,29.4,17.6,True,21,4,False,0.0,0.0,0.0,0.0,0.0,1.0,0.0,5.0,6.0,3.0,,,0.0,0,0
2026-07-10 21:43:48.458304,Guindy,13.0067,80.2206,27,33,1592,1302,0.998479,False,2026-07-10 21:00:00,0.0,0.0,29.4,17.6,True,21,4,False,0.0,0.0,0.0,0.0,0.0,0.0,0.0,0.0,0.0,0.0,,,0.0,0,0
2026-07-10 21:43:48.458304,Koyambedu,13.0694,80.1948,19,19,231,231,1.0,False,2026-07-10 21:00:00,0.0,0.0,29.4,17.6,True,21,4,False,0.0,0.0,0.0,0.0,0.0,0.0,0.0,0.0,0.0,0.0,,,0.0,0,0
2026-07-10 21:43:48.458304,Vadapalani,13.0503,80.2121,22,31,376,267,1.0,False,2026-07-10 21:00:00,0.0,0.0,29.4,17.6,True,21,4,False,4.0,0.0,2.0,0.0,1.0,1.0,0.0,0.0,8.0,8.5,,,0.0,0,0
2026-07-10 21:43:48.458304,Central_Station,13.0827,80.2757,15,26,600,346,1.0,False,2026-07-10 21:00:00,0.0,0.0,29.4,17.6,True,21,4,False,0.0,0.0,1.0,3.0,0.0,1.0,0.0,0.0,5.0,13.0,,,0.0,0,0
2026-07-10 21:43:48.458304,Porur,13.0381,80.1564,13,18,189,136,0.97,False,2026-07-10 21:00:00,0.0,0.0,29.4,17.6,True,21,4,False,4.0,1.0,0.0,2.0,0.0,2.0,0.0,2.0,11.0,14.8,,,0.0,0,0
2026-07-10 23:14:53.146700,Porur,13.0381,80.1564,19,19,129,129,1.0,False,2026-07-10 23:00:00,0.0,0.0,29.3,12.6,True,23,4,False,4.0,1.0,0.0,2.0,0.0,2.0,0.0,2.0,11.0,14.8,,,0.0,0,0
2026-07-10 23:14:53.146700,Kelambakkam_OMR,12.7925,80.2183,51,51,1338,1338,1.0,False,2026-07-10 23:00:00,0.0,0.0,29.3,12.6,True,23,4,False,0.0,0.0,0.0,0.0,0.0,0.0,0.0,0.0,0.0,0.0,,,0.0,0,0
2026-07-10 23:14:53.146700,Chromepet,12.9516,80.1462,38,38,1878,1878,1.0,False,2026-07-10 23:00:00,0.0,0.0,29.3,12.6,True,23,4,False,0.0,0.0,0.0,0.0,0.0,0.0,0.0,0.0,0.0,0.0,,,0.0,0,0
2026-07-10 23:14:53.146700,Mylapore,13.0339,80.2698,17,17,443,443,0.655358,True,2026-07-10 23:00:00,0.0,0.0,29.3,12.6,True,23,4,False,0.0,0.0,0.0,0.0,0.0,0.0,0.0,0.0,0.0,0.0,,,0.0,0,0
2026-07-10 23:14:53.146700,Perungudi_OMR,12.9634,80.2431,25,25,99,99,1.0,False,2026-07-10 23:00:00,0.0,0.0,29.3,12.6,True,23,4,False,0.0,0.0,0.0,0.0,0.0,0.0,0.0,0.0,0.0,0.0,,,0.0,0,0
2026-07-10 23:14:53.146700,Anna_Nagar_Roundtana,13.085,80.2101,15,15,66,66,1.0,False,2026-07-10 23:00:00,0.0,0.0,29.3,12.6,True,23,4,False,2.0,0.0,5.0,0.0,2.0,1.0,0.0,2.0,12.0,12.0,,,0.0,0,0
2026-07-10 23:14:53.146700,Thoraipakkam_OMR,12.9407,80.235,20,20,523,523,1.0,False,2026-07-10 23:00:00,0.0,0.0,29.3,12.6,True,23,4,False,0.0,0.0,0.0,0.0,0.0,0.0,0.0,0.0,0.0,0.0,,,0.0,0,0
2026-07-10 23:14:53.146700,Velachery_Junction,12.9791,80.2211,32,32,1343,1343,1.0,False,2026-07-10 23:00:00,0.0,0.0,29.3,12.6,True,23,4,False,2.0,1.0,4.0,1.0,2.0,0.0,1.0,1.0,12.0,12.3,,,0.0,0,0
2026-07-10 23:14:53.146700,Tambaram,12.9249,80.1,28,28,966,966,1.0,False,2026-07-10 23:00:00,0.0,0.0,29.3,12.6,True,23,4,False,0.0,0.0,0.0,0.0,0.0,0.0,0.0,0.0,0.0,0.0,,,0.0,0,0
2026-07-10 23:14:53.146700,Perambur,13.1141,80.2417,25,25,1036,1036,1.0,False,2026-07-10 23:00:00,0.0,0.0,29.3,12.6,True,23,4,False,0.0,0.0,0.0,0.0,0.0,0.0,0.0,0.0,0.0,0.0,,,0.0,0,0
2026-07-10 23:14:53.146700,Adyar_Signal,13.0064,80.257,22,25,523,460,0.934613,True,2026-07-10 23:00:00,0.0,0.0,29.3,12.6,True,23,4,False,0.0,0.0,0.0,0.0,0.0,0.0,0.0,0.0,0.0,0.0,,,0.0,0,0
2026-07-10 23:14:53.146700,Central_Station,13.0827,80.2757,26,26,346,346,1.0,False,2026-07-10 23:00:00,0.0,0.0,29.3,12.6,True,23,4,False,0.0,0.0,1.0,3.0,0.0,1.0,0.0,0.0,5.0,13.0,,,0.0,0,0
2026-07-10 23:14:53.146700,Ashok_Nagar,13.0385,80.2107,35,35,2047,2047,1.0,False,2026-07-10 23:00:00,0.0,0.0,29.3,12.6,True,23,4,False,0.0,0.0,0.0,0.0,0.0,0.0,0.0,0.0,0.0,0.0,,,0.0,0,0
2026-07-10 23:14:53.146700,Anna_Salai_Teynampet,13.0455,80.25,30,33,1402,1274,0.962309,True,2026-07-10 23:00:00,0.0,0.0,29.3,12.6,True,23,4,False,0.0,0.0,0.0,0.0,0.0,0.0,0.0,0.0,0.0,0.0,,,0.0,0,0
2026-07-10 23:14:53.146700,Egmore,13.0732,80.2609,25,25,1,1,1.0,False,2026-07-10 23:00:00,0.0,0.0,29.3,12.6,True,23,4,False,0.0,0.0,0.0,0.0,0.0,1.0,0.0,5.0,6.0,3.0,,,0.0,0,0
2026-07-10 23:14:53.146700,Kathipara,13.0107,80.2016,28,28,158,158,1.0,False,2026-07-10 23:00:00,0.0,0.0,29.3,12.6,True,23,4,False,0.0,0.0,0.0,0.0,0.0,0.0,0.0,0.0,0.0,0.0,,,0.0,0,0
2026-07-10 23:14:53.146700,T_Nagar_Panagal,13.0418,80.2341,32,32,242,242,1.0,False,2026-07-10 23:00:00,0.0,0.0,29.3,12.6,True,23,4,False,0.0,0.0,0.0,0.0,0.0,0.0,0.0,0.0,0.0,0.0,,,0.0,0,0
2026-07-10 23:14:53.146700,Koyambedu,13.0694,80.1948,19,19,231,231,1.0,False,2026-07-10 23:00:00,0.0,0.0,29.3,12.6,True,23,4,False,0.0,0.0,0.0,0.0,0.0,0.0,0.0,0.0,0.0,0.0,,,0.0,0,0
2026-07-10 23:14:53.146700,Vadapalani,13.0503,80.2121,21,30,394,276,1.0,False,2026-07-10 23:00:00,0.0,0.0,29.3,12.6,True,23,4,False,4.0,0.0,2.0,0.0,1.0,1.0,0.0,0.0,8.0,8.5,,,0.0,0,0
2026-07-10 23:14:53.146700,Guindy,13.0067,80.2206,32,32,1343,1343,1.0,False,2026-07-10 23:00:00,0.0,0.0,29.3,12.6,True,23,4,False,0.0,0.0,0.0,0.0,0.0,0.0,0.0,0.0,0.0,0.0,,,0.0,0,0
2026-07-11 16:59:03.345004,Kelambakkam_OMR,12.7925,80.2183,43,51,1587,1338,0.999632,False,2026-07-11 16:00:00,0.0,0.0,36.0,4.0,True,16,5,False,0.0,0.0,0.0,0.0,0.0,0.0,0.0,0.0,0.0,0.0,,,0.0,0,0
2026-07-11 16:59:03.345004,Perungudi_OMR,12.9634,80.2431,20,25,124,99,0.971884,False,2026-07-11 16:00:00,0.0,0.0,36.0,4.0,True,16,5,False,0.0,0.0,0.0,0.0,0.0,0.0,0.0,0.0,0.0,0.0,,,0.0,0,0
2026-07-11 16:59:03.345004,Thoraipakkam_OMR,12.9407,80.235,20,20,523,523,1.0,False,2026-07-11 16:00:00,0.0,0.0,36.0,4.0,True,16,5,False,0.0,0.0,0.0,0.0,0.0,0.0,0.0,0.0,0.0,0.0,,,0.0,0,0
2026-07-11 16:59:03.345004,Porur,13.0381,80.1564,19,19,129,129,1.0,False,2026-07-11 16:00:00,0.0,0.0,36.0,4.0,True,16,5,False,4.0,1.0,0.0,2.0,0.0,2.0,0.0,2.0,11.0,14.8,,,0.0,0,0
2026-07-11 16:59:03.345004,Velachery_Junction,12.9791,80.2211,25,33,1719,1302,0.996096,False,2026-07-11 16:00:00,0.0,0.0,36.0,4.0,True,16,5,False,2.0,1.0,4.0,1.0,2.0,0.0,1.0,1.0,12.0,12.3,,,0.0,0,0
2026-07-11 16:59:03.345004,Perambur,13.1141,80.2417,19,25,1363,1036,0.994956,False,2026-07-11 16:00:00,0.0,0.0,36.0,4.0,True,16,5,False,0.0,0.0,0.0,0.0,0.0,0.0,0.0,0.0,0.0,0.0,,,0.0,0,0
2026-07-11 16:59:03.345004,Mylapore,13.0339,80.2698,14,17,538,443,0.809711,True,2026-07-11 16:00:00,0.0,0.0,36.0,4.0,True,16,5,False,0.0,0.0,0.0,0.0,0.0,0.0,0.0,0.0,0.0,0.0,,,0.0,0,0
2026-07-11 16:59:03.345004,Chromepet,12.9516,80.1462,27,38,2643,1878,1.0,False,2026-07-11 16:00:00,0.0,0.0,36.0,4.0,True,16,5,False,0.0,0.0,0.0,0.0,0.0,0.0,0.0,0.0,0.0,0.0,,,0.0,0,0
2026-07-11 16:59:03.345004,Tambaram,12.9249,80.1,28,28,966,966,1.0,False,2026-07-11 16:00:00,0.0,0.0,36.0,4.0,True,16,5,False,0.0,0.0,0.0,0.0,0.0,0.0,0.0,0.0,0.0,0.0,,,0.0,0,0
2026-07-11 16:59:03.345004,Anna_Nagar_Roundtana,13.085,80.2101,9,14,110,71,0.99,False,2026-07-11 16:00:00,0.0,0.0,36.0,4.0,True,16,5,False,2.0,0.0,5.0,0.0,2.0,1.0,0.0,2.0,12.0,12.0,,,0.0,0,0
2026-07-11 16:59:03.345004,Adyar_Signal,13.0064,80.257,17,25,677,460,0.953215,True,2026-07-11 16:00:00,0.0,0.0,36.0,4.0,True,16,5,False,0.0,0.0,0.0,0.0,0.0,0.0,0.0,0.0,0.0,0.0,,,0.0,0,0
2026-07-11 16:59:03.345004,Kathipara,13.0107,80.2016,28,28,158,158,1.0,False,2026-07-11 16:00:00,0.0,0.0,36.0,4.0,True,16,5,False,0.0,0.0,0.0,0.0,0.0,0.0,0.0,0.0,0.0,0.0,,,0.0,0,0
2026-07-11 16:59:03.345004,Guindy,13.0067,80.2206,25,33,1719,1302,0.996096,False,2026-07-11 16:00:00,0.0,0.0,36.0,4.0,True,16,5,False,0.0,0.0,0.0,0.0,0.0,0.0,0.0,0.0,0.0,0.0,,,0.0,0,0
2026-07-11 16:59:03.345004,T_Nagar_Panagal,13.0418,80.2341,32,32,242,242,1.0,False,2026-07-11 16:00:00,0.0,0.0,36.0,4.0,True,16,5,False,0.0,0.0,0.0,0.0,0.0,0.0,0.0,0.0,0.0,0.0,,,0.0,0,0
2026-07-11 16:59:03.345004,Anna_Salai_Teynampet,13.0455,80.25,24,33,1752,1274,0.968595,True,2026-07-11 16:00:00,0.0,0.0,36.0,4.0,True,16,5,False,0.0,0.0,0.0,0.0,0.0,0.0,0.0,0.0,0.0,0.0,,,0.0,0,0
2026-07-11 16:59:03.345004,Ashok_Nagar,13.0385,80.2107,29,35,2471,2047,1.0,False,2026-07-11 16:00:00,0.0,0.0,36.0,4.0,True,16,5,False,0.0,0.0,0.0,0.0,0.0,0.0,0.0,0.0,0.0,0.0,,,0.0,0,0
2026-07-11 16:59:03.345004,Central_Station,13.0827,80.2757,19,26,474,346,0.998753,False,2026-07-11 16:00:00,0.0,0.0,36.0,4.0,True,16,5,False,0.0,0.0,1.0,3.0,0.0,1.0,0.0,0.0,5.0,13.0,,,0.0,0,0
2026-07-11 16:59:03.345004,Koyambedu,13.0694,80.1948,19,19,231,231,1.0,False,2026-07-11 16:00:00,0.0,0.0,36.0,4.0,True,16,5,False,0.0,0.0,0.0,0.0,0.0,0.0,0.0,0.0,0.0,0.0,,,0.0,0,0
2026-07-11 16:59:03.345004,Vadapalani,13.0503,80.2121,25,30,331,276,1.0,False,2026-07-11 16:00:00,0.0,0.0,36.0,4.0,True,16,5,False,4.0,0.0,2.0,0.0,1.0,1.0,0.0,0.0,8.0,8.5,,,0.0,0,0
2026-07-11 16:59:03.345004,Egmore,13.0732,80.2609,25,25,1,1,1.0,False,2026-07-11 16:00:00,0.0,0.0,36.0,4.0,True,16,5,False,0.0,0.0,0.0,0.0,0.0,1.0,0.0,5.0,6.0,3.0,,,0.0,0,0
2026-07-11 17:00:25.586892,Perungudi_OMR,12.9634,80.2431,19,25,131,99,0.971884,False,2026-07-11 17:00:00,0.0,0.0,33.2,10.9,True,17,5,True,0.0,0.0,0.0,0.0,0.0,0.0,0.0,0.0,0.0,0.0,,,0.0,0,0
2026-07-11 17:00:25.586892,Tambaram,12.9249,80.1,28,28,966,966,1.0,False,2026-07-11 17:00:00,0.0,0.0,33.2,10.9,True,17,5,True,0.0,0.0,0.0,0.0,0.0,0.0,0.0,0.0,0.0,0.0,,,0.0,0,0
2026-07-11 17:00:25.586892,Chromepet,12.9516,80.1462,28,38,2549,1878,1.0,False,2026-07-11 17:00:00,0.0,0.0,33.2,10.9,True,17,5,True,0.0,0.0,0.0,0.0,0.0,0.0,0.0,0.0,0.0,0.0,,,0.0,0,0
2026-07-11 17:00:25.586892,Mylapore,13.0339,80.2698,13,18,580,419,0.816958,True,2026-07-11 17:00:00,0.0,0.0,33.2,10.9,True,17,5,True,0.0,0.0,0.0,0.0,0.0,0.0,0.0,0.0,0.0,0.0,,,0.0,0,0
2026-07-11 17:00:25.586892,Velachery_Junction,12.9791,80.2211,24,33,1791,1302,0.996619,False,2026-07-11 17:00:00,0.0,0.0,33.2,10.9,True,17,5,True,2.0,1.0,4.0,1.0,2.0,0.0,1.0,1.0,12.0,12.3,,,0.0,0,0
2026-07-11 17:00:25.586892,Anna_Nagar_Roundtana,13.085,80.2101,10,14,99,71,0.99,False,2026-07-11 17:00:00,0.0,0.0,33.2,10.9,True,17,5,True,2.0,0.0,5.0,0.0,2.0,1.0,0.0,2.0,12.0,12.0,,,0.0,0,0
2026-07-11 17:00:25.586892,Porur,13.0381,80.1564,19,19,129,129,1.0,False,2026-07-11 17:00:00,0.0,0.0,33.2,10.9,True,17,5,True,4.0,1.0,0.0,2.0,0.0,2.0,0.0,2.0,11.0,14.8,,,0.0,0,0
2026-07-11 17:00:25.586892,Thoraipakkam_OMR,12.9407,80.235,20,20,523,523,1.0,False,2026-07-11 17:00:00,0.0,0.0,33.2,10.9,True,17,5,True,0.0,0.0,0.0,0.0,0.0,0.0,0.0,0.0,0.0,0.0,,,0.0,0,0
2026-07-11 17:00:25.586892,Perambur,13.1141,80.2417,19,25,1363,1036,0.994938,False,2026-07-11 17:00:00,0.0,0.0,33.2,10.9,True,17,5,True,0.0,0.0,0.0,0.0,0.0,0.0,0.0,0.0,0.0,0.0,,,0.0,0,0
2026-07-11 17:00:25.586892,Kelambakkam_OMR,12.7925,80.2183,44,51,1551,1338,0.999633,False,2026-07-11 17:00:00,0.0,0.0,33.2,10.9,True,17,5,True,0.0,0.0,0.0,0.0,0.0,0.0,0.0,0.0,0.0,0.0,,,0.0,0,0
2026-07-11 17:00:25.586892,Egmore,13.0732,80.2609,25,25,1,1,1.0,False,2026-07-11 17:00:00,0.0,0.0,33.2,10.9,True,17,5,True,0.0,0.0,0.0,0.0,0.0,1.0,0.0,5.0,6.0,3.0,,,0.0,0,0
2026-07-11 17:00:25.586892,Ashok_Nagar,13.0385,80.2107,30,35,2388,2047,0.99963,False,2026-07-11 17:00:00,0.0,0.0,33.2,10.9,True,17,5,True,0.0,0.0,0.0,0.0,0.0,0.0,0.0,0.0,0.0,0.0,,,0.0,0,0
2026-07-11 17:00:25.586892,Vadapalani,13.0503,80.2121,26,31,318,267,1.0,False,2026-07-11 17:00:00,0.0,0.0,33.2,10.9,True,17,5,True,4.0,0.0,2.0,0.0,1.0,1.0,0.0,0.0,8.0,8.5,,,0.0,0,0
2026-07-11 17:00:25.586892,Koyambedu,13.0694,80.1948,19,19,231,231,1.0,False,2026-07-11 17:00:00,0.0,0.0,33.2,10.9,True,17,5,True,0.0,0.0,0.0,0.0,0.0,0.0,0.0,0.0,0.0,0.0,,,0.0,0,0
2026-07-11 17:00:25.586892,Central_Station,13.0827,80.2757,19,26,474,346,1.0,False,2026-07-11 17:00:00,0.0,0.0,33.2,10.9,True,17,5,True,0.0,0.0,1.0,3.0,0.0,1.0,0.0,0.0,5.0,13.0,,,0.0,0,0
2026-07-11 17:00:25.586892,Adyar_Signal,13.0064,80.257,15,25,768,460,0.953375,True,2026-07-11 17:00:00,0.0,0.0,33.2,10.9,True,17,5,True,0.0,0.0,0.0,0.0,0.0,0.0,0.0,0.0,0.0,0.0,,,0.0,0,0
2026-07-11 17:00:25.586892,Anna_Salai_Teynampet,13.0455,80.25,24,32,1752,1314,0.968595,True,2026-07-11 17:00:00,0.0,0.0,33.2,10.9,True,17,5,True,0.0,0.0,0.0,0.0,0.0,0.0,0.0,0.0,0.0,0.0,,,0.0,0,0
2026-07-11 17:00:25.586892,T_Nagar_Panagal,13.0418,80.2341,32,32,242,242,1.0,False,2026-07-11 17:00:00,0.0,0.0,33.2,10.9,True,17,5,True,0.0,0.0,0.0,0.0,0.0,0.0,0.0,0.0,0.0,0.0,,,0.0,0,0
2026-07-11 17:00:25.586892,Guindy,13.0067,80.2206,24,33,1791,1302,0.996619,False,2026-07-11 17:00:00,0.0,0.0,33.2,10.9,True,17,5,True,0.0,0.0,0.0,0.0,0.0,0.0,0.0,0.0,0.0,0.0,,,0.0,0,0
2026-07-11 17:00:25.586892,Kathipara,13.0107,80.2016,26,29,171,153,0.995573,False,2026-07-11 17:00:00,0.0,0.0,33.2,10.9,True,17,5,True,0.0,0.0,0.0,0.0,0.0,0.0,0.0,0.0,0.0,0.0,,,0.0,0,0
2026-07-11 17:05:25.582839,Velachery_Junction,12.9791,80.2211,25,33,1719,1302,0.996459,False,2026-07-11 17:00:00,0.0,0.0,33.2,10.9,True,17,5,True,2.0,1.0,4.0,1.0,2.0,0.0,1.0,1.0,12.0,12.3,,,0.0,0,0
2026-07-11 17:05:25.582839,Perungudi_OMR,12.9634,80.2431,25,25,99,99,1.0,False,2026-07-11 17:00:00,0.0,0.0,33.2,10.9,True,17,5,True,0.0,0.0,0.0,0.0,0.0,0.0,0.0,0.0,0.0,0.0,,,0.0,0,0
2026-07-11 17:05:25.582839,Kelambakkam_OMR,12.7925,80.2183,43,51,1587,1338,0.999711,False,2026-07-11 17:00:00,0.0,0.0,33.2,10.9,True,17,5,True,0.0,0.0,0.0,0.0,0.0,0.0,0.0,0.0,0.0,0.0,,,0.0,0,0
2026-07-11 17:05:25.582839,Chromepet,12.9516,80.1462,27,38,2643,1878,1.0,False,2026-07-11 17:00:00,0.0,0.0,33.2,10.9,True,17,5,True,0.0,0.0,0.0,0.0,0.0,0.0,0.0,0.0,0.0,0.0,,,0.0,0,0
2026-07-11 17:05:25.582839,Mylapore,13.0339,80.2698,14,17,538,443,0.825084,True,2026-07-11 17:00:00,0.0,0.0,33.2,10.9,True,17,5,True,0.0,0.0,0.0,0.0,0.0,0.0,0.0,0.0,0.0,0.0,,,0.0,0,0
2026-07-11 17:05:25.582839,Perambur,13.1141,80.2417,19,24,1363,1079,0.995879,False,2026-07-11 17:00:00,0.0,0.0,33.2,10.9,True,17,5,True,0.0,0.0,0.0,0.0,0.0,0.0,0.0,0.0,0.0,0.0,,,0.0,0,0
2026-07-11 17:05:25.582839,Anna_Nagar_Roundtana,13.085,80.2101,8,15,124,66,0.99,False,2026-07-11 17:00:00,0.0,0.0,33.2,10.9,True,17,5,True,2.0,0.0,5.0,0.0,2.0,1.0,0.0,2.0,12.0,12.0,,,0.0,0,0
2026-07-11 17:05:25.582839,Porur,13.0381,80.1564,19,19,129,129,1.0,False,2026-07-11 17:00:00,0.0,0.0,33.2,10.9,True,17,5,True,4.0,1.0,0.0,2.0,0.0,2.0,0.0,2.0,11.0,14.8,,,0.0,0,0
2026-07-11 17:05:25.582839,Thoraipakkam_OMR,12.9407,80.235,20,20,523,523,1.0,False,2026-07-11 17:00:00,0.0,0.0,33.2,10.9,True,17,5,True,0.0,0.0,0.0,0.0,0.0,0.0,0.0,0.0,0.0,0.0,,,0.0,0,0
2026-07-11 17:05:25.582839,Tambaram,12.9249,80.1,28,28,966,966,1.0,False,2026-07-11 17:00:00,0.0,0.0,33.2,10.9,True,17,5,True,0.0,0.0,0.0,0.0,0.0,0.0,0.0,0.0,0.0,0.0,,,0.0,0,0
2026-07-11 17:05:25.582839,Adyar_Signal,13.0064,80.257,16,25,720,460,0.955049,True,2026-07-11 17:00:00,0.0,0.0,33.2,10.9,True,17,5,True,0.0,0.0,0.0,0.0,0.0,0.0,0.0,0.0,0.0,0.0,,,0.0,0,0
2026-07-11 17:05:25.582839,Vadapalani,13.0503,80.2121,22,30,376,276,1.0,False,2026-07-11 17:00:00,0.0,0.0,33.2,10.9,True,17,5,True,4.0,0.0,2.0,0.0,1.0,1.0,0.0,0.0,8.0,8.5,,,0.0,0,0
2026-07-11 17:05:25.582839,Koyambedu,13.0694,80.1948,19,19,231,231,1.0,False,2026-07-11 17:00:00,0.0,0.0,33.2,10.9,True,17,5,True,0.0,0.0,0.0,0.0,0.0,0.0,0.0,0.0,0.0,0.0,,,0.0,0,0
2026-07-11 17:05:25.582839,Central_Station,13.0827,80.2757,20,25,450,360,1.0,False,2026-07-11 17:00:00,0.0,0.0,33.2,10.9,True,17,5,True,0.0,0.0,1.0,3.0,0.0,1.0,0.0,0.0,5.0,13.0,,,0.0,0,0
2026-07-11 17:05:25.582839,Egmore,13.0732,80.2609,19,25,2,1,1.0,False,2026-07-11 17:00:00,0.0,0.0,33.2,10.9,True,17,5,True,0.0,0.0,0.0,0.0,0.0,1.0,0.0,5.0,6.0,3.0,,,0.0,0,0
2026-07-11 17:05:25.582839,Anna_Salai_Teynampet,13.0455,80.25,24,33,1752,1274,0.968595,True,2026-07-11 17:00:00,0.0,0.0,33.2,10.9,True,17,5,True,0.0,0.0,0.0,0.0,0.0,0.0,0.0,0.0,0.0,0.0,,,0.0,0,0
2026-07-11 17:05:25.582839,T_Nagar_Panagal,13.0418,80.2341,27,31,287,250,1.0,False,2026-07-11 17:00:00,0.0,0.0,33.2,10.9,True,17,5,True,0.0,0.0,0.0,0.0,0.0,0.0,0.0,0.0,0.0,0.0,,,0.0,0,0
2026-07-11 17:05:25.582839,Guindy,13.0067,80.2206,25,33,1719,1302,0.996459,False,2026-07-11 17:00:00,0.0,0.0,33.2,10.9,True,17,5,True,0.0,0.0,0.0,0.0,0.0,0.0,0.0,0.0,0.0,0.0,,,0.0,0,0
2026-07-11 17:05:25.582839,Kathipara,13.0107,80.2016,28,28,158,158,1.0,False,2026-07-11 17:00:00,0.0,0.0,33.2,10.9,True,17,5,True,0.0,0.0,0.0,0.0,0.0,0.0,0.0,0.0,0.0,0.0,,,0.0,0,0
2026-07-11 17:05:25.582839,Ashok_Nagar,13.0385,80.2107,28,35,2559,2047,1.0,False,2026-07-11 17:00:00,0.0,0.0,33.2,10.9,True,17,5,True,0.0,0.0,0.0,0.0,0.0,0.0,0.0,0.0,0.0,0.0,,,0.0,0,0
2026-07-11 17:09:02.777906,Thoraipakkam_OMR,12.9407,80.235,20,20,523,523,1.0,False,2026-07-11 17:00:00,0.0,0.0,33.2,10.9,True,17,5,True,0.0,0.0,0.0,0.0,0.0,0.0,0.0,0.0,0.0,0.0,,,0.0,0,0
2026-07-11 17:09:02.777906,Porur,13.0381,80.1564,19,19,129,129,1.0,False,2026-07-11 17:00:00,0.0,0.0,33.2,10.9,True,17,5,True,4.0,1.0,0.0,2.0,0.0,2.0,0.0,2.0,11.0,14.8,,,0.0,0,0
2026-07-11 17:09:02.777906,Anna_Nagar_Roundtana,13.085,80.2101,8,15,124,66,0.99,False,2026-07-11 17:00:00,0.0,0.0,33.2,10.9,True,17,5,True,2.0,0.0,5.0,0.0,2.0,1.0,0.0,2.0,12.0,12.0,,,0.0,0,0
2026-07-11 17:09:02.777906,Perungudi_OMR,12.9634,80.2431,18,25,138,99,0.98,False,2026-07-11 17:00:00,0.0,0.0,33.2,10.9,True,17,5,True,0.0,0.0,0.0,0.0,0.0,0.0,0.0,0.0,0.0,0.0,,,0.0,0,0
2026-07-11 17:09:02.777906,Velachery_Junction,12.9791,80.2211,24,33,1791,1302,0.996798,False,2026-07-11 17:00:00,0.0,0.0,33.2,10.9,True,17,5,True,2.0,1.0,4.0,1.0,2.0,0.0,1.0,1.0,12.0,12.3,,,0.0,0,0
2026-07-11 17:09:02.777906,Chromepet,12.9516,80.1462,28,38,2549,1878,1.0,False,2026-07-11 17:00:00,0.0,0.0,33.2,10.9,True,17,5,True,0.0,0.0,0.0,0.0,0.0,0.0,0.0,0.0,0.0,0.0,,,0.0,0,0
2026-07-11 17:09:02.777906,Kelambakkam_OMR,12.7925,80.2183,44,51,1551,1338,0.999687,False,2026-07-11 17:00:00,0.0,0.0,33.2,10.9,True,17,5,True,0.0,0.0,0.0,0.0,0.0,0.0,0.0,0.0,0.0,0.0,,,0.0,0,0
2026-07-11 17:09:02.777906,Perambur,13.1141,80.2417,20,25,1295,1036,0.993821,False,2026-07-11 17:00:00,0.0,0.0,33.2,10.9,True,17,5,True,0.0,0.0,0.0,0.0,0.0,0.0,0.0,0.0,0.0,0.0,,,0.0,0,0
2026-07-11 17:09:02.777906,Mylapore,13.0339,80.2698,13,17,580,443,0.819487,True,2026-07-11 17:00:00,0.0,0.0,33.2,10.9,True,17,5,True,0.0,0.0,0.0,0.0,0.0,0.0,0.0,0.0,0.0,0.0,,,0.0,0,0
2026-07-11 17:09:02.777906,Tambaram,12.9249,80.1,24,28,1127,966,0.984078,False,2026-07-11 17:00:00,0.0,0.0,33.2,10.9,True,17,5,True,0.0,0.0,0.0,0.0,0.0,0.0,0.0,0.0,0.0,0.0,,,0.0,0,0
2026-07-11 17:09:02.777906,Adyar_Signal,13.0064,80.257,17,25,677,460,0.954025,True,2026-07-11 17:00:00,0.0,0.0,33.2,10.9,True,17,5,True,0.0,0.0,0.0,0.0,0.0,0.0,0.0,0.0,0.0,0.0,,,0.0,0,0
2026-07-11 17:09:02.777906,Anna_Salai_Teynampet,13.0455,80.25,24,32,1752,1314,0.968114,True,2026-07-11 17:00:00,0.0,0.0,33.2,10.9,True,17,5,True,0.0,0.0,0.0,0.0,0.0,0.0,0.0,0.0,0.0,0.0,,,0.0,0,0
2026-07-11 17:09:02.777906,Koyambedu,13.0694,80.1948,16,18,274,243,0.976293,False,2026-07-11 17:00:00,0.0,0.0,33.2,10.9,True,17,5,True,0.0,0.0,0.0,0.0,0.0,0.0,0.0,0.0,0.0,0.0,,,0.0,0,0
2026-07-11 17:09:02.777906,Central_Station,13.0827,80.2757,19,26,474,346,1.0,False,2026-07-11 17:00:00,0.0,0.0,33.2,10.9,True,17,5,True,0.0,0.0,1.0,3.0,0.0,1.0,0.0,0.0,5.0,13.0,,,0.0,0,0
2026-07-11 17:09:02.777906,Egmore,13.0732,80.2609,25,25,1,1,1.0,False,2026-07-11 17:00:00,0.0,0.0,33.2,10.9,True,17,5,True,0.0,0.0,0.0,0.0,0.0,1.0,0.0,5.0,6.0,3.0,,,0.0,0,0
2026-07-11 17:09:02.777906,Vadapalani,13.0503,80.2121,24,31,345,267,1.0,False,2026-07-11 17:00:00,0.0,0.0,33.2,10.9,True,17,5,True,4.0,0.0,2.0,0.0,1.0,1.0,0.0,0.0,8.0,8.5,,,0.0,0,0
2026-07-11 17:09:02.777906,T_Nagar_Panagal,13.0418,80.2341,25,32,310,242,1.0,False,2026-07-11 17:00:00,0.0,0.0,33.2,10.9,True,17,5,True,0.0,0.0,0.0,0.0,0.0,0.0,0.0,0.0,0.0,0.0,,,0.0,0,0
2026-07-11 17:09:02.777906,Guindy,13.0067,80.2206,24,33,1791,1302,0.996798,False,2026-07-11 17:00:00,0.0,0.0,33.2,10.9,True,17,5,True,0.0,0.0,0.0,0.0,0.0,0.0,0.0,0.0,0.0,0.0,,,0.0,0,0
2026-07-11 17:09:02.777906,Ashok_Nagar,13.0385,80.2107,28,35,2559,2047,1.0,False,2026-07-11 17:00:00,0.0,0.0,33.2,10.9,True,17,5,True,0.0,0.0,0.0,0.0,0.0,0.0,0.0,0.0,0.0,0.0,,,0.0,0,0
2026-07-11 17:09:02.777906,Kathipara,13.0107,80.2016,28,28,158,158,1.0,False,2026-07-11 17:00:00,0.0,0.0,33.2,10.9,True,17,5,True,0.0,0.0,0.0,0.0,0.0,0.0,0.0,0.0,0.0,0.0,,,0.0,0,0
2026-07-11 17:10:25.625133,Tambaram,12.9249,80.1,24,29,1127,933,0.987633,False,2026-07-11 17:00:00,0.0,0.0,33.2,10.9,True,17,5,True,0.0,0.0,0.0,0.0,0.0,0.0,0.0,0.0,0.0,0.0,,,0.0,0,0
2026-07-11 17:10:25.625133,Velachery_Junction,12.9791,80.2211,25,33,1719,1302,0.996719,False,2026-07-11 17:00:00,0.0,0.0,33.2,10.9,True,17,5,True,2.0,1.0,4.0,1.0,2.0,0.0,1.0,1.0,12.0,12.3,,,0.0,0,0
2026-07-11 17:10:25.625133,Thoraipakkam_OMR,12.9407,80.235,20,20,523,523,1.0,False,2026-07-11 17:00:00,0.0,0.0,33.2,10.9,True,17,5,True,0.0,0.0,0.0,0.0,0.0,0.0,0.0,0.0,0.0,0.0,,,0.0,0,0
2026-07-11 17:10:25.625133,Porur,13.0381,80.1564,19,19,129,129,1.0,False,2026-07-11 17:00:00,0.0,0.0,33.2,10.9,True,17,5,True,4.0,1.0,0.0,2.0,0.0,2.0,0.0,2.0,11.0,14.8,,,0.0,0,0
2026-07-11 17:10:25.625133,Anna_Nagar_Roundtana,13.085,80.2101,8,16,124,62,1.0,False,2026-07-11 17:00:00,0.0,0.0,33.2,10.9,True,17,5,True,2.0,0.0,5.0,0.0,2.0,1.0,0.0,2.0,12.0,12.0,,,0.0,0,0
2026-07-11 17:10:25.625133,Kelambakkam_OMR,12.7925,80.2183,43,50,1587,1365,0.999687,False,2026-07-11 17:00:00,0.0,0.0,33.2,10.9,True,17,5,True,0.0,0.0,0.0,0.0,0.0,0.0,0.0,0.0,0.0,0.0,,,0.0,0,0
2026-07-11 17:10:25.625133,Mylapore,13.0339,80.2698,14,17,538,443,0.819487,True,2026-07-11 17:00:00,0.0,0.0,33.2,10.9,True,17,5,True,0.0,0.0,0.0,0.0,0.0,0.0,0.0,0.0,0.0,0.0,,,0.0,0,0
2026-07-11 17:10:25.625133,Chromepet,12.9516,80.1462,28,38,2549,1878,1.0,False,2026-07-11 17:00:00,0.0,0.0,33.2,10.9,True,17,5,True,0.0,0.0,0.0,0.0,0.0,0.0,0.0,0.0,0.0,0.0,,,0.0,0,0
2026-07-11 17:10:25.625133,Perambur,13.1141,80.2417,19,25,1363,1036,0.993821,False,2026-07-11 17:00:00,0.0,0.0,33.2,10.9,True,17,5,True,0.0,0.0,0.0,0.0,0.0,0.0,0.0,0.0,0.0,0.0,,,0.0,0,0
2026-07-11 17:10:25.625133,Perungudi_OMR,12.9634,80.2431,18,25,138,99,0.98,False,2026-07-11 17:00:00,0.0,0.0,33.2,10.9,True,17,5,True,0.0,0.0,0.0,0.0,0.0,0.0,0.0,0.0,0.0,0.0,,,0.0,0,0
2026-07-11 17:10:25.625133,Guindy,13.0067,80.2206,25,33,1719,1302,0.996719,False,2026-07-11 17:00:00,0.0,0.0,33.2,10.9,True,17,5,True,0.0,0.0,0.0,0.0,0.0,0.0,0.0,0.0,0.0,0.0,,,0.0,0,0
2026-07-11 17:10:25.625133,Ashok_Nagar,13.0385,80.2107,28,35,2559,2047,0.999858,False,2026-07-11 17:00:00,0.0,0.0,33.2,10.9,True,17,5,True,0.0,0.0,0.0,0.0,0.0,0.0,0.0,0.0,0.0,0.0,,,0.0,0,0
2026-07-11 17:10:25.625133,T_Nagar_Panagal,13.0418,80.2341,24,31,323,250,1.0,False,2026-07-11 17:00:00,0.0,0.0,33.2,10.9,True,17,5,True,0.0,0.0,0.0,0.0,0.0,0.0,0.0,0.0,0.0,0.0,,,0.0,0,0
2026-07-11 17:10:25.625133,Anna_Salai_Teynampet,13.0455,80.25,24,33,1752,1274,0.968145,True,2026-07-11 17:00:00,0.0,0.0,33.2,10.9,True,17,5,True,0.0,0.0,0.0,0.0,0.0,0.0,0.0,0.0,0.0,0.0,,,0.0,0,0
2026-07-11 17:10:25.625133,Kathipara,13.0107,80.2016,28,28,158,158,1.0,False,2026-07-11 17:00:00,0.0,0.0,33.2,10.9,True,17,5,True,0.0,0.0,0.0,0.0,0.0,0.0,0.0,0.0,0.0,0.0,,,0.0,0,0
2026-07-11 17:10:25.625133,Central_Station,13.0827,80.2757,18,26,500,346,1.0,False,2026-07-11 17:00:00,0.0,0.0,33.2,10.9,True,17,5,True,0.0,0.0,1.0,3.0,0.0,1.0,0.0,0.0,5.0,13.0,,,0.0,0,0
2026-07-11 17:10:25.625133,Koyambedu,13.0694,80.1948,16,18,274,243,0.976293,False,2026-07-11 17:00:00,0.0,0.0,33.2,10.9,True,17,5,True,0.0,0.0,0.0,0.0,0.0,0.0,0.0,0.0,0.0,0.0,,,0.0,0,0
2026-07-11 17:10:25.625133,Vadapalani,13.0503,80.2121,24,30,345,276,1.0,False,2026-07-11 17:00:00,0.0,0.0,33.2,10.9,True,17,5,True,4.0,0.0,2.0,0.0,1.0,1.0,0.0,0.0,8.0,8.5,,,0.0,0,0
2026-07-11 17:10:25.625133,Adyar_Signal,13.0064,80.257,15,25,768,460,0.954022,True,2026-07-11 17:00:00,0.0,0.0,33.2,10.9,True,17,5,True,0.0,0.0,0.0,0.0,0.0,0.0,0.0,0.0,0.0,0.0,,,0.0,0,0
2026-07-11 17:10:25.625133,Egmore,13.0732,80.2609,25,25,1,1,1.0,False,2026-07-11 17:00:00,0.0,0.0,33.2,10.9,True,17,5,True,0.0,0.0,0.0,0.0,0.0,1.0,0.0,5.0,6.0,3.0,,,0.0,0,0
2026-07-11 17:16:39.050969,Perungudi_OMR,12.9634,80.2431,20,25,124,99,0.98,False,2026-07-11 17:00:00,0.0,0.0,33.2,10.9,True,17,5,True,0.0,0.0,0.0,0.0,0.0,0.0,0.0,0.0,0.0,0.0,,,0.0,0,0
2026-07-11 17:16:39.050969,Thoraipakkam_OMR,12.9407,80.235,20,20,523,523,1.0,False,2026-07-11 17:00:00,0.0,0.0,33.2,10.9,True,17,5,True,0.0,0.0,0.0,0.0,0.0,0.0,0.0,0.0,0.0,0.0,,,0.0,0,0
2026-07-11 17:16:39.050969,Anna_Nagar_Roundtana,13.085,80.2101,6,19,166,52,0.993395,False,2026-07-11 17:00:00,0.0,0.0,33.2,10.9,True,17,5,True,2.0,0.0,5.0,0.0,2.0,1.0,0.0,2.0,12.0,12.0,,,0.0,0,0
2026-07-11 17:16:39.050969,Perambur,13.1141,80.2417,18,25,1439,1036,0.994563,False,2026-07-11 17:00:00,0.0,0.0,33.2,10.9,True,17,5,True,0.0,0.0,0.0,0.0,0.0,0.0,0.0,0.0,0.0,0.0,,,0.0,0,0
2026-07-11 17:16:39.050969,Velachery_Junction,12.9791,80.2211,24,33,1791,1302,0.992166,False,2026-07-11 17:00:00,0.0,0.0,33.2,10.9,True,17,5,True,2.0,1.0,4.0,1.0,2.0,0.0,1.0,1.0,12.0,12.3,,,0.0,0,0
2026-07-11 17:16:39.050969,Chromepet,12.9516,80.1462,28,38,2549,1878,1.0,False,2026-07-11 17:00:00,0.0,0.0,33.2,10.9,True,17,5,True,0.0,0.0,0.0,0.0,0.0,0.0,0.0,0.0,0.0,0.0,,,0.0,0,0
2026-07-11 17:16:39.050969,Kelambakkam_OMR,12.7925,80.2183,42,51,1625,1338,0.999756,False,2026-07-11 17:00:00,0.0,0.0,33.2,10.9,True,17,5,True,0.0,0.0,0.0,0.0,0.0,0.0,0.0,0.0,0.0,0.0,,,0.0,0,0
2026-07-11 17:16:39.050969,Porur,13.0381,80.1564,12,19,205,129,0.99,False,2026-07-11 17:00:00,0.0,0.0,33.2,10.9,True,17,5,True,4.0,1.0,0.0,2.0,0.0,2.0,0.0,2.0,11.0,14.8,,,0.0,0,0
2026-07-11 17:16:39.050969,Mylapore,13.0339,80.2698,12,18,628,419,0.776975,True,2026-07-11 17:00:00,0.0,0.0,33.2,10.9,True,17,5,True,0.0,0.0,0.0,0.0,0.0,0.0,0.0,0.0,0.0,0.0,,,0.0,0,0
2026-07-11 17:16:39.050969,Tambaram,12.9249,80.1,28,28,966,966,1.0,False,2026-07-11 17:00:00,0.0,0.0,33.2,10.9,True,17,5,True,0.0,0.0,0.0,0.0,0.0,0.0,0.0,0.0,0.0,0.0,,,0.0,0,0
2026-07-11 17:16:39.050969,Kathipara,13.0107,80.2016,24,28,185,158,0.991146,False,2026-07-11 17:00:00,0.0,0.0,33.2,10.9,True,17,5,True,0.0,0.0,0.0,0.0,0.0,0.0,0.0,0.0,0.0,0.0,,,0.0,0,0
2026-07-11 17:16:39.050969,Central_Station,13.0827,80.2757,16,25,563,360,1.0,False,2026-07-11 17:00:00,0.0,0.0,33.2,10.9,True,17,5,True,0.0,0.0,1.0,3.0,0.0,1.0,0.0,0.0,5.0,13.0,,,0.0,0,0
2026-07-11 17:16:39.050969,Egmore,13.0732,80.2609,17,24,2,1,1.0,False,2026-07-11 17:00:00,0.0,0.0,33.2,10.9,True,17,5,True,0.0,0.0,0.0,0.0,0.0,1.0,0.0,5.0,6.0,3.0,,,0.0,0,0
2026-07-11 17:16:39.050969,Vadapalani,13.0503,80.2121,23,31,360,267,1.0,False,2026-07-11 17:00:00,0.0,0.0,33.2,10.9,True,17,5,True,4.0,0.0,2.0,0.0,1.0,1.0,0.0,0.0,8.0,8.5,,,0.0,0,0
2026-07-11 17:16:39.050969,Koyambedu,13.0694,80.1948,19,19,231,231,1.0,False,2026-07-11 17:00:00,0.0,0.0,33.2,10.9,True,17,5,True,0.0,0.0,0.0,0.0,0.0,0.0,0.0,0.0,0.0,0.0,,,0.0,0,0
2026-07-11 17:16:39.050969,Adyar_Signal,13.0064,80.257,18,25,640,460,0.953375,True,2026-07-11 17:00:00,0.0,0.0,33.2,10.9,True,17,5,True,0.0,0.0,0.0,0.0,0.0,0.0,0.0,0.0,0.0,0.0,,,0.0,0,0
2026-07-11 17:16:39.050969,Guindy,13.0067,80.2206,24,33,1791,1302,0.992655,False,2026-07-11 17:00:00,0.0,0.0,33.2,10.9,True,17,5,True,0.0,0.0,0.0,0.0,0.0,0.0,0.0,0.0,0.0,0.0,,,0.0,0,0
2026-07-11 17:16:39.050969,Anna_Salai_Teynampet,13.0455,80.25,23,32,1829,1314,0.967966,True,2026-07-11 17:00:00,0.0,0.0,33.2,10.9,True,17,5,True,0.0,0.0,0.0,0.0,0.0,0.0,0.0,0.0,0.0,0.0,,,0.0,0,0
2026-07-11 17:16:39.050969,T_Nagar_Panagal,13.0418,80.2341,24,32,323,242,1.0,False,2026-07-11 17:00:00,0.0,0.0,33.2,10.9,True,17,5,True,0.0,0.0,0.0,0.0,0.0,0.0,0.0,0.0,0.0,0.0,,,0.0,0,0
2026-07-11 17:16:39.050969,Ashok_Nagar,13.0385,80.2107,28,35,2559,2047,0.999115,False,2026-07-11 17:00:00,0.0,0.0,33.2,10.9,True,17,5,True,0.0,0.0,0.0,0.0,0.0,0.0,0.0,0.0,0.0,0.0,,,0.0,0,0
2026-07-11 17:16:43.394860,Ashok_Nagar,13.0385,80.2107,28,35,2559,2047,0.999115,False,2026-07-11 17:00:00,0.0,0.0,33.2,10.9,True,17,5,True,0.0,0.0,0.0,0.0,0.0,0.0,0.0,0.0,0.0,0.0,,,0.0,0,0
2026-07-11 17:16:43.394860,Anna_Salai_Teynampet,13.0455,80.25,23,32,1829,1314,0.967966,True,2026-07-11 17:00:00,0.0,0.0,33.2,10.9,True,17,5,True,0.0,0.0,0.0,0.0,0.0,0.0,0.0,0.0,0.0,0.0,,,0.0,0,0
2026-07-11 17:16:43.394860,Egmore,13.0732,80.2609,17,24,2,1,1.0,False,2026-07-11 17:00:00,0.0,0.0,33.2,10.9,True,17,5,True,0.0,0.0,0.0,0.0,0.0,1.0,0.0,5.0,6.0,3.0,,,0.0,0,0
2026-07-11 17:16:43.394860,Tambaram,12.9249,80.1,28,28,966,966,1.0,False,2026-07-11 17:00:00,0.0,0.0,33.2,10.9,True,17,5,True,0.0,0.0,0.0,0.0,0.0,0.0,0.0,0.0,0.0,0.0,,,0.0,0,0
2026-07-11 17:16:43.394860,Central_Station,13.0827,80.2757,17,26,529,346,1.0,False,2026-07-11 17:00:00,0.0,0.0,33.2,10.9,True,17,5,True,0.0,0.0,1.0,3.0,0.0,1.0,0.0,0.0,5.0,13.0,,,0.0,0,0
2026-07-11 17:16:43.394860,Vadapalani,13.0503,80.2121,23,31,360,267,1.0,False,2026-07-11 17:00:00,0.0,0.0,33.2,10.9,True,17,5,True,4.0,0.0,2.0,0.0,1.0,1.0,0.0,0.0,8.0,8.5,,,0.0,0,0
2026-07-11 17:16:43.394860,Kelambakkam_OMR,12.7925,80.2183,42,51,1625,1338,0.999756,False,2026-07-11 17:00:00,0.0,0.0,33.2,10.9,True,17,5,True,0.0,0.0,0.0,0.0,0.0,0.0,0.0,0.0,0.0,0.0,,,0.0,0,0
2026-07-11 17:16:43.394860,Porur,13.0381,80.1564,12,19,205,129,0.99,False,2026-07-11 17:00:00,0.0,0.0,33.2,10.9,True,17,5,True,4.0,1.0,0.0,2.0,0.0,2.0,0.0,2.0,11.0,14.8,,,0.0,0,0
2026-07-11 17:16:43.394860,Koyambedu,13.0694,80.1948,19,19,231,231,1.0,False,2026-07-11 17:00:00,0.0,0.0,33.2,10.9,True,17,5,True,0.0,0.0,0.0,0.0,0.0,0.0,0.0,0.0,0.0,0.0,,,0.0,0,0
2026-07-11 17:16:43.394860,T_Nagar_Panagal,13.0418,80.2341,24,32,323,242,1.0,False,2026-07-11 17:00:00,0.0,0.0,33.2,10.9,True,17,5,True,0.0,0.0,0.0,0.0,0.0,0.0,0.0,0.0,0.0,0.0,,,0.0,0,0
2026-07-11 17:16:43.394860,Anna_Nagar_Roundtana,13.085,80.2101,6,19,166,52,0.993395,False,2026-07-11 17:00:00,0.0,0.0,33.2,10.9,True,17,5,True,2.0,0.0,5.0,0.0,2.0,1.0,0.0,2.0,12.0,12.0,,,0.0,0,0
2026-07-11 17:16:43.394860,Guindy,13.0067,80.2206,24,33,1791,1302,0.992655,False,2026-07-11 17:00:00,0.0,0.0,33.2,10.9,True,17,5,True,0.0,0.0,0.0,0.0,0.0,0.0,0.0,0.0,0.0,0.0,,,0.0,0,0
2026-07-11 17:16:43.394860,Perambur,13.1141,80.2417,18,25,1439,1036,0.994563,False,2026-07-11 17:00:00,0.0,0.0,33.2,10.9,True,17,5,True,0.0,0.0,0.0,0.0,0.0,0.0,0.0,0.0,0.0,0.0,,,0.0,0,0
2026-07-11 17:16:43.394860,Mylapore,13.0339,80.2698,12,18,628,419,0.776975,True,2026-07-11 17:00:00,0.0,0.0,33.2,10.9,True,17,5,True,0.0,0.0,0.0,0.0,0.0,0.0,0.0,0.0,0.0,0.0,,,0.0,0,0
2026-07-11 17:16:43.394860,Chromepet,12.9516,80.1462,28,38,2549,1878,1.0,False,2026-07-11 17:00:00,0.0,0.0,33.2,10.9,True,17,5,True,0.0,0.0,0.0,0.0,0.0,0.0,0.0,0.0,0.0,0.0,,,0.0,0,0
2026-07-11 17:16:43.394860,Perungudi_OMR,12.9634,80.2431,20,25,124,99,0.98,False,2026-07-11 17:00:00,0.0,0.0,33.2,10.9,True,17,5,True,0.0,0.0,0.0,0.0,0.0,0.0,0.0,0.0,0.0,0.0,,,0.0,0,0
2026-07-11 17:16:43.394860,Velachery_Junction,12.9791,80.2211,24,33,1791,1302,0.992166,False,2026-07-11 17:00:00,0.0,0.0,33.2,10.9,True,17,5,True,2.0,1.0,4.0,1.0,2.0,0.0,1.0,1.0,12.0,12.3,,,0.0,0,0
2026-07-11 17:16:43.394860,Kathipara,13.0107,80.2016,24,28,185,158,0.991146,False,2026-07-11 17:00:00,0.0,0.0,33.2,10.9,True,17,5,True,0.0,0.0,0.0,0.0,0.0,0.0,0.0,0.0,0.0,0.0,,,0.0,0,0
2026-07-11 17:16:43.394860,Thoraipakkam_OMR,12.9407,80.235,20,20,523,523,1.0,False,2026-07-11 17:00:00,0.0,0.0,33.2,10.9,True,17,5,True,0.0,0.0,0.0,0.0,0.0,0.0,0.0,0.0,0.0,0.0,,,0.0,0,0
2026-07-11 17:16:43.394860,Adyar_Signal,13.0064,80.257,18,25,640,460,0.953375,True,2026-07-11 17:00:00,0.0,0.0,33.2,10.9,True,17,5,True,0.0,0.0,0.0,0.0,0.0,0.0,0.0,0.0,0.0,0.0,,,0.0,0,0
2026-07-11 17:16:43.862726,Koyambedu,13.0694,80.1948,19,19,231,231,1.0,False,2026-07-11 17:00:00,0.0,0.0,33.2,10.9,True,17,5,True,0.0,0.0,0.0,0.0,0.0,0.0,0.0,0.0,0.0,0.0,,,0.0,0,0
2026-07-11 17:16:43.862726,Chromepet,12.9516,80.1462,28,38,2549,1878,1.0,False,2026-07-11 17:00:00,0.0,0.0,33.2,10.9,True,17,5,True,0.0,0.0,0.0,0.0,0.0,0.0,0.0,0.0,0.0,0.0,,,0.0,0,0
2026-07-11 17:16:43.862726,Kelambakkam_OMR,12.7925,80.2183,42,51,1625,1338,0.999756,False,2026-07-11 17:00:00,0.0,0.0,33.2,10.9,True,17,5,True,0.0,0.0,0.0,0.0,0.0,0.0,0.0,0.0,0.0,0.0,,,0.0,0,0
2026-07-11 17:16:43.862726,Kathipara,13.0107,80.2016,24,28,185,158,0.991146,False,2026-07-11 17:00:00,0.0,0.0,33.2,10.9,True,17,5,True,0.0,0.0,0.0,0.0,0.0,0.0,0.0,0.0,0.0,0.0,,,0.0,0,0
2026-07-11 17:16:43.862726,Guindy,13.0067,80.2206,24,33,1791,1302,0.992655,False,2026-07-11 17:00:00,0.0,0.0,33.2,10.9,True,17,5,True,0.0,0.0,0.0,0.0,0.0,0.0,0.0,0.0,0.0,0.0,,,0.0,0,0
2026-07-11 17:16:43.862726,T_Nagar_Panagal,13.0418,80.2341,24,32,323,242,1.0,False,2026-07-11 17:00:00,0.0,0.0,33.2,10.9,True,17,5,True,0.0,0.0,0.0,0.0,0.0,0.0,0.0,0.0,0.0,0.0,,,0.0,0,0
2026-07-11 17:16:43.862726,Anna_Salai_Teynampet,13.0455,80.25,23,32,1829,1314,0.967966,True,2026-07-11 17:00:00,0.0,0.0,33.2,10.9,True,17,5,True,0.0,0.0,0.0,0.0,0.0,0.0,0.0,0.0,0.0,0.0,,,0.0,0,0
2026-07-11 17:16:43.862726,Central_Station,13.0827,80.2757,17,26,529,346,1.0,False,2026-07-11 17:00:00,0.0,0.0,33.2,10.9,True,17,5,True,0.0,0.0,1.0,3.0,0.0,1.0,0.0,0.0,5.0,13.0,,,0.0,0,0
2026-07-11 17:16:43.862726,Ashok_Nagar,13.0385,80.2107,28,35,2559,2047,0.999115,False,2026-07-11 17:00:00,0.0,0.0,33.2,10.9,True,17,5,True,0.0,0.0,0.0,0.0,0.0,0.0,0.0,0.0,0.0,0.0,,,0.0,0,0
2026-07-11 17:16:43.862726,Vadapalani,13.0503,80.2121,23,31,360,267,1.0,False,2026-07-11 17:00:00,0.0,0.0,33.2,10.9,True,17,5,True,4.0,0.0,2.0,0.0,1.0,1.0,0.0,0.0,8.0,8.5,,,0.0,0,0
2026-07-11 17:16:43.862726,Mylapore,13.0339,80.2698,12,18,628,419,0.776975,True,2026-07-11 17:00:00,0.0,0.0,33.2,10.9,True,17,5,True,0.0,0.0,0.0,0.0,0.0,0.0,0.0,0.0,0.0,0.0,,,0.0,0,0
2026-07-11 17:16:43.862726,Tambaram,12.9249,80.1,28,28,966,966,1.0,False,2026-07-11 17:00:00,0.0,0.0,33.2,10.9,True,17,5,True,0.0,0.0,0.0,0.0,0.0,0.0,0.0,0.0,0.0,0.0,,,0.0,0,0
2026-07-11 17:16:43.862726,Perungudi_OMR,12.9634,80.2431,20,25,124,99,0.98,False,2026-07-11 17:00:00,0.0,0.0,33.2,10.9,True,17,5,True,0.0,0.0,0.0,0.0,0.0,0.0,0.0,0.0,0.0,0.0,,,0.0,0,0
2026-07-11 17:16:43.862726,Thoraipakkam_OMR,12.9407,80.235,20,20,523,523,1.0,False,2026-07-11 17:00:00,0.0,0.0,33.2,10.9,True,17,5,True,0.0,0.0,0.0,0.0,0.0,0.0,0.0,0.0,0.0,0.0,,,0.0,0,0
2026-07-11 17:16:43.862726,Porur,13.0381,80.1564,12,19,205,129,0.99,False,2026-07-11 17:00:00,0.0,0.0,33.2,10.9,True,17,5,True,4.0,1.0,0.0,2.0,0.0,2.0,0.0,2.0,11.0,14.8,,,0.0,0,0
2026-07-11 17:16:43.862726,Anna_Nagar_Roundtana,13.085,80.2101,6,19,166,52,0.993395,False,2026-07-11 17:00:00,0.0,0.0,33.2,10.9,True,17,5,True,2.0,0.0,5.0,0.0,2.0,1.0,0.0,2.0,12.0,12.0,,,0.0,0,0
2026-07-11 17:16:43.862726,Perambur,13.1141,80.2417,18,25,1439,1036,0.994563,False,2026-07-11 17:00:00,0.0,0.0,33.2,10.9,True,17,5,True,0.0,0.0,0.0,0.0,0.0,0.0,0.0,0.0,0.0,0.0,,,0.0,0,0
2026-07-11 17:16:43.862726,Adyar_Signal,13.0064,80.257,18,25,640,460,0.953375,True,2026-07-11 17:00:00,0.0,0.0,33.2,10.9,True,17,5,True,0.0,0.0,0.0,0.0,0.0,0.0,0.0,0.0,0.0,0.0,,,0.0,0,0
2026-07-11 17:16:43.862726,Velachery_Junction,12.9791,80.2211,24,33,1791,1302,0.992166,False,2026-07-11 17:00:00,0.0,0.0,33.2,10.9,True,17,5,True,2.0,1.0,4.0,1.0,2.0,0.0,1.0,1.0,12.0,12.3,,,0.0,0,0
2026-07-11 17:16:43.862726,Egmore,13.0732,80.2609,17,24,2,1,1.0,False,2026-07-11 17:00:00,0.0,0.0,33.2,10.9,True,17,5,True,0.0,0.0,0.0,0.0,0.0,1.0,0.0,5.0,6.0,3.0,,,0.0,0,0
2026-07-11 17:16:51.382709,Perungudi_OMR,12.9634,80.2431,20,25,124,99,0.98,False,2026-07-11 17:00:00,0.0,0.0,33.2,10.9,True,17,5,True,0.0,0.0,0.0,0.0,0.0,0.0,0.0,0.0,0.0,0.0,,,0.0,0,0
2026-07-11 17:16:51.382709,Thoraipakkam_OMR,12.9407,80.235,20,20,523,523,1.0,False,2026-07-11 17:00:00,0.0,0.0,33.2,10.9,True,17,5,True,0.0,0.0,0.0,0.0,0.0,0.0,0.0,0.0,0.0,0.0,,,0.0,0,0
2026-07-11 17:16:51.382709,Anna_Nagar_Roundtana,13.085,80.2101,6,19,166,52,0.993395,False,2026-07-11 17:00:00,0.0,0.0,33.2,10.9,True,17,5,True,2.0,0.0,5.0,0.0,2.0,1.0,0.0,2.0,12.0,12.0,,,0.0,0,0
2026-07-11 17:16:51.382709,Kelambakkam_OMR,12.7925,80.2183,42,51,1625,1338,0.999756,False,2026-07-11 17:00:00,0.0,0.0,33.2,10.9,True,17,5,True,0.0,0.0,0.0,0.0,0.0,0.0,0.0,0.0,0.0,0.0,,,0.0,0,0
2026-07-11 17:16:51.382709,Velachery_Junction,12.9791,80.2211,24,33,1791,1302,0.992166,False,2026-07-11 17:00:00,0.0,0.0,33.2,10.9,True,17,5,True,2.0,1.0,4.0,1.0,2.0,0.0,1.0,1.0,12.0,12.3,,,0.0,0,0
2026-07-11 17:16:51.382709,Chromepet,12.9516,80.1462,28,38,2549,1878,1.0,False,2026-07-11 17:00:00,0.0,0.0,33.2,10.9,True,17,5,True,0.0,0.0,0.0,0.0,0.0,0.0,0.0,0.0,0.0,0.0,,,0.0,0,0
2026-07-11 17:16:51.382709,Tambaram,12.9249,80.1,28,28,966,966,1.0,False,2026-07-11 17:00:00,0.0,0.0,33.2,10.9,True,17,5,True,0.0,0.0,0.0,0.0,0.0,0.0,0.0,0.0,0.0,0.0,,,0.0,0,0
2026-07-11 17:16:51.382709,Perambur,13.1141,80.2417,18,25,1439,1036,0.994563,False,2026-07-11 17:00:00,0.0,0.0,33.2,10.9,True,17,5,True,0.0,0.0,0.0,0.0,0.0,0.0,0.0,0.0,0.0,0.0,,,0.0,0,0
2026-07-11 17:16:51.382709,Porur,13.0381,80.1564,12,19,205,129,0.99,False,2026-07-11 17:00:00,0.0,0.0,33.2,10.9,True,17,5,True,4.0,1.0,0.0,2.0,0.0,2.0,0.0,2.0,11.0,14.8,,,0.0,0,0
2026-07-11 17:16:51.382709,Mylapore,13.0339,80.2698,12,18,628,419,0.776975,True,2026-07-11 17:00:00,0.0,0.0,33.2,10.9,True,17,5,True,0.0,0.0,0.0,0.0,0.0,0.0,0.0,0.0,0.0,0.0,,,0.0,0,0
2026-07-11 17:16:51.382709,Kathipara,13.0107,80.2016,28,28,158,158,1.0,False,2026-07-11 17:00:00,0.0,0.0,33.2,10.9,True,17,5,True,0.0,0.0,0.0,0.0,0.0,0.0,0.0,0.0,0.0,0.0,,,0.0,0,0
2026-07-11 17:16:51.382709,Central_Station,13.0827,80.2757,17,26,529,346,1.0,False,2026-07-11 17:00:00,0.0,0.0,33.2,10.9,True,17,5,True,0.0,0.0,1.0,3.0,0.0,1.0,0.0,0.0,5.0,13.0,,,0.0,0,0
2026-07-11 17:16:51.382709,Guindy,13.0067,80.2206,24,33,1791,1302,0.992166,False,2026-07-11 17:00:00,0.0,0.0,33.2,10.9,True,17,5,True,0.0,0.0,0.0,0.0,0.0,0.0,0.0,0.0,0.0,0.0,,,0.0,0,0
2026-07-11 17:16:51.382709,T_Nagar_Panagal,13.0418,80.2341,24,32,323,242,1.0,False,2026-07-11 17:00:00,0.0,0.0,33.2,10.9,True,17,5,True,0.0,0.0,0.0,0.0,0.0,0.0,0.0,0.0,0.0,0.0,,,0.0,0,0
2026-07-11 17:16:51.382709,Anna_Salai_Teynampet,13.0455,80.25,23,32,1829,1314,0.968595,True,2026-07-11 17:00:00,0.0,0.0,33.2,10.9,True,17,5,True,0.0,0.0,0.0,0.0,0.0,0.0,0.0,0.0,0.0,0.0,,,0.0,0,0
2026-07-11 17:16:51.382709,Adyar_Signal,13.0064,80.257,18,25,640,460,0.953375,True,2026-07-11 17:00:00,0.0,0.0,33.2,10.9,True,17,5,True,0.0,0.0,0.0,0.0,0.0,0.0,0.0,0.0,0.0,0.0,,,0.0,0,0
2026-07-11 17:16:51.382709,Ashok_Nagar,13.0385,80.2107,28,35,2559,2047,0.999115,False,2026-07-11 17:00:00,0.0,0.0,33.2,10.9,True,17,5,True,0.0,0.0,0.0,0.0,0.0,0.0,0.0,0.0,0.0,0.0,,,0.0,0,0
2026-07-11 17:16:51.382709,Koyambedu,13.0694,80.1948,19,19,231,231,1.0,False,2026-07-11 17:00:00,0.0,0.0,33.2,10.9,True,17,5,True,0.0,0.0,0.0,0.0,0.0,0.0,0.0,0.0,0.0,0.0,,,0.0,0,0
2026-07-11 17:16:51.382709,Vadapalani,13.0503,80.2121,23,31,360,267,1.0,False,2026-07-11 17:00:00,0.0,0.0,33.2,10.9,True,17,5,True,4.0,0.0,2.0,0.0,1.0,1.0,0.0,0.0,8.0,8.5,,,0.0,0,0
2026-07-11 17:16:51.382709,Egmore,13.0732,80.2609,17,24,2,1,1.0,False,2026-07-11 17:00:00,0.0,0.0,33.2,10.9,True,17,5,True,0.0,0.0,0.0,0.0,0.0,1.0,0.0,5.0,6.0,3.0,,,0.0,0,0
2026-07-11 17:16:58.152969,Anna_Nagar_Roundtana,13.085,80.2101,6,19,166,52,0.993395,False,2026-07-11 17:00:00,0.0,0.0,33.2,10.9,True,17,5,True,2.0,0.0,5.0,0.0,2.0,1.0,0.0,2.0,12.0,12.0,,,0.0,0,0
2026-07-11 17:16:58.152969,Perungudi_OMR,12.9634,80.2431,20,25,124,99,0.98,False,2026-07-11 17:00:00,0.0,0.0,33.2,10.9,True,17,5,True,0.0,0.0,0.0,0.0,0.0,0.0,0.0,0.0,0.0,0.0,,,0.0,0,0
2026-07-11 17:16:58.152969,Thoraipakkam_OMR,12.9407,80.235,20,20,523,523,1.0,False,2026-07-11 17:00:00,0.0,0.0,33.2,10.9,True,17,5,True,0.0,0.0,0.0,0.0,0.0,0.0,0.0,0.0,0.0,0.0,,,0.0,0,0
2026-07-11 17:16:58.152969,Porur,13.0381,80.1564,12,19,205,129,0.99,False,2026-07-11 17:00:00,0.0,0.0,33.2,10.9,True,17,5,True,4.0,1.0,0.0,2.0,0.0,2.0,0.0,2.0,11.0,14.8,,,0.0,0,0
2026-07-11 17:16:58.152969,Velachery_Junction,12.9791,80.2211,24,33,1791,1302,0.992166,False,2026-07-11 17:00:00,0.0,0.0,33.2,10.9,True,17,5,True,2.0,1.0,4.0,1.0,2.0,0.0,1.0,1.0,12.0,12.3,,,0.0,0,0
2026-07-11 17:16:58.152969,Perambur,13.1141,80.2417,18,25,1439,1036,0.994563,False,2026-07-11 17:00:00,0.0,0.0,33.2,10.9,True,17,5,True,0.0,0.0,0.0,0.0,0.0,0.0,0.0,0.0,0.0,0.0,,,0.0,0,0
2026-07-11 17:16:58.152969,Chromepet,12.9516,80.1462,28,38,2549,1878,1.0,False,2026-07-11 17:00:00,0.0,0.0,33.2,10.9,True,17,5,True,0.0,0.0,0.0,0.0,0.0,0.0,0.0,0.0,0.0,0.0,,,0.0,0,0
2026-07-11 17:16:58.152969,Kelambakkam_OMR,12.7925,80.2183,42,51,1625,1338,0.999756,False,2026-07-11 17:00:00,0.0,0.0,33.2,10.9,True,17,5,True,0.0,0.0,0.0,0.0,0.0,0.0,0.0,0.0,0.0,0.0,,,0.0,0,0
2026-07-11 17:16:58.152969,Tambaram,12.9249,80.1,28,28,966,966,1.0,False,2026-07-11 17:00:00,0.0,0.0,33.2,10.9,True,17,5,True,0.0,0.0,0.0,0.0,0.0,0.0,0.0,0.0,0.0,0.0,,,0.0,0,0
2026-07-11 17:16:58.152969,Mylapore,13.0339,80.2698,12,18,628,419,0.776975,True,2026-07-11 17:00:00,0.0,0.0,33.2,10.9,True,17,5,True,0.0,0.0,0.0,0.0,0.0,0.0,0.0,0.0,0.0,0.0,,,0.0,0,0
2026-07-11 17:16:58.152969,Adyar_Signal,13.0064,80.257,18,25,640,460,0.953375,True,2026-07-11 17:00:00,0.0,0.0,33.2,10.9,True,17,5,True,0.0,0.0,0.0,0.0,0.0,0.0,0.0,0.0,0.0,0.0,,,0.0,0,0
2026-07-11 17:16:58.152969,Central_Station,13.0827,80.2757,17,26,529,346,1.0,False,2026-07-11 17:00:00,0.0,0.0,33.2,10.9,True,17,5,True,0.0,0.0,1.0,3.0,0.0,1.0,0.0,0.0,5.0,13.0,,,0.0,0,0
2026-07-11 17:16:58.152969,Kathipara,13.0107,80.2016,28,28,158,158,1.0,False,2026-07-11 17:00:00,0.0,0.0,33.2,10.9,True,17,5,True,0.0,0.0,0.0,0.0,0.0,0.0,0.0,0.0,0.0,0.0,,,0.0,0,0
2026-07-11 17:16:58.152969,Guindy,13.0067,80.2206,24,33,1791,1302,0.992166,False,2026-07-11 17:00:00,0.0,0.0,33.2,10.9,True,17,5,True,0.0,0.0,0.0,0.0,0.0,0.0,0.0,0.0,0.0,0.0,,,0.0,0,0
2026-07-11 17:16:58.152969,T_Nagar_Panagal,13.0418,80.2341,24,32,323,242,1.0,False,2026-07-11 17:00:00,0.0,0.0,33.2,10.9,True,17,5,True,0.0,0.0,0.0,0.0,0.0,0.0,0.0,0.0,0.0,0.0,,,0.0,0,0
2026-07-11 17:16:58.152969,Ashok_Nagar,13.0385,80.2107,28,35,2559,2047,0.999115,False,2026-07-11 17:00:00,0.0,0.0,33.2,10.9,True,17,5,True,0.0,0.0,0.0,0.0,0.0,0.0,0.0,0.0,0.0,0.0,,,0.0,0,0
2026-07-11 17:16:58.152969,Egmore,13.0732,80.2609,17,24,2,1,1.0,False,2026-07-11 17:00:00,0.0,0.0,33.2,10.9,True,17,5,True,0.0,0.0,0.0,0.0,0.0,1.0,0.0,5.0,6.0,3.0,,,0.0,0,0
2026-07-11 17:16:58.152969,Koyambedu,13.0694,80.1948,19,19,231,231,1.0,False,2026-07-11 17:00:00,0.0,0.0,33.2,10.9,True,17,5,True,0.0,0.0,0.0,0.0,0.0,0.0,0.0,0.0,0.0,0.0,,,0.0,0,0
2026-07-11 17:16:58.152969,Vadapalani,13.0503,80.2121,23,31,360,267,1.0,False,2026-07-11 17:00:00,0.0,0.0,33.2,10.9,True,17,5,True,4.0,0.0,2.0,0.0,1.0,1.0,0.0,0.0,8.0,8.5,,,0.0,0,0
2026-07-11 17:16:58.152969,Anna_Salai_Teynampet,13.0455,80.25,23,32,1829,1314,0.968595,True,2026-07-11 17:00:00,0.0,0.0,33.2,10.9,True,17,5,True,0.0,0.0,0.0,0.0,0.0,0.0,0.0,0.0,0.0,0.0,,,0.0,0,0
2026-07-11 17:18:08.564425,Velachery_Junction,12.9791,80.2211,24,33,1791,1302,0.994449,False,2026-07-11 17:00:00,0.0,0.0,33.2,10.9,True,17,5,True,2.0,1.0,4.0,1.0,2.0,0.0,1.0,1.0,12.0,12.3,,,0.0,0,0
2026-07-11 17:18:08.564425,Porur,13.0381,80.1564,13,18,189,136,0.99,False,2026-07-11 17:00:00,0.0,0.0,33.2,10.9,True,17,5,True,4.0,1.0,0.0,2.0,0.0,2.0,0.0,2.0,11.0,14.8,,,0.0,0,0
2026-07-11 17:18:08.564425,Perungudi_OMR,12.9634,80.2431,25,25,99,99,1.0,False,2026-07-11 17:00:00,0.0,0.0,33.2,10.9,True,17,5,True,0.0,0.0,0.0,0.0,0.0,0.0,0.0,0.0,0.0,0.0,,,0.0,0,0
2026-07-11 17:18:08.564425,Thoraipakkam_OMR,12.9407,80.235,20,20,523,523,1.0,False,2026-07-11 17:00:00,0.0,0.0,33.2,10.9,True,17,5,True,0.0,0.0,0.0,0.0,0.0,0.0,0.0,0.0,0.0,0.0,,,0.0,0,0
2026-07-11 17:18:08.564425,Anna_Nagar_Roundtana,13.085,80.2101,6,14,166,71,1.0,False,2026-07-11 17:00:00,0.0,0.0,33.2,10.9,True,17,5,True,2.0,0.0,5.0,0.0,2.0,1.0,0.0,2.0,12.0,12.0,,,0.0,0,0
2026-07-11 17:18:08.564425,Mylapore,13.0339,80.2698,14,17,538,443,0.759374,True,2026-07-11 17:00:00,0.0,0.0,33.2,10.9,True,17,5,True,0.0,0.0,0.0,0.0,0.0,0.0,0.0,0.0,0.0,0.0,,,0.0,0,0
2026-07-11 17:18:08.564425,Chromepet,12.9516,80.1462,27,38,2643,1878,1.0,False,2026-07-11 17:00:00,0.0,0.0,33.2,10.9,True,17,5,True,0.0,0.0,0.0,0.0,0.0,0.0,0.0,0.0,0.0,0.0,,,0.0,0,0
2026-07-11 17:18:08.564425,Kelambakkam_OMR,12.7925,80.2183,43,51,1587,1338,0.999689,False,2026-07-11 17:00:00,0.0,0.0,33.2,10.9,True,17,5,True,0.0,0.0,0.0,0.0,0.0,0.0,0.0,0.0,0.0,0.0,,,0.0,0,0
2026-07-11 17:18:08.564425,Perambur,13.1141,80.2417,19,24,1363,1079,0.994563,False,2026-07-11 17:00:00,0.0,0.0,33.2,10.9,True,17,5,True,0.0,0.0,0.0,0.0,0.0,0.0,0.0,0.0,0.0,0.0,,,0.0,0,0
2026-07-11 17:18:08.564425,Tambaram,12.9249,80.1,28,28,966,966,1.0,False,2026-07-11 17:00:00,0.0,0.0,33.2,10.9,True,17,5,True,0.0,0.0,0.0,0.0,0.0,0.0,0.0,0.0,0.0,0.0,,,0.0,0,0
2026-07-11 17:18:08.564425,Koyambedu,13.0694,80.1948,19,19,231,231,1.0,False,2026-07-11 17:00:00,0.0,0.0,33.2,10.9,True,17,5,True,0.0,0.0,0.0,0.0,0.0,0.0,0.0,0.0,0.0,0.0,,,0.0,0,0
2026-07-11 17:18:08.564425,T_Nagar_Panagal,13.0418,80.2341,25,32,310,242,1.0,False,2026-07-11 17:00:00,0.0,0.0,33.2,10.9,True,17,5,True,0.0,0.0,0.0,0.0,0.0,0.0,0.0,0.0,0.0,0.0,,,0.0,0,0
2026-07-11 17:18:08.564425,Anna_Salai_Teynampet,13.0455,80.25,23,33,1829,1274,0.967824,True,2026-07-11 17:00:00,0.0,0.0,33.2,10.9,True,17,5,True,0.0,0.0,0.0,0.0,0.0,0.0,0.0,0.0,0.0,0.0,,,0.0,0,0
2026-07-11 17:18:08.564425,Egmore,13.0732,80.2609,11,26,4,1,1.0,False,2026-07-11 17:00:00,0.0,0.0,33.2,10.9,True,17,5,True,0.0,0.0,0.0,0.0,0.0,1.0,0.0,5.0,6.0,3.0,,,0.0,0,0
2026-07-11 17:18:08.564425,Kathipara,13.0107,80.2016,28,28,158,158,1.0,False,2026-07-11 17:00:00,0.0,0.0,33.2,10.9,True,17,5,True,0.0,0.0,0.0,0.0,0.0,0.0,0.0,0.0,0.0,0.0,,,0.0,0,0
2026-07-11 17:18:08.564425,Central_Station,13.0827,80.2757,16,26,563,346,1.0,False,2026-07-11 17:00:00,0.0,0.0,33.2,10.9,True,17,5,True,0.0,0.0,1.0,3.0,0.0,1.0,0.0,0.0,5.0,13.0,,,0.0,0,0
2026-07-11 17:18:08.564425,Vadapalani,13.0503,80.2121,23,31,360,267,1.0,False,2026-07-11 17:00:00,0.0,0.0,33.2,10.9,True,17,5,True,4.0,0.0,2.0,0.0,1.0,1.0,0.0,0.0,8.0,8.5,,,0.0,0,0
2026-07-11 17:18:08.564425,Adyar_Signal,13.0064,80.257,16,25,720,460,0.955046,True,2026-07-11 17:00:00,0.0,0.0,33.2,10.9,True,17,5,True,0.0,0.0,0.0,0.0,0.0,0.0,0.0,0.0,0.0,0.0,,,0.0,0,0
2026-07-11 17:18:08.564425,Guindy,13.0067,80.2206,24,33,1791,1302,0.994449,False,2026-07-11 17:00:00,0.0,0.0,33.2,10.9,True,17,5,True,0.0,0.0,0.0,0.0,0.0,0.0,0.0,0.0,0.0,0.0,,,0.0,0,0
2026-07-11 17:18:08.564425,Ashok_Nagar,13.0385,80.2107,27,35,2654,2047,0.999229,False,2026-07-11 17:00:00,0.0,0.0,33.2,10.9,True,17,5,True,0.0,0.0,0.0,0.0,0.0,0.0,0.0,0.0,0.0,0.0,,,0.0,0,0
2026-07-11 17:18:57.850739,Kelambakkam_OMR,12.7925,80.2183,43,51,1587,1338,0.999697,False,2026-07-11 17:00:00,0.0,0.0,33.2,10.9,True,17,5,True,0.0,0.0,0.0,0.0,0.0,0.0,0.0,0.0,0.0,0.0,,,0.0,0,0
2026-07-11 17:18:57.850739,Chromepet,12.9516,80.1462,27,38,2643,1878,1.0,False,2026-07-11 17:00:00,0.0,0.0,33.2,10.9,True,17,5,True,0.0,0.0,0.0,0.0,0.0,0.0,0.0,0.0,0.0,0.0,,,0.0,0,0
2026-07-11 17:18:57.850739,Mylapore,13.0339,80.2698,14,17,538,443,0.746481,True,2026-07-11 17:00:00,0.0,0.0,33.2,10.9,True,17,5,True,0.0,0.0,0.0,0.0,0.0,0.0,0.0,0.0,0.0,0.0,,,0.0,0,0
2026-07-11 17:18:57.850739,Tambaram,12.9249,80.1,28,28,966,966,1.0,False,2026-07-11 17:00:00,0.0,0.0,33.2,10.9,True,17,5,True,0.0,0.0,0.0,0.0,0.0,0.0,0.0,0.0,0.0,0.0,,,0.0,0,0
2026-07-11 17:18:57.850739,Perungudi_OMR,12.9634,80.2431,25,25,99,99,1.0,False,2026-07-11 17:00:00,0.0,0.0,33.2,10.9,True,17,5,True,0.0,0.0,0.0,0.0,0.0,0.0,0.0,0.0,0.0,0.0,,,0.0,0,0
2026-07-11 17:18:57.850739,Thoraipakkam_OMR,12.9407,80.235,20,20,523,523,1.0,False,2026-07-11 17:00:00,0.0,0.0,33.2,10.9,True,17,5,True,0.0,0.0,0.0,0.0,0.0,0.0,0.0,0.0,0.0,0.0,,,0.0,0,0
2026-07-11 17:18:57.850739,Anna_Nagar_Roundtana,13.085,80.2101,6,15,166,66,0.99,False,2026-07-11 17:00:00,0.0,0.0,33.2,10.9,True,17,5,True,2.0,0.0,5.0,0.0,2.0,1.0,0.0,2.0,12.0,12.0,,,0.0,0,0
2026-07-11 17:18:57.850739,Velachery_Junction,12.9791,80.2211,24,33,1791,1302,0.994449,False,2026-07-11 17:00:00,0.0,0.0,33.2,10.9,True,17,5,True,2.0,1.0,4.0,1.0,2.0,0.0,1.0,1.0,12.0,12.3,,,0.0,0,0
2026-07-11 17:18:57.850739,Porur,13.0381,80.1564,14,18,175,136,0.99,False,2026-07-11 17:00:00,0.0,0.0,33.2,10.9,True,17,5,True,4.0,1.0,0.0,2.0,0.0,2.0,0.0,2.0,11.0,14.8,,,0.0,0,0
2026-07-11 17:18:57.850739,Perambur,13.1141,80.2417,20,25,1295,1036,0.994965,False,2026-07-11 17:00:00,0.0,0.0,33.2,10.9,True,17,5,True,0.0,0.0,0.0,0.0,0.0,0.0,0.0,0.0,0.0,0.0,,,0.0,0,0
2026-07-11 17:18:57.850739,Adyar_Signal,13.0064,80.257,17,25,677,460,0.955046,True,2026-07-11 17:00:00,0.0,0.0,33.2,10.9,True,17,5,True,0.0,0.0,0.0,0.0,0.0,0.0,0.0,0.0,0.0,0.0,,,0.0,0,0
2026-07-11 17:18:57.850739,Central_Station,13.0827,80.2757,18,26,500,346,1.0,False,2026-07-11 17:00:00,0.0,0.0,33.2,10.9,True,17,5,True,0.0,0.0,1.0,3.0,0.0,1.0,0.0,0.0,5.0,13.0,,,0.0,0,0
2026-07-11 17:18:57.850739,Ashok_Nagar,13.0385,80.2107,27,35,2654,2047,0.999229,False,2026-07-11 17:00:00,0.0,0.0,33.2,10.9,True,17,5,True,0.0,0.0,0.0,0.0,0.0,0.0,0.0,0.0,0.0,0.0,,,0.0,0,0
2026-07-11 17:18:57.850739,T_Nagar_Panagal,13.0418,80.2341,26,31,298,250,1.0,False,2026-07-11 17:00:00,0.0,0.0,33.2,10.9,True,17,5,True,0.0,0.0,0.0,0.0,0.0,0.0,0.0,0.0,0.0,0.0,,,0.0,0,0
2026-07-11 17:18:57.850739,Anna_Salai_Teynampet,13.0455,80.25,22,33,1912,1274,0.968595,True,2026-07-11 17:00:00,0.0,0.0,33.2,10.9,True,17,5,True,0.0,0.0,0.0,0.0,0.0,0.0,0.0,0.0,0.0,0.0,,,0.0,0,0
2026-07-11 17:18:57.850739,Guindy,13.0067,80.2206,24,32,1791,1343,0.99471,False,2026-07-11 17:00:00,0.0,0.0,33.2,10.9,True,17,5,True,0.0,0.0,0.0,0.0,0.0,0.0,0.0,0.0,0.0,0.0,,,0.0,0,0
2026-07-11 17:18:57.850739,Koyambedu,13.0694,80.1948,19,19,231,231,1.0,False,2026-07-11 17:00:00,0.0,0.0,33.2,10.9,True,17,5,True,0.0,0.0,0.0,0.0,0.0,0.0,0.0,0.0,0.0,0.0,,,0.0,0,0
2026-07-11 17:18:57.850739,Vadapalani,13.0503,80.2121,23,31,360,267,1.0,False,2026-07-11 17:00:00,0.0,0.0,33.2,10.9,True,17,5,True,4.0,0.0,2.0,0.0,1.0,1.0,0.0,0.0,8.0,8.5,,,0.0,0,0
2026-07-11 17:18:57.850739,Egmore,13.0732,80.2609,11,26,4,1,1.0,False,2026-07-11 17:00:00,0.0,0.0,33.2,10.9,True,17,5,True,0.0,0.0,0.0,0.0,0.0,1.0,0.0,5.0,6.0,3.0,,,0.0,0,0
2026-07-11 17:18:57.850739,Kathipara,13.0107,80.2016,24,28,185,158,0.991146,False,2026-07-11 17:00:00,0.0,0.0,33.2,10.9,True,17,5,True,0.0,0.0,0.0,0.0,0.0,0.0,0.0,0.0,0.0,0.0,,,0.0,0,0
2026-07-11 17:20:25.318261,Thoraipakkam_OMR,12.9407,80.235,20,20,523,523,1.0,False,2026-07-11 17:00:00,0.0,0.0,33.2,10.9,True,17,5,True,0.0,0.0,0.0,0.0,0.0,0.0,0.0,0.0,0.0,0.0,,,0.0,0,0
2026-07-11 17:20:25.318261,Kelambakkam_OMR,12.7925,80.2183,44,51,1551,1338,0.999697,False,2026-07-11 17:00:00,0.0,0.0,33.2,10.9,True,17,5,True,0.0,0.0,0.0,0.0,0.0,0.0,0.0,0.0,0.0,0.0,,,0.0,0,0
2026-07-11 17:20:25.318261,Velachery_Junction,12.9791,80.2211,23,33,1869,1302,0.993714,False,2026-07-11 17:00:00,0.0,0.0,33.2,10.9,True,17,5,True,2.0,1.0,4.0,1.0,2.0,0.0,1.0,1.0,12.0,12.3,,,0.0,0,0
2026-07-11 17:20:25.318261,Chromepet,12.9516,80.1462,28,38,2549,1878,1.0,False,2026-07-11 17:00:00,0.0,0.0,33.2,10.9,True,17,5,True,0.0,0.0,0.0,0.0,0.0,0.0,0.0,0.0,0.0,0.0,,,0.0,0,0
2026-07-11 17:20:25.318261,Mylapore,13.0339,80.2698,15,17,503,443,0.778942,True,2026-07-11 17:00:00,0.0,0.0,33.2,10.9,True,17,5,True,0.0,0.0,0.0,0.0,0.0,0.0,0.0,0.0,0.0,0.0,,,0.0,0,0
2026-07-11 17:20:25.318261,Perambur,13.1141,80.2417,20,25,1295,1036,0.992192,False,2026-07-11 17:00:00,0.0,0.0,33.2,10.9,True,17,5,True,0.0,0.0,0.0,0.0,0.0,0.0,0.0,0.0,0.0,0.0,,,0.0,0,0
2026-07-11 17:20:25.318261,Anna_Nagar_Roundtana,13.085,80.2101,7,14,142,71,1.0,False,2026-07-11 17:00:00,0.0,0.0,33.2,10.9,True,17,5,True,2.0,0.0,5.0,0.0,2.0,1.0,0.0,2.0,12.0,12.0,,,0.0,0,0
2026-07-11 17:20:25.318261,Porur,13.0381,80.1564,19,19,129,129,1.0,False,2026-07-11 17:00:00,0.0,0.0,33.2,10.9,True,17,5,True,4.0,1.0,0.0,2.0,0.0,2.0,0.0,2.0,11.0,14.8,,,0.0,0,0
2026-07-11 17:20:25.318261,Perungudi_OMR,12.9634,80.2431,25,25,99,99,1.0,False,2026-07-11 17:00:00,0.0,0.0,33.2,10.9,True,17,5,True,0.0,0.0,0.0,0.0,0.0,0.0,0.0,0.0,0.0,0.0,,,0.0,0,0
2026-07-11 17:20:25.318261,Tambaram,12.9249,80.1,28,28,966,966,1.0,False,2026-07-11 17:00:00,0.0,0.0,33.2,10.9,True,17,5,True,0.0,0.0,0.0,0.0,0.0,0.0,0.0,0.0,0.0,0.0,,,0.0,0,0
2026-07-11 17:20:25.318261,Vadapalani,13.0503,80.2121,22,30,376,276,1.0,False,2026-07-11 17:00:00,0.0,0.0,33.2,10.9,True,17,5,True,4.0,0.0,2.0,0.0,1.0,1.0,0.0,0.0,8.0,8.5,,,0.0,0,0
2026-07-11 17:20:25.318261,Central_Station,13.0827,80.2757,17,26,529,346,1.0,False,2026-07-11 17:00:00,0.0,0.0,33.2,10.9,True,17,5,True,0.0,0.0,1.0,3.0,0.0,1.0,0.0,0.0,5.0,13.0,,,0.0,0,0
2026-07-11 17:20:25.318261,Egmore,13.0732,80.2609,15,24,3,1,1.0,False,2026-07-11 17:00:00,0.0,0.0,33.2,10.9,True,17,5,True,0.0,0.0,0.0,0.0,0.0,1.0,0.0,5.0,6.0,3.0,,,0.0,0,0
2026-07-11 17:20:25.318261,Anna_Salai_Teynampet,13.0455,80.25,23,33,1829,1274,0.967966,True,2026-07-11 17:00:00,0.0,0.0,33.2,10.9,True,17,5,True,0.0,0.0,0.0,0.0,0.0,0.0,0.0,0.0,0.0,0.0,,,0.0,0,0
2026-07-11 17:20:25.318261,T_Nagar_Panagal,13.0418,80.2341,26,31,298,250,1.0,False,2026-07-11 17:00:00,0.0,0.0,33.2,10.9,True,17,5,True,0.0,0.0,0.0,0.0,0.0,0.0,0.0,0.0,0.0,0.0,,,0.0,0,0
2026-07-11 17:20:25.318261,Guindy,13.0067,80.2206,23,33,1869,1302,0.994718,False,2026-07-11 17:00:00,0.0,0.0,33.2,10.9,True,17,5,True,0.0,0.0,0.0,0.0,0.0,0.0,0.0,0.0,0.0,0.0,,,0.0,0,0
2026-07-11 17:20:25.318261,Kathipara,13.0107,80.2016,24,28,185,158,0.995573,False,2026-07-11 17:00:00,0.0,0.0,33.2,10.9,True,17,5,True,0.0,0.0,0.0,0.0,0.0,0.0,0.0,0.0,0.0,0.0,,,0.0,0,0
2026-07-11 17:20:25.318261,Ashok_Nagar,13.0385,80.2107,27,35,2654,2047,0.999229,False,2026-07-11 17:00:00,0.0,0.0,33.2,10.9,True,17,5,True,0.0,0.0,0.0,0.0,0.0,0.0,0.0,0.0,0.0,0.0,,,0.0,0,0
2026-07-11 17:20:25.318261,Koyambedu,13.0694,80.1948,19,19,231,231,1.0,False,2026-07-11 17:00:00,0.0,0.0,33.2,10.9,True,17,5,True,0.0,0.0,0.0,0.0,0.0,0.0,0.0,0.0,0.0,0.0,,,0.0,0,0
2026-07-11 17:20:25.318261,Adyar_Signal,13.0064,80.257,17,25,677,460,0.955043,True,2026-07-11 17:00:00,0.0,0.0,33.2,10.9,True,17,5,True,0.0,0.0,0.0,0.0,0.0,0.0,0.0,0.0,0.0,0.0,,,0.0,0,0
2026-07-11 17:40:25.590119,Anna_Nagar_Roundtana,13.085,80.2101,7,16,142,62,0.99,False,2026-07-11 17:00:00,0.0,0.0,33.2,10.9,True,17,5,True,2.0,0.0,5.0,0.0,2.0,1.0,0.0,2.0,12.0,12.0,,,0.0,0,0
2026-07-11 17:40:25.590119,Perungudi_OMR,12.9634,80.2431,25,25,99,99,1.0,False,2026-07-11 17:00:00,0.0,0.0,33.2,10.9,True,17,5,True,0.0,0.0,0.0,0.0,0.0,0.0,0.0,0.0,0.0,0.0,,,0.0,0,0
2026-07-11 17:40:25.590119,Thoraipakkam_OMR,12.9407,80.235,20,20,523,523,1.0,False,2026-07-11 17:00:00,0.0,0.0,33.2,10.9,True,17,5,True,0.0,0.0,0.0,0.0,0.0,0.0,0.0,0.0,0.0,0.0,,,0.0,0,0
2026-07-11 17:40:25.590119,Porur,13.0381,80.1564,11,18,223,136,0.98,False,2026-07-11 17:00:00,0.0,0.0,33.2,10.9,True,17,5,True,4.0,1.0,0.0,2.0,0.0,2.0,0.0,2.0,11.0,14.8,,,0.0,0,0
2026-07-11 17:40:25.590119,Kelambakkam_OMR,12.7925,80.2183,41,50,1664,1365,0.998749,False,2026-07-11 17:00:00,0.0,0.0,33.2,10.9,True,17,5,True,0.0,0.0,0.0,0.0,0.0,0.0,0.0,0.0,0.0,0.0,,,0.0,0,0
2026-07-11 17:40:25.590119,Perambur,13.1141,80.2417,18,24,1439,1079,0.99237,False,2026-07-11 17:00:00,0.0,0.0,33.2,10.9,True,17,5,True,0.0,0.0,0.0,0.0,0.0,0.0,0.0,0.0,0.0,0.0,,,0.0,0,0
2026-07-11 17:40:25.590119,Mylapore,13.0339,80.2698,14,17,538,443,0.787855,True,2026-07-11 17:00:00,0.0,0.0,33.2,10.9,True,17,5,True,0.0,0.0,0.0,0.0,0.0,0.0,0.0,0.0,0.0,0.0,,,0.0,0,0
2026-07-11 17:40:25.590119,Chromepet,12.9516,80.1462,29,38,2461,1878,1.0,False,2026-07-11 17:00:00,0.0,0.0,33.2,10.9,True,17,5,True,0.0,0.0,0.0,0.0,0.0,0.0,0.0,0.0,0.0,0.0,,,0.0,0,0
2026-07-11 17:40:25.590119,Velachery_Junction,12.9791,80.2211,24,33,1791,1302,0.99729,False,2026-07-11 17:00:00,0.0,0.0,33.2,10.9,True,17,5,True,2.0,1.0,4.0,1.0,2.0,0.0,1.0,1.0,12.0,12.3,,,0.0,0,0
2026-07-11 17:40:25.590119,Tambaram,12.9249,80.1,28,28,966,966,1.0,False,2026-07-11 17:00:00,0.0,0.0,33.2,10.9,True,17,5,True,0.0,0.0,0.0,0.0,0.0,0.0,0.0,0.0,0.0,0.0,,,0.0,0,0
2026-07-11 17:40:25.590119,Egmore,13.0732,80.2609,11,24,4,1,1.0,False,2026-07-11 17:00:00,0.0,0.0,33.2,10.9,True,17,5,True,0.0,0.0,0.0,0.0,0.0,1.0,0.0,5.0,6.0,3.0,,,0.0,0,0
2026-07-11 17:40:25.590119,Vadapalani,13.0503,80.2121,21,31,394,267,1.0,False,2026-07-11 17:00:00,0.0,0.0,33.2,10.9,True,17,5,True,4.0,0.0,2.0,0.0,1.0,1.0,0.0,0.0,8.0,8.5,,,0.0,0,0
2026-07-11 17:40:25.590119,Kathipara,13.0107,80.2016,28,28,158,158,1.0,False,2026-07-11 17:00:00,0.0,0.0,33.2,10.9,True,17,5,True,0.0,0.0,0.0,0.0,0.0,0.0,0.0,0.0,0.0,0.0,,,0.0,0,0
2026-07-11 17:40:25.590119,Guindy,13.0067,80.2206,24,33,1791,1302,0.99729,False,2026-07-11 17:00:00,0.0,0.0,33.2,10.9,True,17,5,True,0.0,0.0,0.0,0.0,0.0,0.0,0.0,0.0,0.0,0.0,,,0.0,0,0
2026-07-11 17:40:25.590119,T_Nagar_Panagal,13.0418,80.2341,27,32,287,242,1.0,False,2026-07-11 17:00:00,0.0,0.0,33.2,10.9,True,17,5,True,0.0,0.0,0.0,0.0,0.0,0.0,0.0,0.0,0.0,0.0,,,0.0,0,0
2026-07-11 17:40:25.590119,Adyar_Signal,13.0064,80.257,13,25,886,460,0.954256,True,2026-07-11 17:00:00,0.0,0.0,33.2,10.9,True,17,5,True,0.0,0.0,0.0,0.0,0.0,0.0,0.0,0.0,0.0,0.0,,,0.0,0,0
2026-07-11 17:40:25.590119,Ashok_Nagar,13.0385,80.2107,28,35,2559,2047,0.999102,False,2026-07-11 17:00:00,0.0,0.0,33.2,10.9,True,17,5,True,0.0,0.0,0.0,0.0,0.0,0.0,0.0,0.0,0.0,0.0,,,0.0,0,0
2026-07-11 17:40:25.590119,Central_Station,13.0827,80.2757,16,26,563,346,1.0,False,2026-07-11 17:00:00,0.0,0.0,33.2,10.9,True,17,5,True,0.0,0.0,1.0,3.0,0.0,1.0,0.0,0.0,5.0,13.0,,,0.0,0,0
2026-07-11 17:40:25.590119,Koyambedu,13.0694,80.1948,16,18,274,243,0.940235,False,2026-07-11 17:00:00,0.0,0.0,33.2,10.9,True,17,5,True,0.0,0.0,0.0,0.0,0.0,0.0,0.0,0.0,0.0,0.0,,,0.0,0,0
2026-07-11 17:40:25.590119,Anna_Salai_Teynampet,13.0455,80.25,21,32,2003,1314,0.968595,True,2026-07-11 17:00:00,0.0,0.0,33.2,10.9,True,17,5,True,0.0,0.0,0.0,0.0,0.0,0.0,0.0,0.0,0.0,0.0,,,0.0,0,0
2026-07-11 18:05:25.303510,Kelambakkam_OMR,12.7925,80.2183,39,51,1750,1338,0.997396,False,2026-07-11 18:00:00,0.0,0.0,32.0,13.0,True,18,5,True,0.0,0.0,0.0,0.0,0.0,0.0,0.0,0.0,0.0,0.0,,,0.0,0,0
2026-07-11 18:05:25.303510,Tambaram,12.9249,80.1,23,28,1177,966,0.992464,False,2026-07-11 18:00:00,0.0,0.0,32.0,13.0,True,18,5,True,0.0,0.0,0.0,0.0,0.0,0.0,0.0,0.0,0.0,0.0,,,0.0,0,0
2026-07-11 18:05:25.303510,Thoraipakkam_OMR,12.9407,80.235,20,20,523,523,1.0,False,2026-07-11 18:00:00,0.0,0.0,32.0,13.0,True,18,5,True,0.0,0.0,0.0,0.0,0.0,0.0,0.0,0.0,0.0,0.0,,,0.0,0,0
2026-07-11 18:05:25.303510,Porur,13.0381,80.1564,15,19,164,129,0.99,False,2026-07-11 18:00:00,0.0,0.0,32.0,13.0,True,18,5,True,4.0,1.0,0.0,2.0,0.0,2.0,0.0,2.0,11.0,14.8,,,0.0,0,0
2026-07-11 18:05:25.303510,Perungudi_OMR,12.9634,80.2431,14,25,177,99,0.99,False,2026-07-11 18:00:00,0.0,0.0,32.0,13.0,True,18,5,True,0.0,0.0,0.0,0.0,0.0,0.0,0.0,0.0,0.0,0.0,,,0.0,0,0
2026-07-11 18:05:25.303510,Perambur,13.1141,80.2417,19,25,1363,1036,0.997112,False,2026-07-11 18:00:00,0.0,0.0,32.0,13.0,True,18,5,True,0.0,0.0,0.0,0.0,0.0,0.0,0.0,0.0,0.0,0.0,,,0.0,0,0
2026-07-11 18:05:25.303510,Mylapore,13.0339,80.2698,14,17,538,443,0.834674,True,2026-07-11 18:00:00,0.0,0.0,32.0,13.0,True,18,5,True,0.0,0.0,0.0,0.0,0.0,0.0,0.0,0.0,0.0,0.0,,,0.0,0,0
2026-07-11 18:05:25.303510,Chromepet,12.9516,80.1462,29,38,2461,1878,1.0,False,2026-07-11 18:00:00,0.0,0.0,32.0,13.0,True,18,5,True,0.0,0.0,0.0,0.0,0.0,0.0,0.0,0.0,0.0,0.0,,,0.0,0,0
2026-07-11 18:05:25.303510,Velachery_Junction,12.9791,80.2211,23,33,1869,1302,0.997969,False,2026-07-11 18:00:00,0.0,0.0,32.0,13.0,True,18,5,True,2.0,1.0,4.0,1.0,2.0,0.0,1.0,1.0,12.0,12.3,,,0.0,0,0
2026-07-11 18:05:25.303510,Anna_Nagar_Roundtana,13.085,80.2101,6,16,166,62,0.98,False,2026-07-11 18:00:00,0.0,0.0,32.0,13.0,True,18,5,True,2.0,0.0,5.0,0.0,2.0,1.0,0.0,2.0,12.0,12.0,,,0.0,0,0
2026-07-11 18:05:25.303510,Ashok_Nagar,13.0385,80.2107,27,35,2654,2047,1.0,False,2026-07-11 18:00:00,0.0,0.0,32.0,13.0,True,18,5,True,0.0,0.0,0.0,0.0,0.0,0.0,0.0,0.0,0.0,0.0,,,0.0,0,0
2026-07-11 18:05:25.303510,Kathipara,13.0107,80.2016,24,27,185,164,0.997313,False,2026-07-11 18:00:00,0.0,0.0,32.0,13.0,True,18,5,True,0.0,0.0,0.0,0.0,0.0,0.0,0.0,0.0,0.0,0.0,,,0.0,0,0
2026-07-11 18:05:25.303510,Vadapalani,13.0503,80.2121,24,30,345,276,1.0,False,2026-07-11 18:00:00,0.0,0.0,32.0,13.0,True,18,5,True,4.0,0.0,2.0,0.0,1.0,1.0,0.0,0.0,8.0,8.5,,,0.0,0,0
2026-07-11 18:05:25.303510,Koyambedu,13.0694,80.1948,19,19,231,231,1.0,False,2026-07-11 18:00:00,0.0,0.0,32.0,13.0,True,18,5,True,0.0,0.0,0.0,0.0,0.0,0.0,0.0,0.0,0.0,0.0,,,0.0,0,0
2026-07-11 18:05:25.303510,Central_Station,13.0827,80.2757,16,27,563,333,1.0,False,2026-07-11 18:00:00,0.0,0.0,32.0,13.0,True,18,5,True,0.0,0.0,1.0,3.0,0.0,1.0,0.0,0.0,5.0,13.0,,,0.0,0,0
2026-07-11 18:05:25.303510,Egmore,13.0732,80.2609,20,25,2,1,1.0,False,2026-07-11 18:00:00,0.0,0.0,32.0,13.0,True,18,5,True,0.0,0.0,0.0,0.0,0.0,1.0,0.0,5.0,6.0,3.0,,,0.0,0,0
2026-07-11 18:05:25.303510,Anna_Salai_Teynampet,13.0455,80.25,21,33,2003,1274,0.967966,True,2026-07-11 18:00:00,0.0,0.0,32.0,13.0,True,18,5,True,0.0,0.0,0.0,0.0,0.0,0.0,0.0,0.0,0.0,0.0,,,0.0,0,0
2026-07-11 18:05:25.303510,T_Nagar_Panagal,13.0418,80.2341,23,32,337,242,1.0,False,2026-07-11 18:00:00,0.0,0.0,32.0,13.0,True,18,5,True,0.0,0.0,0.0,0.0,0.0,0.0,0.0,0.0,0.0,0.0,,,0.0,0,0
2026-07-11 18:05:25.303510,Guindy,13.0067,80.2206,23,33,1869,1302,0.997969,False,2026-07-11 18:00:00,0.0,0.0,32.0,13.0,True,18,5,True,0.0,0.0,0.0,0.0,0.0,0.0,0.0,0.0,0.0,0.0,,,0.0,0,0
2026-07-11 18:05:25.303510,Adyar_Signal,13.0064,80.257,14,24,822,480,0.955941,True,2026-07-11 18:00:00,0.0,0.0,32.0,13.0,True,18,5,True,0.0,0.0,0.0,0.0,0.0,0.0,0.0,0.0,0.0,0.0,,,0.0,0,0
2026-07-11 18:45:25.405077,Perungudi_OMR,12.9634,80.2431,25,25,99,99,1.0,False,2026-07-11 18:00:00,0.0,0.0,32.0,13.0,True,18,5,True,0.0,0.0,0.0,0.0,0.0,0.0,0.0,0.0,0.0,0.0,,,0.0,0,0
2026-07-11 18:45:25.405077,Tambaram,12.9249,80.1,21,28,1289,966,0.989944,False,2026-07-11 18:00:00,0.0,0.0,32.0,13.0,True,18,5,True,0.0,0.0,0.0,0.0,0.0,0.0,0.0,0.0,0.0,0.0,,,0.0,0,0
2026-07-11 18:45:25.405077,Chromepet,12.9516,80.1462,28,38,2549,1878,1.0,False,2026-07-11 18:00:00,0.0,0.0,32.0,13.0,True,18,5,True,0.0,0.0,0.0,0.0,0.0,0.0,0.0,0.0,0.0,0.0,,,0.0,0,0
2026-07-11 18:45:25.405077,Mylapore,13.0339,80.2698,14,17,538,443,0.816448,True,2026-07-11 18:00:00,0.0,0.0,32.0,13.0,True,18,5,True,0.0,0.0,0.0,0.0,0.0,0.0,0.0,0.0,0.0,0.0,,,0.0,0,0
2026-07-11 18:45:25.405077,Perambur,13.1141,80.2417,16,25,1618,1036,0.997607,False,2026-07-11 18:00:00,0.0,0.0,32.0,13.0,True,18,5,True,0.0,0.0,0.0,0.0,0.0,0.0,0.0,0.0,0.0,0.0,,,0.0,0,0
2026-07-11 18:45:25.405077,Anna_Nagar_Roundtana,13.085,80.2101,12,15,83,66,0.98,False,2026-07-11 18:00:00,0.0,0.0,32.0,13.0,True,18,5,True,2.0,0.0,5.0,0.0,2.0,1.0,0.0,2.0,12.0,12.0,,,0.0,0,0
2026-07-11 18:45:25.405077,Porur,13.0381,80.1564,19,19,129,129,1.0,False,2026-07-11 18:00:00,0.0,0.0,32.0,13.0,True,18,5,True,4.0,1.0,0.0,2.0,0.0,2.0,0.0,2.0,11.0,14.8,,,0.0,0,0
2026-07-11 18:45:25.405077,Thoraipakkam_OMR,12.9407,80.235,20,20,523,523,1.0,False,2026-07-11 18:00:00,0.0,0.0,32.0,13.0,True,18,5,True,0.0,0.0,0.0,0.0,0.0,0.0,0.0,0.0,0.0,0.0,,,0.0,0,0
2026-07-11 18:45:25.405077,Kelambakkam_OMR,12.7925,80.2183,39,51,1750,1338,0.998596,False,2026-07-11 18:00:00,0.0,0.0,32.0,13.0,True,18,5,True,0.0,0.0,0.0,0.0,0.0,0.0,0.0,0.0,0.0,0.0,,,0.0,0,0
2026-07-11 18:45:25.405077,Velachery_Junction,12.9791,80.2211,22,33,1954,1302,0.994076,False,2026-07-11 18:00:00,0.0,0.0,32.0,13.0,True,18,5,True,2.0,1.0,4.0,1.0,2.0,0.0,1.0,1.0,12.0,12.3,,,0.0,0,0
2026-07-11 18:45:25.405077,Guindy,13.0067,80.2206,22,33,1954,1302,0.994076,False,2026-07-11 18:00:00,0.0,0.0,32.0,13.0,True,18,5,True,0.0,0.0,0.0,0.0,0.0,0.0,0.0,0.0,0.0,0.0,,,0.0,0,0
2026-07-11 18:45:25.405077,T_Nagar_Panagal,13.0418,80.2341,20,31,388,250,1.0,False,2026-07-11 18:00:00,0.0,0.0,32.0,13.0,True,18,5,True,0.0,0.0,0.0,0.0,0.0,0.0,0.0,0.0,0.0,0.0,,,0.0,0,0
2026-07-11 18:45:25.405077,Anna_Salai_Teynampet,13.0455,80.25,22,33,1912,1274,0.967966,True,2026-07-11 18:00:00,0.0,0.0,32.0,13.0,True,18,5,True,0.0,0.0,0.0,0.0,0.0,0.0,0.0,0.0,0.0,0.0,,,0.0,0,0
2026-07-11 18:45:25.405077,Adyar_Signal,13.0064,80.257,12,26,960,443,0.955281,True,2026-07-11 18:00:00,0.0,0.0,32.0,13.0,True,18,5,True,0.0,0.0,0.0,0.0,0.0,0.0,0.0,0.0,0.0,0.0,,,0.0,0,0
2026-07-11 18:45:25.405077,Central_Station,13.0827,80.2757,12,26,750,346,1.0,False,2026-07-11 18:00:00,0.0,0.0,32.0,13.0,True,18,5,True,0.0,0.0,1.0,3.0,0.0,1.0,0.0,0.0,5.0,13.0,,,0.0,0,0
2026-07-11 18:45:25.405077,Koyambedu,13.0694,80.1948,15,19,292,231,0.897315,False,2026-07-11 18:00:00,0.0,0.0,32.0,13.0,True,18,5,True,0.0,0.0,0.0,0.0,0.0,0.0,0.0,0.0,0.0,0.0,,,0.0,0,0
2026-07-11 18:45:25.405077,Vadapalani,13.0503,80.2121,18,29,460,285,1.0,False,2026-07-11 18:00:00,0.0,0.0,32.0,13.0,True,18,5,True,4.0,0.0,2.0,0.0,1.0,1.0,0.0,0.0,8.0,8.5,,,0.0,0,0
2026-07-11 18:45:25.405077,Ashok_Nagar,13.0385,80.2107,25,35,2866,2047,0.998172,False,2026-07-11 18:00:00,0.0,0.0,32.0,13.0,True,18,5,True,0.0,0.0,0.0,0.0,0.0,0.0,0.0,0.0,0.0,0.0,,,0.0,0,0
2026-07-11 18:45:25.405077,Egmore,13.0732,80.2609,14,25,3,1,1.0,False,2026-07-11 18:00:00,0.0,0.0,32.0,13.0,True,18,5,True,0.0,0.0,0.0,0.0,0.0,1.0,0.0,5.0,6.0,3.0,,,0.0,0,0
2026-07-11 19:05:26.046476,Chromepet,12.9516,80.1462,27,38,2643,1878,1.0,False,2026-07-11 19:00:00,0.0,0.0,31.3,8.8,True,19,5,True,0.0,0.0,0.0,0.0,0.0,0.0,0.0,0.0,0.0,0.0,,,0.0,0,0
2026-07-11 19:05:26.046476,Mylapore,13.0339,80.2698,14,17,538,443,0.778942,True,2026-07-11 19:00:00,0.0,0.0,31.3,8.8,True,19,5,True,0.0,0.0,0.0,0.0,0.0,0.0,0.0,0.0,0.0,0.0,,,0.0,0,0
2026-07-11 19:05:26.046476,Perambur,13.1141,80.2417,14,24,1850,1079,0.997412,False,2026-07-11 19:00:00,0.0,0.0,31.3,8.8,True,19,5,True,0.0,0.0,0.0,0.0,0.0,0.0,0.0,0.0,0.0,0.0,,,0.0,0,0
2026-07-11 19:05:26.046476,Velachery_Junction,12.9791,80.2211,21,32,2047,1343,0.998972,False,2026-07-11 19:00:00,0.0,0.0,31.3,8.8,True,19,5,True,2.0,1.0,4.0,1.0,2.0,0.0,1.0,1.0,12.0,12.3,,,0.0,0,0
2026-07-11 19:05:26.046476,Anna_Nagar_Roundtana,13.085,80.2101,3,13,332,76,0.980869,False,2026-07-11 19:00:00,0.0,0.0,31.3,8.8,True,19,5,True,2.0,0.0,5.0,0.0,2.0,1.0,0.0,2.0,12.0,12.0,,,0.0,0,0
2026-07-11 19:05:26.046476,Thoraipakkam_OMR,12.9407,80.235,20,20,523,523,1.0,False,2026-07-11 19:00:00,0.0,0.0,31.3,8.8,True,19,5,True,0.0,0.0,0.0,0.0,0.0,0.0,0.0,0.0,0.0,0.0,,,0.0,0,0
2026-07-11 19:05:26.046476,Perungudi_OMR,12.9634,80.2431,25,25,99,99,1.0,False,2026-07-11 19:00:00,0.0,0.0,31.3,8.8,True,19,5,True,0.0,0.0,0.0,0.0,0.0,0.0,0.0,0.0,0.0,0.0,,,0.0,0,0
2026-07-11 19:05:26.046476,Kelambakkam_OMR,12.7925,80.2183,39,51,1750,1338,0.996321,False,2026-07-11 19:00:00,0.0,0.0,31.3,8.8,True,19,5,True,0.0,0.0,0.0,0.0,0.0,0.0,0.0,0.0,0.0,0.0,,,0.0,0,0
2026-07-11 19:05:26.046476,Porur,13.0381,80.1564,11,18,223,136,0.984676,False,2026-07-11 19:00:00,0.0,0.0,31.3,8.8,True,19,5,True,4.0,1.0,0.0,2.0,0.0,2.0,0.0,2.0,11.0,14.8,,,0.0,0,0
2026-07-11 19:05:26.046476,Tambaram,12.9249,80.1,20,28,1353,966,0.98813,False,2026-07-11 19:00:00,0.0,0.0,31.3,8.8,True,19,5,True,0.0,0.0,0.0,0.0,0.0,0.0,0.0,0.0,0.0,0.0,,,0.0,0,0
2026-07-11 19:05:26.046476,Koyambedu,13.0694,80.1948,19,19,231,231,1.0,False,2026-07-11 19:00:00,0.0,0.0,31.3,8.8,True,19,5,True,0.0,0.0,0.0,0.0,0.0,0.0,0.0,0.0,0.0,0.0,,,0.0,0,0
2026-07-11 19:05:26.046476,T_Nagar_Panagal,13.0418,80.2341,20,31,388,250,1.0,False,2026-07-11 19:00:00,0.0,0.0,31.3,8.8,True,19,5,True,0.0,0.0,0.0,0.0,0.0,0.0,0.0,0.0,0.0,0.0,,,0.0,0,0
2026-07-11 19:05:26.046476,Central_Station,13.0827,80.2757,14,26,643,346,0.999145,False,2026-07-11 19:00:00,0.0,0.0,31.3,8.8,True,19,5,True,0.0,0.0,1.0,3.0,0.0,1.0,0.0,0.0,5.0,13.0,,,0.0,0,0
2026-07-11 19:05:26.046476,Egmore,13.0732,80.2609,13,24,3,1,1.0,False,2026-07-11 19:00:00,0.0,0.0,31.3,8.8,True,19,5,True,0.0,0.0,0.0,0.0,0.0,1.0,0.0,5.0,6.0,3.0,,,0.0,0,0
2026-07-11 19:05:26.046476,Anna_Salai_Teynampet,13.0455,80.25,21,32,2003,1314,0.967661,True,2026-07-11 19:00:00,0.0,0.0,31.3,8.8,True,19,5,True,0.0,0.0,0.0,0.0,0.0,0.0,0.0,0.0,0.0,0.0,,,0.0,0,0
2026-07-11 19:05:26.046476,Ashok_Nagar,13.0385,80.2107,25,35,2866,2047,0.998986,False,2026-07-11 19:00:00,0.0,0.0,31.3,8.8,True,19,5,True,0.0,0.0,0.0,0.0,0.0,0.0,0.0,0.0,0.0,0.0,,,0.0,0,0
2026-07-11 19:05:26.046476,Guindy,13.0067,80.2206,21,32,2047,1343,0.998972,False,2026-07-11 19:00:00,0.0,0.0,31.3,8.8,True,19,5,True,0.0,0.0,0.0,0.0,0.0,0.0,0.0,0.0,0.0,0.0,,,0.0,0,0
2026-07-11 19:05:26.046476,Kathipara,13.0107,80.2016,16,28,278,158,0.991146,False,2026-07-11 19:00:00,0.0,0.0,31.3,8.8,True,19,5,True,0.0,0.0,0.0,0.0,0.0,0.0,0.0,0.0,0.0,0.0,,,0.0,0,0
2026-07-11 19:05:26.046476,Vadapalani,13.0503,80.2121,19,30,435,276,1.0,False,2026-07-11 19:00:00,0.0,0.0,31.3,8.8,True,19,5,True,4.0,0.0,2.0,0.0,1.0,1.0,0.0,0.0,8.0,8.5,,,0.0,0,0
2026-07-11 19:05:26.046476,Adyar_Signal,13.0064,80.257,14,25,822,460,0.955281,True,2026-07-11 19:00:00,0.0,0.0,31.3,8.8,True,19,5,True,0.0,0.0,0.0,0.0,0.0,0.0,0.0,0.0,0.0,0.0,,,0.0,0,0
2026-07-11 19:10:25.907929,Kelambakkam_OMR,12.7925,80.2183,38,51,1796,1338,0.997947,False,2026-07-11 19:00:00,0.0,0.0,31.3,8.8,True,19,5,True,0.0,0.0,0.0,0.0,0.0,0.0,0.0,0.0,0.0,0.0,,,0.0,0,0
2026-07-11 19:10:25.907929,Perungudi_OMR,12.9634,80.2431,19,24,131,103,0.97,False,2026-07-11 19:00:00,0.0,0.0,31.3,8.8,True,19,5,True,0.0,0.0,0.0,0.0,0.0,0.0,0.0,0.0,0.0,0.0,,,0.0,0,0
2026-07-11 19:10:25.907929,Thoraipakkam_OMR,12.9407,80.235,20,20,523,523,1.0,False,2026-07-11 19:00:00,0.0,0.0,31.3,8.8,True,19,5,True,0.0,0.0,0.0,0.0,0.0,0.0,0.0,0.0,0.0,0.0,,,0.0,0,0
2026-07-11 19:10:25.907929,Porur,13.0381,80.1564,14,19,175,129,0.99,False,2026-07-11 19:00:00,0.0,0.0,31.3,8.8,True,19,5,True,4.0,1.0,0.0,2.0,0.0,2.0,0.0,2.0,11.0,14.8,,,0.0,0,0
2026-07-11 19:10:25.907929,Anna_Nagar_Roundtana,13.085,80.2101,3,15,332,66,0.981738,False,2026-07-11 19:00:00,0.0,0.0,31.3,8.8,True,19,5,True,2.0,0.0,5.0,0.0,2.0,1.0,0.0,2.0,12.0,12.0,,,0.0,0,0
2026-07-11 19:10:25.907929,Tambaram,12.9249,80.1,20,29,1353,933,0.990037,False,2026-07-11 19:00:00,0.0,0.0,31.3,8.8,True,19,5,True,0.0,0.0,0.0,0.0,0.0,0.0,0.0,0.0,0.0,0.0,,,0.0,0,0
2026-07-11 19:10:25.907929,Mylapore,13.0339,80.2698,14,17,538,443,0.778942,True,2026-07-11 19:00:00,0.0,0.0,31.3,8.8,True,19,5,True,0.0,0.0,0.0,0.0,0.0,0.0,0.0,0.0,0.0,0.0,,,0.0,0,0
2026-07-11 19:10:25.907929,Chromepet,12.9516,80.1462,27,38,2643,1878,1.0,False,2026-07-11 19:00:00,0.0,0.0,31.3,8.8,True,19,5,True,0.0,0.0,0.0,0.0,0.0,0.0,0.0,0.0,0.0,0.0,,,0.0,0,0
2026-07-11 19:10:25.907929,Velachery_Junction,12.9791,80.2211,20,33,2149,1302,0.998118,False,2026-07-11 19:00:00,0.0,0.0,31.3,8.8,True,19,5,True,2.0,1.0,4.0,1.0,2.0,0.0,1.0,1.0,12.0,12.3,,,0.0,0,0
2026-07-11 19:10:25.907929,Perambur,13.1141,80.2417,15,25,1726,1036,0.9955,False,2026-07-11 19:00:00,0.0,0.0,31.3,8.8,True,19,5,True,0.0,0.0,0.0,0.0,0.0,0.0,0.0,0.0,0.0,0.0,,,0.0,0,0
2026-07-11 19:10:25.907929,Egmore,13.0732,80.2609,11,26,4,1,1.0,False,2026-07-11 19:00:00,0.0,0.0,31.3,8.8,True,19,5,True,0.0,0.0,0.0,0.0,0.0,1.0,0.0,5.0,6.0,3.0,,,0.0,0,0
2026-07-11 19:10:25.907929,Guindy,13.0067,80.2206,20,33,2149,1302,0.998118,False,2026-07-11 19:00:00,0.0,0.0,31.3,8.8,True,19,5,True,0.0,0.0,0.0,0.0,0.0,0.0,0.0,0.0,0.0,0.0,,,0.0,0,0
2026-07-11 19:10:25.907929,T_Nagar_Panagal,13.0418,80.2341,19,32,408,242,1.0,False,2026-07-11 19:00:00,0.0,0.0,31.3,8.8,True,19,5,True,0.0,0.0,0.0,0.0,0.0,0.0,0.0,0.0,0.0,0.0,,,0.0,0,0
2026-07-11 19:10:25.907929,Anna_Salai_Teynampet,13.0455,80.25,21,32,2003,1314,0.967661,True,2026-07-11 19:00:00,0.0,0.0,31.3,8.8,True,19,5,True,0.0,0.0,0.0,0.0,0.0,0.0,0.0,0.0,0.0,0.0,,,0.0,0,0
2026-07-11 19:10:25.907929,Adyar_Signal,13.0064,80.257,14,25,822,460,0.955941,True,2026-07-11 19:00:00,0.0,0.0,31.3,8.8,True,19,5,True,0.0,0.0,0.0,0.0,0.0,0.0,0.0,0.0,0.0,0.0,,,0.0,0,0
2026-07-11 19:10:25.907929,Central_Station,13.0827,80.2757,14,25,643,360,1.0,False,2026-07-11 19:00:00,0.0,0.0,31.3,8.8,True,19,5,True,0.0,0.0,1.0,3.0,0.0,1.0,0.0,0.0,5.0,13.0,,,0.0,0,0
2026-07-11 19:10:25.907929,Koyambedu,13.0694,80.1948,19,19,231,231,1.0,False,2026-07-11 19:00:00,0.0,0.0,31.3,8.8,True,19,5,True,0.0,0.0,0.0,0.0,0.0,0.0,0.0,0.0,0.0,0.0,,,0.0,0,0
2026-07-11 19:10:25.907929,Vadapalani,13.0503,80.2121,15,31,552,267,1.0,False,2026-07-11 19:00:00,0.0,0.0,31.3,8.8,True,19,5,True,4.0,0.0,2.0,0.0,1.0,1.0,0.0,0.0,8.0,8.5,,,0.0,0,0
2026-07-11 19:10:25.907929,Ashok_Nagar,13.0385,80.2107,25,35,2866,2047,0.998717,False,2026-07-11 19:00:00,0.0,0.0,31.3,8.8,True,19,5,True,0.0,0.0,0.0,0.0,0.0,0.0,0.0,0.0,0.0,0.0,,,0.0,0,0
2026-07-11 19:10:25.907929,Kathipara,13.0107,80.2016,28,28,158,158,1.0,False,2026-07-11 19:00:00,0.0,0.0,31.3,8.8,True,19,5,True,0.0,0.0,0.0,0.0,0.0,0.0,0.0,0.0,0.0,0.0,,,0.0,0,0
2026-07-11 19:35:26.006667,Chromepet,12.9516,80.1462,27,38,2643,1878,1.0,False,2026-07-11 19:00:00,0.0,0.0,31.3,8.8,True,19,5,True,0.0,0.0,0.0,0.0,0.0,0.0,0.0,0.0,0.0,0.0,,,0.0,0,0
2026-07-11 19:35:26.006667,Mylapore,13.0339,80.2698,15,17,503,443,0.779386,True,2026-07-11 19:00:00,0.0,0.0,31.3,8.8,True,19,5,True,0.0,0.0,0.0,0.0,0.0,0.0,0.0,0.0,0.0,0.0,,,0.0,0,0
2026-07-11 19:35:26.006667,Perambur,13.1141,80.2417,14,25,1850,1036,0.99312,False,2026-07-11 19:00:00,0.0,0.0,31.3,8.8,True,19,5,True,0.0,0.0,0.0,0.0,0.0,0.0,0.0,0.0,0.0,0.0,,,0.0,0,0
2026-07-11 19:35:26.006667,Anna_Nagar_Roundtana,13.085,80.2101,10,15,99,66,0.99,False,2026-07-11 19:00:00,0.0,0.0,31.3,8.8,True,19,5,True,2.0,0.0,5.0,0.0,2.0,1.0,0.0,2.0,12.0,12.0,,,0.0,0,0
2026-07-11 19:35:26.006667,Velachery_Junction,12.9791,80.2211,22,33,1954,1302,0.99816,False,2026-07-11 19:00:00,0.0,0.0,31.3,8.8,True,19,5,True,2.0,1.0,4.0,1.0,2.0,0.0,1.0,1.0,12.0,12.3,,,0.0,0,0
2026-07-11 19:35:26.006667,Thoraipakkam_OMR,12.9407,80.235,20,20,523,523,1.0,False,2026-07-11 19:00:00,0.0,0.0,31.3,8.8,True,19,5,True,0.0,0.0,0.0,0.0,0.0,0.0,0.0,0.0,0.0,0.0,,,0.0,0,0
2026-07-11 19:35:26.006667,Perungudi_OMR,12.9634,80.2431,25,25,99,99,1.0,False,2026-07-11 19:00:00,0.0,0.0,31.3,8.8,True,19,5,True,0.0,0.0,0.0,0.0,0.0,0.0,0.0,0.0,0.0,0.0,,,0.0,0,0
2026-07-11 19:35:26.006667,Tambaram,12.9249,80.1,21,29,1289,933,0.990871,False,2026-07-11 19:00:00,0.0,0.0,31.3,8.8,True,19,5,True,0.0,0.0,0.0,0.0,0.0,0.0,0.0,0.0,0.0,0.0,,,0.0,0,0
2026-07-11 19:35:26.006667,Kelambakkam_OMR,12.7925,80.2183,39,51,1750,1338,0.994114,False,2026-07-11 19:00:00,0.0,0.0,31.3,8.8,True,19,5,True,0.0,0.0,0.0,0.0,0.0,0.0,0.0,0.0,0.0,0.0,,,0.0,0,0
2026-07-11 19:35:26.006667,Porur,13.0381,80.1564,11,18,223,136,0.956552,False,2026-07-11 19:00:00,0.0,0.0,31.3,8.8,True,19,5,True,4.0,1.0,0.0,2.0,0.0,2.0,0.0,2.0,11.0,14.8,,,0.0,0,0
2026-07-11 19:35:26.006667,Kathipara,13.0107,80.2016,28,28,158,158,1.0,False,2026-07-11 19:00:00,0.0,0.0,31.3,8.8,True,19,5,True,0.0,0.0,0.0,0.0,0.0,0.0,0.0,0.0,0.0,0.0,,,0.0,0,0
2026-07-11 19:35:26.006667,Central_Station,13.0827,80.2757,12,26,750,346,1.0,False,2026-07-11 19:00:00,0.0,0.0,31.3,8.8,True,19,5,True,0.0,0.0,1.0,3.0,0.0,1.0,0.0,0.0,5.0,13.0,,,0.0,0,0
2026-07-11 19:35:26.006667,Guindy,13.0067,80.2206,22,33,1954,1302,0.998259,False,2026-07-11 19:00:00,0.0,0.0,31.3,8.8,True,19,5,True,0.0,0.0,0.0,0.0,0.0,0.0,0.0,0.0,0.0,0.0,,,0.0,0,0
2026-07-11 19:35:26.006667,T_Nagar_Panagal,13.0418,80.2341,18,32,431,242,1.0,False,2026-07-11 19:00:00,0.0,0.0,31.3,8.8,True,19,5,True,0.0,0.0,0.0,0.0,0.0,0.0,0.0,0.0,0.0,0.0,,,0.0,0,0
2026-07-11 19:35:26.006667,Anna_Salai_Teynampet,13.0455,80.25,22,33,1912,1274,0.968595,True,2026-07-11 19:00:00,0.0,0.0,31.3,8.8,True,19,5,True,0.0,0.0,0.0,0.0,0.0,0.0,0.0,0.0,0.0,0.0,,,0.0,0,0
2026-07-11 19:35:26.006667,Adyar_Signal,13.0064,80.257,11,24,1047,480,0.955941,True,2026-07-11 19:00:00,0.0,0.0,31.3,8.8,True,19,5,True,0.0,0.0,0.0,0.0,0.0,0.0,0.0,0.0,0.0,0.0,,,0.0,0,0
2026-07-11 19:35:26.006667,Ashok_Nagar,13.0385,80.2107,26,35,2756,2047,0.999278,False,2026-07-11 19:00:00,0.0,0.0,31.3,8.8,True,19,5,True,0.0,0.0,0.0,0.0,0.0,0.0,0.0,0.0,0.0,0.0,,,0.0,0,0
2026-07-11 19:35:26.006667,Koyambedu,13.0694,80.1948,19,19,231,231,1.0,False,2026-07-11 19:00:00,0.0,0.0,31.3,8.8,True,19,5,True,0.0,0.0,0.0,0.0,0.0,0.0,0.0,0.0,0.0,0.0,,,0.0,0,0
2026-07-11 19:35:26.006667,Vadapalani,13.0503,80.2121,14,30,591,276,1.0,False,2026-07-11 19:00:00,0.0,0.0,31.3,8.8,True,19,5,True,4.0,0.0,2.0,0.0,1.0,1.0,0.0,0.0,8.0,8.5,,,0.0,0,0
2026-07-11 19:35:26.006667,Egmore,13.0732,80.2609,25,25,1,1,1.0,False,2026-07-11 19:00:00,0.0,0.0,31.3,8.8,True,19,5,True,0.0,0.0,0.0,0.0,0.0,1.0,0.0,5.0,6.0,3.0,,,0.0,0,0
2026-07-11 20:00:25.554204,Anna_Nagar_Roundtana,13.085,80.2101,9,14,110,71,0.99,False,2026-07-11 20:00:00,0.0,0.0,30.8,9.1,True,20,5,True,2.0,0.0,5.0,0.0,2.0,1.0,0.0,2.0,12.0,12.0,,,0.0,0,0
2026-07-11 20:00:25.554204,Perungudi_OMR,12.9634,80.2431,25,25,99,99,1.0,False,2026-07-11 20:00:00,0.0,0.0,30.8,9.1,True,20,5,True,0.0,0.0,0.0,0.0,0.0,0.0,0.0,0.0,0.0,0.0,,,0.0,0,0
2026-07-11 20:00:25.554204,Thoraipakkam_OMR,12.9407,80.235,18,20,581,523,0.729756,False,2026-07-11 20:00:00,0.0,0.0,30.8,9.1,True,20,5,True,0.0,0.0,0.0,0.0,0.0,0.0,0.0,0.0,0.0,0.0,,,0.0,0,0
2026-07-11 20:00:25.554204,Porur,13.0381,80.1564,13,19,189,129,0.99,False,2026-07-11 20:00:00,0.0,0.0,30.8,9.1,True,20,5,True,4.0,1.0,0.0,2.0,0.0,2.0,0.0,2.0,11.0,14.8,,,0.0,0,0
2026-07-11 20:00:25.554204,Velachery_Junction,12.9791,80.2211,25,33,1719,1302,0.997945,False,2026-07-11 20:00:00,0.0,0.0,30.8,9.1,True,20,5,True,2.0,1.0,4.0,1.0,2.0,0.0,1.0,1.0,12.0,12.3,,,0.0,0,0
2026-07-11 20:00:25.554204,Perambur,13.1141,80.2417,15,25,1726,1036,0.98495,False,2026-07-11 20:00:00,0.0,0.0,30.8,9.1,True,20,5,True,0.0,0.0,0.0,0.0,0.0,0.0,0.0,0.0,0.0,0.0,,,0.0,0,0
2026-07-11 20:00:25.554204,Chromepet,12.9516,80.1462,28,38,2549,1878,1.0,False,2026-07-11 20:00:00,0.0,0.0,30.8,9.1,True,20,5,True,0.0,0.0,0.0,0.0,0.0,0.0,0.0,0.0,0.0,0.0,,,0.0,0,0
2026-07-11 20:00:25.554204,Kelambakkam_OMR,12.7925,80.2183,40,51,1706,1338,0.995191,False,2026-07-11 20:00:00,0.0,0.0,30.8,9.1,True,20,5,True,0.0,0.0,0.0,0.0,0.0,0.0,0.0,0.0,0.0,0.0,,,0.0,0,0
2026-07-11 20:00:25.554204,Tambaram,12.9249,80.1,20,28,1353,966,0.98768,False,2026-07-11 20:00:00,0.0,0.0,30.8,9.1,True,20,5,True,0.0,0.0,0.0,0.0,0.0,0.0,0.0,0.0,0.0,0.0,,,0.0,0,0
2026-07-11 20:00:25.554204,Mylapore,13.0339,80.2698,13,18,580,419,0.78925,True,2026-07-11 20:00:00,0.0,0.0,30.8,9.1,True,20,5,True,0.0,0.0,0.0,0.0,0.0,0.0,0.0,0.0,0.0,0.0,,,0.0,0,0
2026-07-11 20:00:25.554204,Adyar_Signal,13.0064,80.257,12,25,960,460,0.955941,True,2026-07-11 20:00:00,0.0,0.0,30.8,9.1,True,20,5,True,0.0,0.0,0.0,0.0,0.0,0.0,0.0,0.0,0.0,0.0,,,0.0,0,0
2026-07-11 20:00:25.554204,Kathipara,13.0107,80.2016,28,28,158,158,1.0,False,2026-07-11 20:00:00,0.0,0.0,30.8,9.1,True,20,5,True,0.0,0.0,0.0,0.0,0.0,0.0,0.0,0.0,0.0,0.0,,,0.0,0,0
2026-07-11 20:00:25.554204,Koyambedu,13.0694,80.1948,19,19,231,231,1.0,False,2026-07-11 20:00:00,0.0,0.0,30.8,9.1,True,20,5,True,0.0,0.0,0.0,0.0,0.0,0.0,0.0,0.0,0.0,0.0,,,0.0,0,0
2026-07-11 20:00:25.554204,Central_Station,13.0827,80.2757,13,26,693,346,0.997463,False,2026-07-11 20:00:00,0.0,0.0,30.8,9.1,True,20,5,True,0.0,0.0,1.0,3.0,0.0,1.0,0.0,0.0,5.0,13.0,,,0.0,0,0
2026-07-11 20:00:25.554204,Egmore,13.0732,80.2609,10,25,4,1,1.0,False,2026-07-11 20:00:00,0.0,0.0,30.8,9.1,True,20,5,True,0.0,0.0,0.0,0.0,0.0,1.0,0.0,5.0,6.0,3.0,,,0.0,0,0
2026-07-11 20:00:25.554204,Anna_Salai_Teynampet,13.0455,80.25,21,32,2003,1314,0.967966,True,2026-07-11 20:00:00,0.0,0.0,30.8,9.1,True,20,5,True,0.0,0.0,0.0,0.0,0.0,0.0,0.0,0.0,0.0,0.0,,,0.0,0,0
2026-07-11 20:00:25.554204,Guindy,13.0067,80.2206,25,33,1719,1302,0.997945,False,2026-07-11 20:00:00,0.0,0.0,30.8,9.1,True,20,5,True,0.0,0.0,0.0,0.0,0.0,0.0,0.0,0.0,0.0,0.0,,,0.0,0,0
2026-07-11 20:00:25.554204,Ashok_Nagar,13.0385,80.2107,26,35,2756,2047,1.0,False,2026-07-11 20:00:00,0.0,0.0,30.8,9.1,True,20,5,True,0.0,0.0,0.0,0.0,0.0,0.0,0.0,0.0,0.0,0.0,,,0.0,0,0
2026-07-11 20:00:25.554204,Vadapalani,13.0503,80.2121,21,31,394,267,1.0,False,2026-07-11 20:00:00,0.0,0.0,30.8,9.1,True,20,5,True,4.0,0.0,2.0,0.0,1.0,1.0,0.0,0.0,8.0,8.5,,,0.0,0,0
2026-07-11 20:00:25.554204,T_Nagar_Panagal,13.0418,80.2341,19,32,408,242,1.0,False,2026-07-11 20:00:00,0.0,0.0,30.8,9.1,True,20,5,True,0.0,0.0,0.0,0.0,0.0,0.0,0.0,0.0,0.0,0.0,,,0.0,0,0
2026-07-11 20:15:25.385494,Tambaram,12.9249,80.1,21,29,1289,933,0.992957,False,2026-07-11 20:00:00,0.0,0.0,30.8,9.1,True,20,5,True,0.0,0.0,0.0,0.0,0.0,0.0,0.0,0.0,0.0,0.0,,,0.0,0,0
2026-07-11 20:15:25.385494,Velachery_Junction,12.9791,80.2211,23,33,1869,1302,0.997938,False,2026-07-11 20:00:00,0.0,0.0,30.8,9.1,True,20,5,True,2.0,1.0,4.0,1.0,2.0,0.0,1.0,1.0,12.0,12.3,,,0.0,0,0
2026-07-11 20:15:25.385494,Kelambakkam_OMR,12.7925,80.2183,42,51,1625,1338,0.995853,False,2026-07-11 20:00:00,0.0,0.0,30.8,9.1,True,20,5,True,0.0,0.0,0.0,0.0,0.0,0.0,0.0,0.0,0.0,0.0,,,0.0,0,0
2026-07-11 20:15:25.385494,Chromepet,12.9516,80.1462,27,38,2643,1878,1.0,False,2026-07-11 20:00:00,0.0,0.0,30.8,9.1,True,20,5,True,0.0,0.0,0.0,0.0,0.0,0.0,0.0,0.0,0.0,0.0,,,0.0,0,0
2026-07-11 20:15:25.385494,Mylapore,13.0339,80.2698,14,17,538,443,0.781294,True,2026-07-11 20:00:00,0.0,0.0,30.8,9.1,True,20,5,True,0.0,0.0,0.0,0.0,0.0,0.0,0.0,0.0,0.0,0.0,,,0.0,0,0
2026-07-11 20:15:25.385494,Anna_Nagar_Roundtana,13.085,80.2101,4,19,249,52,0.99,False,2026-07-11 20:00:00,0.0,0.0,30.8,9.1,True,20,5,True,2.0,0.0,5.0,0.0,2.0,1.0,0.0,2.0,12.0,12.0,,,0.0,0,0
2026-07-11 20:15:25.385494,Porur,13.0381,80.1564,12,18,205,136,0.98,False,2026-07-11 20:00:00,0.0,0.0,30.8,9.1,True,20,5,True,4.0,1.0,0.0,2.0,0.0,2.0,0.0,2.0,11.0,14.8,,,0.0,0,0
2026-07-11 20:15:25.385494,Thoraipakkam_OMR,12.9407,80.235,20,20,523,523,1.0,False,2026-07-11 20:00:00,0.0,0.0,30.8,9.1,True,20,5,True,0.0,0.0,0.0,0.0,0.0,0.0,0.0,0.0,0.0,0.0,,,0.0,0,0
2026-07-11 20:15:25.385494,Perungudi_OMR,12.9634,80.2431,18,25,138,99,0.965264,False,2026-07-11 20:00:00,0.0,0.0,30.8,9.1,True,20,5,True,0.0,0.0,0.0,0.0,0.0,0.0,0.0,0.0,0.0,0.0,,,0.0,0,0
2026-07-11 20:15:25.385494,Perambur,13.1141,80.2417,15,25,1726,1036,0.991698,False,2026-07-11 20:00:00,0.0,0.0,30.8,9.1,True,20,5,True,0.0,0.0,0.0,0.0,0.0,0.0,0.0,0.0,0.0,0.0,,,0.0,0,0
2026-07-11 20:15:25.385494,Koyambedu,13.0694,80.1948,19,19,231,231,1.0,False,2026-07-11 20:00:00,0.0,0.0,30.8,9.1,True,20,5,True,0.0,0.0,0.0,0.0,0.0,0.0,0.0,0.0,0.0,0.0,,,0.0,0,0
2026-07-11 20:15:25.385494,Guindy,13.0067,80.2206,23,33,1869,1302,0.997938,False,2026-07-11 20:00:00,0.0,0.0,30.8,9.1,True,20,5,True,0.0,0.0,0.0,0.0,0.0,0.0,0.0,0.0,0.0,0.0,,,0.0,0,0
2026-07-11 20:15:25.385494,T_Nagar_Panagal,13.0418,80.2341,19,32,408,242,1.0,False,2026-07-11 20:00:00,0.0,0.0,30.8,9.1,True,20,5,True,0.0,0.0,0.0,0.0,0.0,0.0,0.0,0.0,0.0,0.0,,,0.0,0,0
2026-07-11 20:15:25.385494,Anna_Salai_Teynampet,13.0455,80.25,21,32,2003,1314,0.966293,True,2026-07-11 20:00:00,0.0,0.0,30.8,9.1,True,20,5,True,0.0,0.0,0.0,0.0,0.0,0.0,0.0,0.0,0.0,0.0,,,0.0,0,0
2026-07-11 20:15:25.385494,Adyar_Signal,13.0064,80.257,12,25,960,460,0.955281,True,2026-07-11 20:00:00,0.0,0.0,30.8,9.1,True,20,5,True,0.0,0.0,0.0,0.0,0.0,0.0,0.0,0.0,0.0,0.0,,,0.0,0,0
2026-07-11 20:15:25.385494,Central_Station,13.0827,80.2757,14,26,643,346,0.99387,False,2026-07-11 20:00:00,0.0,0.0,30.8,9.1,True,20,5,True,0.0,0.0,1.0,3.0,0.0,1.0,0.0,0.0,5.0,13.0,,,0.0,0,0
2026-07-11 20:15:25.385494,Vadapalani,13.0503,80.2121,21,30,394,276,1.0,False,2026-07-11 20:00:00,0.0,0.0,30.8,9.1,True,20,5,True,4.0,0.0,2.0,0.0,1.0,1.0,0.0,0.0,8.0,8.5,,,0.0,0,0
2026-07-11 20:15:25.385494,Egmore,13.0732,80.2609,17,24,2,1,1.0,False,2026-07-11 20:00:00,0.0,0.0,30.8,9.1,True,20,5,True,0.0,0.0,0.0,0.0,0.0,1.0,0.0,5.0,6.0,3.0,,,0.0,0,0
2026-07-11 20:15:25.385494,Kathipara,13.0107,80.2016,26,29,171,153,0.995573,False,2026-07-11 20:00:00,0.0,0.0,30.8,9.1,True,20,5,True,0.0,0.0,0.0,0.0,0.0,0.0,0.0,0.0,0.0,0.0,,,0.0,0,0
2026-07-11 20:15:25.385494,Ashok_Nagar,13.0385,80.2107,26,35,2756,2047,1.0,False,2026-07-11 20:00:00,0.0,0.0,30.8,9.1,True,20,5,True,0.0,0.0,0.0,0.0,0.0,0.0,0.0,0.0,0.0,0.0,,,0.0,0,0
2026-07-11 20:20:17.444618,Tambaram,12.9249,80.1,20,28,1353,966,0.99152,False,2026-07-11 20:00:00,0.0,0.0,30.8,9.1,True,20,5,True,0.0,0.0,0.0,0.0,0.0,0.0,0.0,0.0,0.0,0.0,,,0.0,0,0
2026-07-11 20:20:17.444618,Chromepet,12.9516,80.1462,27,38,2643,1878,1.0,False,2026-07-11 20:00:00,0.0,0.0,30.8,9.1,True,20,5,True,0.0,0.0,0.0,0.0,0.0,0.0,0.0,0.0,0.0,0.0,,,0.0,0,0
2026-07-11 20:20:17.444618,Perambur,13.1141,80.2417,15,25,1726,1036,0.99355,False,2026-07-11 20:00:00,0.0,0.0,30.8,9.1,True,20,5,True,0.0,0.0,0.0,0.0,0.0,0.0,0.0,0.0,0.0,0.0,,,0.0,0,0
2026-07-11 20:20:17.444618,Kelambakkam_OMR,12.7925,80.2183,41,51,1664,1338,0.997092,False,2026-07-11 20:00:00,0.0,0.0,30.8,9.1,True,20,5,True,0.0,0.0,0.0,0.0,0.0,0.0,0.0,0.0,0.0,0.0,,,0.0,0,0
2026-07-11 20:20:17.444618,Anna_Nagar_Roundtana,13.085,80.2101,5,20,199,49,0.987399,False,2026-07-11 20:00:00,0.0,0.0,30.8,9.1,True,20,5,True,2.0,0.0,5.0,0.0,2.0,1.0,0.0,2.0,12.0,12.0,,,0.0,0,0
2026-07-11 20:20:17.444618,Thoraipakkam_OMR,12.9407,80.235,20,20,523,523,1.0,False,2026-07-11 20:00:00,0.0,0.0,30.8,9.1,True,20,5,True,0.0,0.0,0.0,0.0,0.0,0.0,0.0,0.0,0.0,0.0,,,0.0,0,0
2026-07-11 20:20:17.444618,Perungudi_OMR,12.9634,80.2431,25,25,99,99,1.0,False,2026-07-11 20:00:00,0.0,0.0,30.8,9.1,True,20,5,True,0.0,0.0,0.0,0.0,0.0,0.0,0.0,0.0,0.0,0.0,,,0.0,0,0
2026-07-11 20:20:17.444618,Velachery_Junction,12.9791,80.2211,23,33,1869,1302,0.993825,False,2026-07-11 20:00:00,0.0,0.0,30.8,9.1,True,20,5,True,2.0,1.0,4.0,1.0,2.0,0.0,1.0,1.0,12.0,12.3,,,0.0,0,0
2026-07-11 20:20:17.444618,Porur,13.0381,80.1564,10,19,246,129,0.99,False,2026-07-11 20:00:00,0.0,0.0,30.8,9.1,True,20,5,True,4.0,1.0,0.0,2.0,0.0,2.0,0.0,2.0,11.0,14.8,,,0.0,0,0
2026-07-11 20:20:17.444618,Mylapore,13.0339,80.2698,15,17,503,443,0.791071,True,2026-07-11 20:00:00,0.0,0.0,30.8,9.1,True,20,5,True,0.0,0.0,0.0,0.0,0.0,0.0,0.0,0.0,0.0,0.0,,,0.0,0,0
2026-07-11 20:20:17.444618,Anna_Salai_Teynampet,13.0455,80.25,20,33,2103,1274,0.966091,True,2026-07-11 20:00:00,0.0,0.0,30.8,9.1,True,20,5,True,0.0,0.0,0.0,0.0,0.0,0.0,0.0,0.0,0.0,0.0,,,0.0,0,0
2026-07-11 20:20:17.444618,Central_Station,13.0827,80.2757,13,26,693,346,0.995341,False,2026-07-11 20:00:00,0.0,0.0,30.8,9.1,True,20,5,True,0.0,0.0,1.0,3.0,0.0,1.0,0.0,0.0,5.0,13.0,,,0.0,0,0
2026-07-11 20:20:17.444618,Guindy,13.0067,80.2206,23,32,1869,1343,0.993835,False,2026-07-11 20:00:00,0.0,0.0,30.8,9.1,True,20,5,True,0.0,0.0,0.0,0.0,0.0,0.0,0.0,0.0,0.0,0.0,,,0.0,0,0
2026-07-11 20:20:17.444618,T_Nagar_Panagal,13.0418,80.2341,19,32,408,242,0.996761,False,2026-07-11 20:00:00,0.0,0.0,30.8,9.1,True,20,5,True,0.0,0.0,0.0,0.0,0.0,0.0,0.0,0.0,0.0,0.0,,,0.0,0,0
2026-07-11 20:20:17.444618,Adyar_Signal,13.0064,80.257,13,25,886,460,0.955281,True,2026-07-11 20:00:00,0.0,0.0,30.8,9.1,True,20,5,True,0.0,0.0,0.0,0.0,0.0,0.0,0.0,0.0,0.0,0.0,,,0.0,0,0
2026-07-11 20:20:17.444618,Ashok_Nagar,13.0385,80.2107,25,35,2866,2047,0.998912,False,2026-07-11 20:00:00,0.0,0.0,30.8,9.1,True,20,5,True,0.0,0.0,0.0,0.0,0.0,0.0,0.0,0.0,0.0,0.0,,,0.0,0,0
2026-07-11 20:20:17.444618,Koyambedu,13.0694,80.1948,19,19,231,231,1.0,False,2026-07-11 20:00:00,0.0,0.0,30.8,9.1,True,20,5,True,0.0,0.0,0.0,0.0,0.0,0.0,0.0,0.0,0.0,0.0,,,0.0,0,0
2026-07-11 20:20:17.444618,Vadapalani,13.0503,80.2121,23,31,360,267,1.0,False,2026-07-11 20:00:00,0.0,0.0,30.8,9.1,True,20,5,True,4.0,0.0,2.0,0.0,1.0,1.0,0.0,0.0,8.0,8.5,,,0.0,0,0
2026-07-11 20:20:17.444618,Kathipara,13.0107,80.2016,28,28,158,158,1.0,False,2026-07-11 20:00:00,0.0,0.0,30.8,9.1,True,20,5,True,0.0,0.0,0.0,0.0,0.0,0.0,0.0,0.0,0.0,0.0,,,0.0,0,0
2026-07-11 20:20:17.444618,Egmore,13.0732,80.2609,20,25,2,1,1.0,False,2026-07-11 20:00:00,0.0,0.0,30.8,9.1,True,20,5,True,0.0,0.0,0.0,0.0,0.0,1.0,0.0,5.0,6.0,3.0,,,0.0,0,0
2026-07-11 20:20:46.302183,Tambaram,12.9249,80.1,19,28,1424,966,0.991047,False,2026-07-11 20:00:00,0.0,0.0,30.8,9.1,True,20,5,True,0.0,0.0,0.0,0.0,0.0,0.0,0.0,0.0,0.0,0.0,,,0.0,0,0
2026-07-11 20:20:46.302183,Kelambakkam_OMR,12.7925,80.2183,40,51,1706,1338,0.99759,False,2026-07-11 20:00:00,0.0,0.0,30.8,9.1,True,20,5,True,0.0,0.0,0.0,0.0,0.0,0.0,0.0,0.0,0.0,0.0,,,0.0,0,0
2026-07-11 20:20:46.302183,Chromepet,12.9516,80.1462,28,38,2549,1878,1.0,False,2026-07-11 20:00:00,0.0,0.0,30.8,9.1,True,20,5,True,0.0,0.0,0.0,0.0,0.0,0.0,0.0,0.0,0.0,0.0,,,0.0,0,0
2026-07-11 20:20:46.302183,Mylapore,13.0339,80.2698,15,17,503,443,0.791071,True,2026-07-11 20:00:00,0.0,0.0,30.8,9.1,True,20,5,True,0.0,0.0,0.0,0.0,0.0,0.0,0.0,0.0,0.0,0.0,,,0.0,0,0
2026-07-11 20:20:46.302183,Perambur,13.1141,80.2417,15,25,1726,1036,0.993797,False,2026-07-11 20:00:00,0.0,0.0,30.8,9.1,True,20,5,True,0.0,0.0,0.0,0.0,0.0,0.0,0.0,0.0,0.0,0.0,,,0.0,0,0
2026-07-11 20:20:46.302183,Anna_Nagar_Roundtana,13.085,80.2101,4,19,249,52,0.987651,False,2026-07-11 20:00:00,0.0,0.0,30.8,9.1,True,20,5,True,2.0,0.0,5.0,0.0,2.0,1.0,0.0,2.0,12.0,12.0,,,0.0,0,0
2026-07-11 20:20:46.302183,Porur,13.0381,80.1564,10,19,246,129,0.98,False,2026-07-11 20:00:00,0.0,0.0,30.8,9.1,True,20,5,True,4.0,1.0,0.0,2.0,0.0,2.0,0.0,2.0,11.0,14.8,,,0.0,0,0
2026-07-11 20:20:46.302183,Thoraipakkam_OMR,12.9407,80.235,20,20,523,523,1.0,False,2026-07-11 20:00:00,0.0,0.0,30.8,9.1,True,20,5,True,0.0,0.0,0.0,0.0,0.0,0.0,0.0,0.0,0.0,0.0,,,0.0,0,0
2026-07-11 20:20:46.302183,Perungudi_OMR,12.9634,80.2431,25,25,99,99,1.0,False,2026-07-11 20:00:00,0.0,0.0,30.8,9.1,True,20,5,True,0.0,0.0,0.0,0.0,0.0,0.0,0.0,0.0,0.0,0.0,,,0.0,0,0
2026-07-11 20:20:46.302183,Velachery_Junction,12.9791,80.2211,23,33,1869,1302,0.993845,False,2026-07-11 20:00:00,0.0,0.0,30.8,9.1,True,20,5,True,2.0,1.0,4.0,1.0,2.0,0.0,1.0,1.0,12.0,12.3,,,0.0,0,0
2026-07-11 20:20:46.302183,Kathipara,13.0107,80.2016,28,28,158,158,1.0,False,2026-07-11 20:00:00,0.0,0.0,30.8,9.1,True,20,5,True,0.0,0.0,0.0,0.0,0.0,0.0,0.0,0.0,0.0,0.0,,,0.0,0,0
2026-07-11 20:20:46.302183,Koyambedu,13.0694,80.1948,19,19,231,231,1.0,False,2026-07-11 20:00:00,0.0,0.0,30.8,9.1,True,20,5,True,0.0,0.0,0.0,0.0,0.0,0.0,0.0,0.0,0.0,0.0,,,0.0,0,0
2026-07-11 20:20:46.302183,Central_Station,13.0827,80.2757,14,26,643,346,0.994486,False,2026-07-11 20:00:00,0.0,0.0,30.8,9.1,True,20,5,True,0.0,0.0,1.0,3.0,0.0,1.0,0.0,0.0,5.0,13.0,,,0.0,0,0
2026-07-11 20:20:46.302183,Egmore,13.0732,80.2609,20,25,2,1,1.0,False,2026-07-11 20:00:00,0.0,0.0,30.8,9.1,True,20,5,True,0.0,0.0,0.0,0.0,0.0,1.0,0.0,5.0,6.0,3.0,,,0.0,0,0
2026-07-11 20:20:46.302183,Anna_Salai_Teynampet,13.0455,80.25,20,32,2103,1314,0.965534,True,2026-07-11 20:00:00,0.0,0.0,30.8,9.1,True,20,5,True,0.0,0.0,0.0,0.0,0.0,0.0,0.0,0.0,0.0,0.0,,,0.0,0,0
2026-07-11 20:20:46.302183,T_Nagar_Panagal,13.0418,80.2341,18,32,431,242,0.997576,False,2026-07-11 20:00:00,0.0,0.0,30.8,9.1,True,20,5,True,0.0,0.0,0.0,0.0,0.0,0.0,0.0,0.0,0.0,0.0,,,0.0,0,0
2026-07-11 20:20:46.302183,Guindy,13.0067,80.2206,23,33,1869,1302,0.993825,False,2026-07-11 20:00:00,0.0,0.0,30.8,9.1,True,20,5,True,0.0,0.0,0.0,0.0,0.0,0.0,0.0,0.0,0.0,0.0,,,0.0,0,0
2026-07-11 20:20:46.302183,Adyar_Signal,13.0064,80.257,13,24,886,480,0.955281,True,2026-07-11 20:00:00,0.0,0.0,30.8,9.1,True,20,5,True,0.0,0.0,0.0,0.0,0.0,0.0,0.0,0.0,0.0,0.0,,,0.0,0,0
2026-07-11 20:20:46.302183,Ashok_Nagar,13.0385,80.2107,26,35,2756,2047,0.998912,False,2026-07-11 20:00:00,0.0,0.0,30.8,9.1,True,20,5,True,0.0,0.0,0.0,0.0,0.0,0.0,0.0,0.0,0.0,0.0,,,0.0,0,0
2026-07-11 20:20:46.302183,Vadapalani,13.0503,80.2121,24,30,345,276,1.0,False,2026-07-11 20:00:00,0.0,0.0,30.8,9.1,True,20,5,True,4.0,0.0,2.0,0.0,1.0,1.0,0.0,0.0,8.0,8.5,,,0.0,0,0
2026-07-11 20:35:25.270367,Porur,13.0381,80.1564,11,18,223,136,0.98494,False,2026-07-11 20:00:00,0.0,0.0,30.8,9.1,True,20,5,True,4.0,1.0,0.0,2.0,0.0,2.0,0.0,2.0,11.0,14.8,,,0.0,0,0
2026-07-11 20:35:25.270367,Kelambakkam_OMR,12.7925,80.2183,43,51,1587,1338,0.999715,False,2026-07-11 20:00:00,0.0,0.0,30.8,9.1,True,20,5,True,0.0,0.0,0.0,0.0,0.0,0.0,0.0,0.0,0.0,0.0,,,0.0,0,0
2026-07-11 20:35:25.270367,Perungudi_OMR,12.9634,80.2431,19,25,131,99,0.983961,False,2026-07-11 20:00:00,0.0,0.0,30.8,9.1,True,20,5,True,0.0,0.0,0.0,0.0,0.0,0.0,0.0,0.0,0.0,0.0,,,0.0,0,0
2026-07-11 20:35:25.270367,Thoraipakkam_OMR,12.9407,80.235,16,20,654,523,0.933363,False,2026-07-11 20:00:00,0.0,0.0,30.8,9.1,True,20,5,True,0.0,0.0,0.0,0.0,0.0,0.0,0.0,0.0,0.0,0.0,,,0.0,0,0
2026-07-11 20:35:25.270367,Chromepet,12.9516,80.1462,27,38,2643,1878,1.0,False,2026-07-11 20:00:00,0.0,0.0,30.8,9.1,True,20,5,True,0.0,0.0,0.0,0.0,0.0,0.0,0.0,0.0,0.0,0.0,,,0.0,0,0
2026-07-11 20:35:25.270367,Tambaram,12.9249,80.1,21,28,1289,966,0.991008,False,2026-07-11 20:00:00,0.0,0.0,30.8,9.1,True,20,5,True,0.0,0.0,0.0,0.0,0.0,0.0,0.0,0.0,0.0,0.0,,,0.0,0,0
2026-07-11 20:35:25.270367,Mylapore,13.0339,80.2698,15,17,503,443,0.801186,True,2026-07-11 20:00:00,0.0,0.0,30.8,9.1,True,20,5,True,0.0,0.0,0.0,0.0,0.0,0.0,0.0,0.0,0.0,0.0,,,0.0,0,0
2026-07-11 20:35:25.270367,Perambur,13.1141,80.2417,15,25,1726,1036,0.993633,False,2026-07-11 20:00:00,0.0,0.0,30.8,9.1,True,20,5,True,0.0,0.0,0.0,0.0,0.0,0.0,0.0,0.0,0.0,0.0,,,0.0,0,0
2026-07-11 20:35:25.270367,T_Nagar_Panagal,13.0418,80.2341,20,31,388,250,1.0,False,2026-07-11 20:00:00,0.0,0.0,30.8,9.1,True,20,5,True,0.0,0.0,0.0,0.0,0.0,0.0,0.0,0.0,0.0,0.0,,,0.0,0,0
2026-07-11 20:35:25.270367,Anna_Nagar_Roundtana,13.085,80.2101,3,12,332,83,0.980869,False,2026-07-11 20:00:00,0.0,0.0,30.8,9.1,True,20,5,True,2.0,0.0,5.0,0.0,2.0,1.0,0.0,2.0,12.0,12.0,,,0.0,0,0
2026-07-11 20:35:25.270367,Kathipara,13.0107,80.2016,25,29,177,153,1.0,False,2026-07-11 20:00:00,0.0,0.0,30.8,9.1,True,20,5,True,0.0,0.0,0.0,0.0,0.0,0.0,0.0,0.0,0.0,0.0,,,0.0,0,0
2026-07-11 20:35:25.270367,Anna_Salai_Teynampet,13.0455,80.25,22,32,1912,1314,0.967252,True,2026-07-11 20:00:00,0.0,0.0,30.8,9.1,True,20,5,True,0.0,0.0,0.0,0.0,0.0,0.0,0.0,0.0,0.0,0.0,,,0.0,0,0
2026-07-11 20:35:25.270367,Adyar_Signal,13.0064,80.257,14,24,822,480,0.955281,True,2026-07-11 20:00:00,0.0,0.0,30.8,9.1,True,20,5,True,0.0,0.0,0.0,0.0,0.0,0.0,0.0,0.0,0.0,0.0,,,0.0,0,0
2026-07-11 20:35:25.270367,Ashok_Nagar,13.0385,80.2107,26,35,2756,2047,0.999456,False,2026-07-11 20:00:00,0.0,0.0,30.8,9.1,True,20,5,True,0.0,0.0,0.0,0.0,0.0,0.0,0.0,0.0,0.0,0.0,,,0.0,0,0
2026-07-11 20:35:25.270367,Koyambedu,13.0694,80.1948,19,19,231,231,1.0,False,2026-07-11 20:00:00,0.0,0.0,30.8,9.1,True,20,5,True,0.0,0.0,0.0,0.0,0.0,0.0,0.0,0.0,0.0,0.0,,,0.0,0,0
2026-07-11 20:35:25.270367,Guindy,13.0067,80.2206,23,33,1869,1302,0.997698,False,2026-07-11 20:00:00,0.0,0.0,30.8,9.1,True,20,5,True,0.0,0.0,0.0,0.0,0.0,0.0,0.0,0.0,0.0,0.0,,,0.0,0,0
2026-07-11 20:35:25.270367,Velachery_Junction,12.9791,80.2211,23,33,1869,1302,0.997698,False,2026-07-11 20:00:00,0.0,0.0,30.8,9.1,True,20,5,True,2.0,1.0,4.0,1.0,2.0,0.0,1.0,1.0,12.0,12.3,,,0.0,0,0
2026-07-11 20:35:25.270367,Egmore,13.0732,80.2609,7,26,6,1,1.0,False,2026-07-11 20:00:00,0.0,0.0,30.8,9.1,True,20,5,True,0.0,0.0,0.0,0.0,0.0,1.0,0.0,5.0,6.0,3.0,,,0.0,0,0
2026-07-11 20:35:25.270367,Central_Station,13.0827,80.2757,13,26,693,346,0.993203,False,2026-07-11 20:00:00,0.0,0.0,30.8,9.1,True,20,5,True,0.0,0.0,1.0,3.0,0.0,1.0,0.0,0.0,5.0,13.0,,,0.0,0,0
2026-07-11 20:35:25.270367,Vadapalani,13.0503,80.2121,20,30,414,276,1.0,False,2026-07-11 20:00:00,0.0,0.0,30.8,9.1,True,20,5,True,4.0,0.0,2.0,0.0,1.0,1.0,0.0,0.0,8.0,8.5,,,0.0,0,0
2026-07-11 20:40:25.288270,Velachery_Junction,12.9791,80.2211,25,33,1719,1302,0.998147,False,2026-07-11 20:00:00,0.0,0.0,30.8,9.1,True,20,5,True,2.0,1.0,4.0,1.0,2.0,0.0,1.0,1.0,12.0,12.3,,,0.0,0,0
2026-07-11 20:40:25.288270,Anna_Nagar_Roundtana,13.085,80.2101,4,13,249,76,0.980869,False,2026-07-11 20:00:00,0.0,0.0,30.8,9.1,True,20,5,True,2.0,0.0,5.0,0.0,2.0,1.0,0.0,2.0,12.0,12.0,,,0.0,0,0
2026-07-11 20:40:25.288270,Perungudi_OMR,12.9634,80.2431,11,25,226,99,0.990942,False,2026-07-11 20:00:00,0.0,0.0,30.8,9.1,True,20,5,True,0.0,0.0,0.0,0.0,0.0,0.0,0.0,0.0,0.0,0.0,,,0.0,0,0
2026-07-11 20:40:25.288270,Thoraipakkam_OMR,12.9407,80.235,16,20,654,523,0.93216,False,2026-07-11 20:00:00,0.0,0.0,30.8,9.1,True,20,5,True,0.0,0.0,0.0,0.0,0.0,0.0,0.0,0.0,0.0,0.0,,,0.0,0,0
2026-07-11 20:40:25.288270,Porur,13.0381,80.1564,10,18,246,136,0.984413,False,2026-07-11 20:00:00,0.0,0.0,30.8,9.1,True,20,5,True,4.0,1.0,0.0,2.0,0.0,2.0,0.0,2.0,11.0,14.8,,,0.0,0,0
2026-07-11 20:40:25.288270,Tambaram,12.9249,80.1,20,28,1353,966,0.990711,False,2026-07-11 20:00:00,0.0,0.0,30.8,9.1,True,20,5,True,0.0,0.0,0.0,0.0,0.0,0.0,0.0,0.0,0.0,0.0,,,0.0,0,0
2026-07-11 20:40:25.288270,Perambur,13.1141,80.2417,15,25,1726,1036,0.994202,False,2026-07-11 20:00:00,0.0,0.0,30.8,9.1,True,20,5,True,0.0,0.0,0.0,0.0,0.0,0.0,0.0,0.0,0.0,0.0,,,0.0,0,0
2026-07-11 20:40:25.288270,Mylapore,13.0339,80.2698,15,17,503,443,0.807732,True,2026-07-11 20:00:00,0.0,0.0,30.8,9.1,True,20,5,True,0.0,0.0,0.0,0.0,0.0,0.0,0.0,0.0,0.0,0.0,,,0.0,0,0
2026-07-11 20:40:25.288270,Chromepet,12.9516,80.1462,26,38,2745,1878,1.0,False,2026-07-11 20:00:00,0.0,0.0,30.8,9.1,True,20,5,True,0.0,0.0,0.0,0.0,0.0,0.0,0.0,0.0,0.0,0.0,,,0.0,0,0
2026-07-11 20:40:25.288270,Kelambakkam_OMR,12.7925,80.2183,43,51,1587,1338,0.999961,False,2026-07-11 20:00:00,0.0,0.0,30.8,9.1,True,20,5,True,0.0,0.0,0.0,0.0,0.0,0.0,0.0,0.0,0.0,0.0,,,0.0,0,0
2026-07-11 20:40:25.288270,Ashok_Nagar,13.0385,80.2107,27,35,2654,2047,0.999087,False,2026-07-11 20:00:00,0.0,0.0,30.8,9.1,True,20,5,True,0.0,0.0,0.0,0.0,0.0,0.0,0.0,0.0,0.0,0.0,,,0.0,0,0
2026-07-11 20:40:25.288270,Guindy,13.0067,80.2206,25,33,1719,1302,0.998147,False,2026-07-11 20:00:00,0.0,0.0,30.8,9.1,True,20,5,True,0.0,0.0,0.0,0.0,0.0,0.0,0.0,0.0,0.0,0.0,,,0.0,0,0
2026-07-11 20:40:25.288270,Egmore,13.0732,80.2609,25,25,1,1,1.0,False,2026-07-11 20:00:00,0.0,0.0,30.8,9.1,True,20,5,True,0.0,0.0,0.0,0.0,0.0,1.0,0.0,5.0,6.0,3.0,,,0.0,0,0
2026-07-11 20:40:25.288270,Vadapalani,13.0503,80.2121,21,30,394,276,0.997385,False,2026-07-11 20:00:00,0.0,0.0,30.8,9.1,True,20,5,True,4.0,0.0,2.0,0.0,1.0,1.0,0.0,0.0,8.0,8.5,,,0.0,0,0
2026-07-11 20:40:25.288270,Koyambedu,13.0694,80.1948,19,19,231,231,1.0,False,2026-07-11 20:00:00,0.0,0.0,30.8,9.1,True,20,5,True,0.0,0.0,0.0,0.0,0.0,0.0,0.0,0.0,0.0,0.0,,,0.0,0,0
2026-07-11 20:40:25.288270,Kathipara,13.0107,80.2016,28,28,158,158,1.0,False,2026-07-11 20:00:00,0.0,0.0,30.8,9.1,True,20,5,True,0.0,0.0,0.0,0.0,0.0,0.0,0.0,0.0,0.0,0.0,,,0.0,0,0
2026-07-11 20:40:25.288270,Adyar_Signal,13.0064,80.257,13,25,886,460,0.955281,True,2026-07-11 20:00:00,0.0,0.0,30.8,9.1,True,20,5,True,0.0,0.0,0.0,0.0,0.0,0.0,0.0,0.0,0.0,0.0,,,0.0,0,0
2026-07-11 20:40:25.288270,Anna_Salai_Teynampet,13.0455,80.25,23,32,1829,1314,0.967252,True,2026-07-11 20:00:00,0.0,0.0,30.8,9.1,True,20,5,True,0.0,0.0,0.0,0.0,0.0,0.0,0.0,0.0,0.0,0.0,,,0.0,0,0
2026-07-11 20:40:25.288270,T_Nagar_Panagal,13.0418,80.2341,21,32,369,242,1.0,False,2026-07-11 20:00:00,0.0,0.0,30.8,9.1,True,20,5,True,0.0,0.0,0.0,0.0,0.0,0.0,0.0,0.0,0.0,0.0,,,0.0,0,0
2026-07-11 20:40:25.288270,Central_Station,13.0827,80.2757,13,26,693,346,0.993237,False,2026-07-11 20:00:00,0.0,0.0,30.8,9.1,True,20,5,True,0.0,0.0,1.0,3.0,0.0,1.0,0.0,0.0,5.0,13.0,,,0.0,0,0
2026-07-11 21:10:25.508121,Velachery_Junction,12.9791,80.2211,25,33,1719,1302,0.997465,False,2026-07-11 21:00:00,0.0,0.0,30.4,10.9,True,21,5,False,2.0,1.0,4.0,1.0,2.0,0.0,1.0,1.0,12.0,12.3,,,0.0,0,0
2026-07-11 21:10:25.508121,Perungudi_OMR,12.9634,80.2431,20,25,124,99,0.980075,False,2026-07-11 21:00:00,0.0,0.0,30.4,10.9,True,21,5,False,0.0,0.0,0.0,0.0,0.0,0.0,0.0,0.0,0.0,0.0,,,0.0,0,0
2026-07-11 21:10:25.508121,Thoraipakkam_OMR,12.9407,80.235,15,20,698,523,0.950958,False,2026-07-11 21:00:00,0.0,0.0,30.4,10.9,True,21,5,False,0.0,0.0,0.0,0.0,0.0,0.0,0.0,0.0,0.0,0.0,,,0.0,0,0
2026-07-11 21:10:25.508121,Porur,13.0381,80.1564,10,19,246,129,0.8,False,2026-07-11 21:00:00,0.0,0.0,30.4,10.9,True,21,5,False,4.0,1.0,0.0,2.0,0.0,2.0,0.0,2.0,11.0,14.8,,,0.0,0,0
2026-07-11 21:10:25.508121,Kelambakkam_OMR,12.7925,80.2183,51,51,1338,1338,1.0,False,2026-07-11 21:00:00,0.0,0.0,30.4,10.9,True,21,5,False,0.0,0.0,0.0,0.0,0.0,0.0,0.0,0.0,0.0,0.0,,,0.0,0,0
2026-07-11 21:10:25.508121,Perambur,13.1141,80.2417,16,25,1618,1036,0.99384,False,2026-07-11 21:00:00,0.0,0.0,30.4,10.9,True,21,5,False,0.0,0.0,0.0,0.0,0.0,0.0,0.0,0.0,0.0,0.0,,,0.0,0,0
2026-07-11 21:10:25.508121,Mylapore,13.0339,80.2698,15,17,503,443,0.758088,True,2026-07-11 21:00:00,0.0,0.0,30.4,10.9,True,21,5,False,0.0,0.0,0.0,0.0,0.0,0.0,0.0,0.0,0.0,0.0,,,0.0,0,0
2026-07-11 21:10:25.508121,Chromepet,12.9516,80.1462,28,38,2549,1878,1.0,False,2026-07-11 21:00:00,0.0,0.0,30.4,10.9,True,21,5,False,0.0,0.0,0.0,0.0,0.0,0.0,0.0,0.0,0.0,0.0,,,0.0,0,0
2026-07-11 21:10:25.508121,Tambaram,12.9249,80.1,22,28,1230,966,0.98492,False,2026-07-11 21:00:00,0.0,0.0,30.4,10.9,True,21,5,False,0.0,0.0,0.0,0.0,0.0,0.0,0.0,0.0,0.0,0.0,,,0.0,0,0
2026-07-11 21:10:25.508121,Anna_Nagar_Roundtana,13.085,80.2101,9,15,110,66,0.98,False,2026-07-11 21:00:00,0.0,0.0,30.4,10.9,True,21,5,False,2.0,0.0,5.0,0.0,2.0,1.0,0.0,2.0,12.0,12.0,,,0.0,0,0
2026-07-11 21:10:25.508121,Adyar_Signal,13.0064,80.257,13,25,886,460,0.955281,True,2026-07-11 21:00:00,0.0,0.0,30.4,10.9,True,21,5,False,0.0,0.0,0.0,0.0,0.0,0.0,0.0,0.0,0.0,0.0,,,0.0,0,0
2026-07-11 21:10:25.508121,Vadapalani,13.0503,80.2121,15,30,552,276,0.997389,False,2026-07-11 21:00:00,0.0,0.0,30.4,10.9,True,21,5,False,4.0,0.0,2.0,0.0,1.0,1.0,0.0,0.0,8.0,8.5,,,0.0,0,0
2026-07-11 21:10:25.508121,Kathipara,13.0107,80.2016,28,28,158,158,1.0,False,2026-07-11 21:00:00,0.0,0.0,30.4,10.9,True,21,5,False,0.0,0.0,0.0,0.0,0.0,0.0,0.0,0.0,0.0,0.0,,,0.0,0,0
2026-07-11 21:10:25.508121,Guindy,13.0067,80.2206,25,33,1719,1302,0.997465,False,2026-07-11 21:00:00,0.0,0.0,30.4,10.9,True,21,5,False,0.0,0.0,0.0,0.0,0.0,0.0,0.0,0.0,0.0,0.0,,,0.0,0,0
2026-07-11 21:10:25.508121,T_Nagar_Panagal,13.0418,80.2341,25,32,310,242,1.0,False,2026-07-11 21:00:00,0.0,0.0,30.4,10.9,True,21,5,False,0.0,0.0,0.0,0.0,0.0,0.0,0.0,0.0,0.0,0.0,,,0.0,0,0
2026-07-11 21:10:25.508121,Ashok_Nagar,13.0385,80.2107,28,35,2559,2047,0.999647,False,2026-07-11 21:00:00,0.0,0.0,30.4,10.9,True,21,5,False,0.0,0.0,0.0,0.0,0.0,0.0,0.0,0.0,0.0,0.0,,,0.0,0,0
2026-07-11 21:10:25.508121,Egmore,13.0732,80.2609,19,24,2,1,1.0,False,2026-07-11 21:00:00,0.0,0.0,30.4,10.9,True,21,5,False,0.0,0.0,0.0,0.0,0.0,1.0,0.0,5.0,6.0,3.0,,,0.0,0,0
2026-07-11 21:10:25.508121,Central_Station,13.0827,80.2757,14,26,643,346,0.996412,False,2026-07-11 21:00:00,0.0,0.0,30.4,10.9,True,21,5,False,0.0,0.0,1.0,3.0,0.0,1.0,0.0,0.0,5.0,13.0,,,0.0,0,0
2026-07-11 21:10:25.508121,Koyambedu,13.0694,80.1948,19,19,231,231,1.0,False,2026-07-11 21:00:00,0.0,0.0,30.4,10.9,True,21,5,False,0.0,0.0,0.0,0.0,0.0,0.0,0.0,0.0,0.0,0.0,,,0.0,0,0
2026-07-11 21:10:25.508121,Anna_Salai_Teynampet,13.0455,80.25,23,33,1829,1274,0.968324,True,2026-07-11 21:00:00,0.0,0.0,30.4,10.9,True,21,5,False,0.0,0.0,0.0,0.0,0.0,0.0,0.0,0.0,0.0,0.0,,,0.0,0,0
2026-07-11 21:15:25.529268,Thoraipakkam_OMR,12.9407,80.235,16,20,654,523,0.963691,False,2026-07-11 21:00:00,0.0,0.0,30.4,10.9,True,21,5,False,0.0,0.0,0.0,0.0,0.0,0.0,0.0,0.0,0.0,0.0,,,0.0,0,0
2026-07-11 21:15:25.529268,Perambur,13.1141,80.2417,16,25,1618,1036,0.99338,False,2026-07-11 21:00:00,0.0,0.0,30.4,10.9,True,21,5,False,0.0,0.0,0.0,0.0,0.0,0.0,0.0,0.0,0.0,0.0,,,0.0,0,0
2026-07-11 21:15:25.529268,Kelambakkam_OMR,12.7925,80.2183,51,51,1338,1338,1.0,False,2026-07-11 21:00:00,0.0,0.0,30.4,10.9,True,21,5,False,0.0,0.0,0.0,0.0,0.0,0.0,0.0,0.0,0.0,0.0,,,0.0,0,0
2026-07-11 21:15:25.529268,Chromepet,12.9516,80.1462,28,38,2549,1878,1.0,False,2026-07-11 21:00:00,0.0,0.0,30.4,10.9,True,21,5,False,0.0,0.0,0.0,0.0,0.0,0.0,0.0,0.0,0.0,0.0,,,0.0,0,0
2026-07-11 21:15:25.529268,Velachery_Junction,12.9791,80.2211,25,33,1719,1302,0.99777,False,2026-07-11 21:00:00,0.0,0.0,30.4,10.9,True,21,5,False,2.0,1.0,4.0,1.0,2.0,0.0,1.0,1.0,12.0,12.3,,,0.0,0,0
2026-07-11 21:15:25.529268,Perungudi_OMR,12.9634,80.2431,20,25,124,99,0.980075,False,2026-07-11 21:00:00,0.0,0.0,30.4,10.9,True,21,5,False,0.0,0.0,0.0,0.0,0.0,0.0,0.0,0.0,0.0,0.0,,,0.0,0,0
2026-07-11 21:15:25.529268,Anna_Nagar_Roundtana,13.085,80.2101,8,14,124,71,0.95,False,2026-07-11 21:00:00,0.0,0.0,30.4,10.9,True,21,5,False,2.0,0.0,5.0,0.0,2.0,1.0,0.0,2.0,12.0,12.0,,,0.0,0,0
2026-07-11 21:15:25.529268,Porur,13.0381,80.1564,19,19,129,129,1.0,False,2026-07-11 21:00:00,0.0,0.0,30.4,10.9,True,21,5,False,4.0,1.0,0.0,2.0,0.0,2.0,0.0,2.0,11.0,14.8,,,0.0,0,0
2026-07-11 21:15:25.529268,Tambaram,12.9249,80.1,22,28,1230,966,0.985451,False,2026-07-11 21:00:00,0.0,0.0,30.4,10.9,True,21,5,False,0.0,0.0,0.0,0.0,0.0,0.0,0.0,0.0,0.0,0.0,,,0.0,0,0
2026-07-11 21:15:25.529268,Mylapore,13.0339,80.2698,15,17,503,443,0.790566,True,2026-07-11 21:00:00,0.0,0.0,30.4,10.9,True,21,5,False,0.0,0.0,0.0,0.0,0.0,0.0,0.0,0.0,0.0,0.0,,,0.0,0,0
2026-07-11 21:15:25.529268,Kathipara,13.0107,80.2016,28,28,158,158,1.0,False,2026-07-11 21:00:00,0.0,0.0,30.4,10.9,True,21,5,False,0.0,0.0,0.0,0.0,0.0,0.0,0.0,0.0,0.0,0.0,,,0.0,0,0
2026-07-11 21:15:25.529268,Ashok_Nagar,13.0385,80.2107,28,35,2559,2047,1.0,False,2026-07-11 21:00:00,0.0,0.0,30.4,10.9,True,21,5,False,0.0,0.0,0.0,0.0,0.0,0.0,0.0,0.0,0.0,0.0,,,0.0,0,0
2026-07-11 21:15:25.529268,Guindy,13.0067,80.2206,25,33,1719,1302,0.99777,False,2026-07-11 21:00:00,0.0,0.0,30.4,10.9,True,21,5,False,0.0,0.0,0.0,0.0,0.0,0.0,0.0,0.0,0.0,0.0,,,0.0,0,0
2026-07-11 21:15:25.529268,T_Nagar_Panagal,13.0418,80.2341,26,31,298,250,1.0,False,2026-07-11 21:00:00,0.0,0.0,30.4,10.9,True,21,5,False,0.0,0.0,0.0,0.0,0.0,0.0,0.0,0.0,0.0,0.0,,,0.0,0,0
2026-07-11 21:15:25.529268,Anna_Salai_Teynampet,13.0455,80.25,23,33,1829,1274,0.968595,True,2026-07-11 21:00:00,0.0,0.0,30.4,10.9,True,21,5,False,0.0,0.0,0.0,0.0,0.0,0.0,0.0,0.0,0.0,0.0,,,0.0,0,0
2026-07-11 21:15:25.529268,Adyar_Signal,13.0064,80.257,13,25,886,460,0.954519,True,2026-07-11 21:00:00,0.0,0.0,30.4,10.9,True,21,5,False,0.0,0.0,0.0,0.0,0.0,0.0,0.0,0.0,0.0,0.0,,,0.0,0,0
2026-07-11 21:15:25.529268,Central_Station,13.0827,80.2757,14,26,643,346,0.996412,False,2026-07-11 21:00:00,0.0,0.0,30.4,10.9,True,21,5,False,0.0,0.0,1.0,3.0,0.0,1.0,0.0,0.0,5.0,13.0,,,0.0,0,0
2026-07-11 21:15:25.529268,Koyambedu,13.0694,80.1948,19,19,231,231,1.0,False,2026-07-11 21:00:00,0.0,0.0,30.4,10.9,True,21,5,False,0.0,0.0,0.0,0.0,0.0,0.0,0.0,0.0,0.0,0.0,,,0.0,0,0
2026-07-11 21:15:25.529268,Vadapalani,13.0503,80.2121,15,31,552,267,1.0,False,2026-07-11 21:00:00,0.0,0.0,30.4,10.9,True,21,5,False,4.0,0.0,2.0,0.0,1.0,1.0,0.0,0.0,8.0,8.5,,,0.0,0,0
2026-07-11 21:15:25.529268,Egmore,13.0732,80.2609,10,25,4,1,1.0,False,2026-07-11 21:00:00,0.0,0.0,30.4,10.9,True,21,5,False,0.0,0.0,0.0,0.0,0.0,1.0,0.0,5.0,6.0,3.0,,,0.0,0,0
2026-07-11 21:25:25.443531,Perambur,13.1141,80.2417,16,24,1618,1079,0.989949,False,2026-07-11 21:00:00,0.0,0.0,30.4,10.9,True,21,5,False,0.0,0.0,0.0,0.0,0.0,0.0,0.0,0.0,0.0,0.0,,,0.0,0,0
2026-07-11 21:25:25.443531,Perungudi_OMR,12.9634,80.2431,25,25,99,99,1.0,False,2026-07-11 21:00:00,0.0,0.0,30.4,10.9,True,21,5,False,0.0,0.0,0.0,0.0,0.0,0.0,0.0,0.0,0.0,0.0,,,0.0,0,0
2026-07-11 21:25:25.443531,Thoraipakkam_OMR,12.9407,80.235,17,20,616,523,0.9644,False,2026-07-11 21:00:00,0.0,0.0,30.4,10.9,True,21,5,False,0.0,0.0,0.0,0.0,0.0,0.0,0.0,0.0,0.0,0.0,,,0.0,0,0
2026-07-11 21:25:25.443531,Porur,13.0381,80.1564,19,19,129,129,1.0,False,2026-07-11 21:00:00,0.0,0.0,30.4,10.9,True,21,5,False,4.0,1.0,0.0,2.0,0.0,2.0,0.0,2.0,11.0,14.8,,,0.0,0,0
2026-07-11 21:25:25.443531,Kelambakkam_OMR,12.7925,80.2183,43,51,1587,1338,1.0,False,2026-07-11 21:00:00,0.0,0.0,30.4,10.9,True,21,5,False,0.0,0.0,0.0,0.0,0.0,0.0,0.0,0.0,0.0,0.0,,,0.0,0,0
2026-07-11 21:25:25.443531,Mylapore,13.0339,80.2698,17,17,443,443,0.798457,True,2026-07-11 21:00:00,0.0,0.0,30.4,10.9,True,21,5,False,0.0,0.0,0.0,0.0,0.0,0.0,0.0,0.0,0.0,0.0,,,0.0,0,0
2026-07-11 21:25:25.443531,Chromepet,12.9516,80.1462,29,38,2461,1878,1.0,False,2026-07-11 21:00:00,0.0,0.0,30.4,10.9,True,21,5,False,0.0,0.0,0.0,0.0,0.0,0.0,0.0,0.0,0.0,0.0,,,0.0,0,0
2026-07-11 21:25:25.443531,Tambaram,12.9249,80.1,23,29,1177,933,0.983609,False,2026-07-11 21:00:00,0.0,0.0,30.4,10.9,True,21,5,False,0.0,0.0,0.0,0.0,0.0,0.0,0.0,0.0,0.0,0.0,,,0.0,0,0
2026-07-11 21:25:25.443531,Anna_Nagar_Roundtana,13.085,80.2101,9,14,110,71,0.95,False,2026-07-11 21:00:00,0.0,0.0,30.4,10.9,True,21,5,False,2.0,0.0,5.0,0.0,2.0,1.0,0.0,2.0,12.0,12.0,,,0.0,0,0
2026-07-11 21:25:25.443531,Velachery_Junction,12.9791,80.2211,25,33,1719,1302,0.99621,False,2026-07-11 21:00:00,0.0,0.0,30.4,10.9,True,21,5,False,2.0,1.0,4.0,1.0,2.0,0.0,1.0,1.0,12.0,12.3,,,0.0,0,0
2026-07-11 21:25:25.443531,Egmore,13.0732,80.2609,19,25,2,1,1.0,False,2026-07-11 21:00:00,0.0,0.0,30.4,10.9,True,21,5,False,0.0,0.0,0.0,0.0,0.0,1.0,0.0,5.0,6.0,3.0,,,0.0,0,0
2026-07-11 21:25:25.443531,Guindy,13.0067,80.2206,25,33,1719,1302,0.99621,False,2026-07-11 21:00:00,0.0,0.0,30.4,10.9,True,21,5,False,0.0,0.0,0.0,0.0,0.0,0.0,0.0,0.0,0.0,0.0,,,0.0,0,0
2026-07-11 21:25:25.443531,T_Nagar_Panagal,13.0418,80.2341,25,32,310,242,1.0,False,2026-07-11 21:00:00,0.0,0.0,30.4,10.9,True,21,5,False,0.0,0.0,0.0,0.0,0.0,0.0,0.0,0.0,0.0,0.0,,,0.0,0,0
2026-07-11 21:25:25.443531,Anna_Salai_Teynampet,13.0455,80.25,23,33,1829,1274,0.964847,True,2026-07-11 21:00:00,0.0,0.0,30.4,10.9,True,21,5,False,0.0,0.0,0.0,0.0,0.0,0.0,0.0,0.0,0.0,0.0,,,0.0,0,0
2026-07-11 21:25:25.443531,Kathipara,13.0107,80.2016,28,28,158,158,1.0,False,2026-07-11 21:00:00,0.0,0.0,30.4,10.9,True,21,5,False,0.0,0.0,0.0,0.0,0.0,0.0,0.0,0.0,0.0,0.0,,,0.0,0,0
2026-07-11 21:25:25.443531,Central_Station,13.0827,80.2757,15,26,600,346,1.0,False,2026-07-11 21:00:00,0.0,0.0,30.4,10.9,True,21,5,False,0.0,0.0,1.0,3.0,0.0,1.0,0.0,0.0,5.0,13.0,,,0.0,0,0
2026-07-11 21:25:25.443531,Koyambedu,13.0694,80.1948,19,19,231,231,1.0,False,2026-07-11 21:00:00,0.0,0.0,30.4,10.9,True,21,5,False,0.0,0.0,0.0,0.0,0.0,0.0,0.0,0.0,0.0,0.0,,,0.0,0,0
2026-07-11 21:25:25.443531,Vadapalani,13.0503,80.2121,15,30,552,276,1.0,False,2026-07-11 21:00:00,0.0,0.0,30.4,10.9,True,21,5,False,4.0,0.0,2.0,0.0,1.0,1.0,0.0,0.0,8.0,8.5,,,0.0,0,0
2026-07-11 21:25:25.443531,Ashok_Nagar,13.0385,80.2107,28,35,2559,2047,0.999261,False,2026-07-11 21:00:00,0.0,0.0,30.4,10.9,True,21,5,False,0.0,0.0,0.0,0.0,0.0,0.0,0.0,0.0,0.0,0.0,,,0.0,0,0
2026-07-11 21:25:25.443531,Adyar_Signal,13.0064,80.257,14,25,822,460,0.955941,True,2026-07-11 21:00:00,0.0,0.0,30.4,10.9,True,21,5,False,0.0,0.0,0.0,0.0,0.0,0.0,0.0,0.0,0.0,0.0,,,0.0,0,0
2026-07-11 21:45:25.547423,Thoraipakkam_OMR,12.9407,80.235,20,20,523,523,1.0,False,2026-07-11 21:00:00,0.0,0.0,30.4,10.9,True,21,5,False,0.0,0.0,0.0,0.0,0.0,0.0,0.0,0.0,0.0,0.0,,,0.0,0,0
2026-07-11 21:45:25.547423,Kelambakkam_OMR,12.7925,80.2183,42,51,1625,1338,0.993288,False,2026-07-11 21:00:00,0.0,0.0,30.4,10.9,True,21,5,False,0.0,0.0,0.0,0.0,0.0,0.0,0.0,0.0,0.0,0.0,,,0.0,0,0
2026-07-11 21:45:25.547423,Tambaram,12.9249,80.1,24,28,1127,966,0.992464,False,2026-07-11 21:00:00,0.0,0.0,30.4,10.9,True,21,5,False,0.0,0.0,0.0,0.0,0.0,0.0,0.0,0.0,0.0,0.0,,,0.0,0,0
2026-07-11 21:45:25.547423,Chromepet,12.9516,80.1462,29,38,2461,1878,1.0,False,2026-07-11 21:00:00,0.0,0.0,30.4,10.9,True,21,5,False,0.0,0.0,0.0,0.0,0.0,0.0,0.0,0.0,0.0,0.0,,,0.0,0,0
2026-07-11 21:45:25.547423,Porur,13.0381,80.1564,19,19,129,129,1.0,False,2026-07-11 21:00:00,0.0,0.0,30.4,10.9,True,21,5,False,4.0,1.0,0.0,2.0,0.0,2.0,0.0,2.0,11.0,14.8,,,0.0,0,0
2026-07-11 21:45:25.547423,Perambur,13.1141,80.2417,16,25,1618,1036,0.984749,False,2026-07-11 21:00:00,0.0,0.0,30.4,10.9,True,21,5,False,0.0,0.0,0.0,0.0,0.0,0.0,0.0,0.0,0.0,0.0,,,0.0,0,0
2026-07-11 21:45:25.547423,Anna_Nagar_Roundtana,13.085,80.2101,11,15,90,66,0.99,False,2026-07-11 21:00:00,0.0,0.0,30.4,10.9,True,21,5,False,2.0,0.0,5.0,0.0,2.0,1.0,0.0,2.0,12.0,12.0,,,0.0,0,0
2026-07-11 21:45:25.547423,Mylapore,13.0339,80.2698,16,17,471,443,0.753332,True,2026-07-11 21:00:00,0.0,0.0,30.4,10.9,True,21,5,False,0.0,0.0,0.0,0.0,0.0,0.0,0.0,0.0,0.0,0.0,,,0.0,0,0
2026-07-11 21:45:25.547423,Perungudi_OMR,12.9634,80.2431,25,25,99,99,1.0,False,2026-07-11 21:00:00,0.0,0.0,30.4,10.9,True,21,5,False,0.0,0.0,0.0,0.0,0.0,0.0,0.0,0.0,0.0,0.0,,,0.0,0,0
2026-07-11 21:45:25.547423,Velachery_Junction,12.9791,80.2211,25,33,1719,1302,0.997215,False,2026-07-11 21:00:00,0.0,0.0,30.4,10.9,True,21,5,False,2.0,1.0,4.0,1.0,2.0,0.0,1.0,1.0,12.0,12.3,,,0.0,0,0
2026-07-11 21:45:25.547423,Koyambedu,13.0694,80.1948,19,19,231,231,1.0,False,2026-07-11 21:00:00,0.0,0.0,30.4,10.9,True,21,5,False,0.0,0.0,0.0,0.0,0.0,0.0,0.0,0.0,0.0,0.0,,,0.0,0,0
2026-07-11 21:45:25.547423,Adyar_Signal,13.0064,80.257,13,25,886,460,0.955281,True,2026-07-11 21:00:00,0.0,0.0,30.4,10.9,True,21,5,False,0.0,0.0,0.0,0.0,0.0,0.0,0.0,0.0,0.0,0.0,,,0.0,0,0
2026-07-11 21:45:25.547423,Ashok_Nagar,13.0385,80.2107,35,35,2047,2047,1.0,False,2026-07-11 21:00:00,0.0,0.0,30.4,10.9,True,21,5,False,0.0,0.0,0.0,0.0,0.0,0.0,0.0,0.0,0.0,0.0,,,0.0,0,0
2026-07-11 21:45:25.547423,Vadapalani,13.0503,80.2121,11,30,752,276,0.997389,False,2026-07-11 21:00:00,0.0,0.0,30.4,10.9,True,21,5,False,4.0,0.0,2.0,0.0,1.0,1.0,0.0,0.0,8.0,8.5,,,0.0,0,0
2026-07-11 21:45:25.547423,Central_Station,13.0827,80.2757,13,26,693,346,0.999898,False,2026-07-11 21:00:00,0.0,0.0,30.4,10.9,True,21,5,False,0.0,0.0,1.0,3.0,0.0,1.0,0.0,0.0,5.0,13.0,,,0.0,0,0
2026-07-11 21:45:25.547423,Anna_Salai_Teynampet,13.0455,80.25,24,33,1752,1274,0.963921,True,2026-07-11 21:00:00,0.0,0.0,30.4,10.9,True,21,5,False,0.0,0.0,0.0,0.0,0.0,0.0,0.0,0.0,0.0,0.0,,,0.0,0,0
2026-07-11 21:45:25.547423,Kathipara,13.0107,80.2016,28,28,158,158,1.0,False,2026-07-11 21:00:00,0.0,0.0,30.4,10.9,True,21,5,False,0.0,0.0,0.0,0.0,0.0,0.0,0.0,0.0,0.0,0.0,,,0.0,0,0
2026-07-11 21:45:25.547423,T_Nagar_Panagal,13.0418,80.2341,25,32,310,242,1.0,False,2026-07-11 21:00:00,0.0,0.0,30.4,10.9,True,21,5,False,0.0,0.0,0.0,0.0,0.0,0.0,0.0,0.0,0.0,0.0,,,0.0,0,0
2026-07-11 21:45:25.547423,Guindy,13.0067,80.2206,25,33,1719,1302,0.997215,False,2026-07-11 21:00:00,0.0,0.0,30.4,10.9,True,21,5,False,0.0,0.0,0.0,0.0,0.0,0.0,0.0,0.0,0.0,0.0,,,0.0,0,0
2026-07-11 21:45:25.547423,Egmore,13.0732,80.2609,17,24,2,1,1.0,False,2026-07-11 21:00:00,0.0,0.0,30.4,10.9,True,21,5,False,0.0,0.0,0.0,0.0,0.0,1.0,0.0,5.0,6.0,3.0,,,0.0,0,0
2026-07-11 21:50:25.530517,Tambaram,12.9249,80.1,24,28,1127,966,0.992464,False,2026-07-11 21:00:00,0.0,0.0,30.4,10.9,True,21,5,False,0.0,0.0,0.0,0.0,0.0,0.0,0.0,0.0,0.0,0.0,,,0.0,0,0
2026-07-11 21:50:25.530517,Kelambakkam_OMR,12.7925,80.2183,42,51,1625,1338,0.989069,False,2026-07-11 21:00:00,0.0,0.0,30.4,10.9,True,21,5,False,0.0,0.0,0.0,0.0,0.0,0.0,0.0,0.0,0.0,0.0,,,0.0,0,0
2026-07-11 21:50:25.530517,Chromepet,12.9516,80.1462,28,38,2549,1878,1.0,False,2026-07-11 21:00:00,0.0,0.0,30.4,10.9,True,21,5,False,0.0,0.0,0.0,0.0,0.0,0.0,0.0,0.0,0.0,0.0,,,0.0,0,0
2026-07-11 21:50:25.530517,Mylapore,13.0339,80.2698,17,17,443,443,0.735861,True,2026-07-11 21:00:00,0.0,0.0,30.4,10.9,True,21,5,False,0.0,0.0,0.0,0.0,0.0,0.0,0.0,0.0,0.0,0.0,,,0.0,0,0
2026-07-11 21:50:25.530517,Porur,13.0381,80.1564,14,18,175,136,0.97,False,2026-07-11 21:00:00,0.0,0.0,30.4,10.9,True,21,5,False,4.0,1.0,0.0,2.0,0.0,2.0,0.0,2.0,11.0,14.8,,,0.0,0,0
2026-07-11 21:50:25.530517,Anna_Nagar_Roundtana,13.085,80.2101,10,14,99,71,0.99,False,2026-07-11 21:00:00,0.0,0.0,30.4,10.9,True,21,5,False,2.0,0.0,5.0,0.0,2.0,1.0,0.0,2.0,12.0,12.0,,,0.0,0,0
2026-07-11 21:50:25.530517,Thoraipakkam_OMR,12.9407,80.235,20,20,523,523,1.0,False,2026-07-11 21:00:00,0.0,0.0,30.4,10.9,True,21,5,False,0.0,0.0,0.0,0.0,0.0,0.0,0.0,0.0,0.0,0.0,,,0.0,0,0
2026-07-11 21:50:25.530517,Velachery_Junction,12.9791,80.2211,27,33,1592,1302,0.997528,False,2026-07-11 21:00:00,0.0,0.0,30.4,10.9,True,21,5,False,2.0,1.0,4.0,1.0,2.0,0.0,1.0,1.0,12.0,12.3,,,0.0,0,0
2026-07-11 21:50:25.530517,Perambur,13.1141,80.2417,18,25,1439,1036,0.986031,False,2026-07-11 21:00:00,0.0,0.0,30.4,10.9,True,21,5,False,0.0,0.0,0.0,0.0,0.0,0.0,0.0,0.0,0.0,0.0,,,0.0,0,0
2026-07-11 21:50:25.530517,Perungudi_OMR,12.9634,80.2431,25,25,99,99,1.0,False,2026-07-11 21:00:00,0.0,0.0,30.4,10.9,True,21,5,False,0.0,0.0,0.0,0.0,0.0,0.0,0.0,0.0,0.0,0.0,,,0.0,0,0
2026-07-11 21:50:25.530517,Adyar_Signal,13.0064,80.257,14,25,822,460,0.95525,True,2026-07-11 21:00:00,0.0,0.0,30.4,10.9,True,21,5,False,0.0,0.0,0.0,0.0,0.0,0.0,0.0,0.0,0.0,0.0,,,0.0,0,0
2026-07-11 21:50:25.530517,Guindy,13.0067,80.2206,27,33,1592,1302,0.997528,False,2026-07-11 21:00:00,0.0,0.0,30.4,10.9,True,21,5,False,0.0,0.0,0.0,0.0,0.0,0.0,0.0,0.0,0.0,0.0,,,0.0,0,0
2026-07-11 21:50:25.530517,Vadapalani,13.0503,80.2121,16,31,517,267,1.0,False,2026-07-11 21:00:00,0.0,0.0,30.4,10.9,True,21,5,False,4.0,0.0,2.0,0.0,1.0,1.0,0.0,0.0,8.0,8.5,,,0.0,0,0
2026-07-11 21:50:25.530517,Koyambedu,13.0694,80.1948,19,19,231,231,1.0,False,2026-07-11 21:00:00,0.0,0.0,30.4,10.9,True,21,5,False,0.0,0.0,0.0,0.0,0.0,0.0,0.0,0.0,0.0,0.0,,,0.0,0,0
2026-07-11 21:50:25.530517,Central_Station,13.0827,80.2757,13,26,693,346,0.997882,False,2026-07-11 21:00:00,0.0,0.0,30.4,10.9,True,21,5,False,0.0,0.0,1.0,3.0,0.0,1.0,0.0,0.0,5.0,13.0,,,0.0,0,0
2026-07-11 21:50:25.530517,Egmore,13.0732,80.2609,25,25,1,1,1.0,False,2026-07-11 21:00:00,0.0,0.0,30.4,10.9,True,21,5,False,0.0,0.0,0.0,0.0,0.0,1.0,0.0,5.0,6.0,3.0,,,0.0,0,0
2026-07-11 21:50:25.530517,Anna_Salai_Teynampet,13.0455,80.25,24,32,1752,1314,0.962579,True,2026-07-11 21:00:00,0.0,0.0,30.4,10.9,True,21,5,False,0.0,0.0,0.0,0.0,0.0,0.0,0.0,0.0,0.0,0.0,,,0.0,0,0
2026-07-11 21:50:25.530517,T_Nagar_Panagal,13.0418,80.2341,23,32,337,242,1.0,False,2026-07-11 21:00:00,0.0,0.0,30.4,10.9,True,21,5,False,0.0,0.0,0.0,0.0,0.0,0.0,0.0,0.0,0.0,0.0,,,0.0,0,0
2026-07-11 21:50:25.530517,Ashok_Nagar,13.0385,80.2107,35,35,2047,2047,1.0,False,2026-07-11 21:00:00,0.0,0.0,30.4,10.9,True,21,5,False,0.0,0.0,0.0,0.0,0.0,0.0,0.0,0.0,0.0,0.0,,,0.0,0,0
2026-07-11 21:50:25.530517,Kathipara,13.0107,80.2016,21,28,211,158,1.0,False,2026-07-11 21:00:00,0.0,0.0,30.4,10.9,True,21,5,False,0.0,0.0,0.0,0.0,0.0,0.0,0.0,0.0,0.0,0.0,,,0.0,0,0
2026-07-11 22:15:25.373647,Tambaram,12.9249,80.1,28,28,966,966,1.0,False,2026-07-11 22:00:00,0.0,0.0,30.1,11.4,True,22,5,False,0.0,0.0,0.0,0.0,0.0,0.0,0.0,0.0,0.0,0.0,,,0.0,0,0
2026-07-11 22:15:25.373647,Velachery_Junction,12.9791,80.2211,28,33,1535,1302,0.997556,False,2026-07-11 22:00:00,0.0,0.0,30.1,11.4,True,22,5,False,2.0,1.0,4.0,1.0,2.0,0.0,1.0,1.0,12.0,12.3,,,0.0,0,0
2026-07-11 22:15:25.373647,Perungudi_OMR,12.9634,80.2431,25,25,99,99,1.0,False,2026-07-11 22:00:00,0.0,0.0,30.1,11.4,True,22,5,False,0.0,0.0,0.0,0.0,0.0,0.0,0.0,0.0,0.0,0.0,,,0.0,0,0
2026-07-11 22:15:25.373647,Kelambakkam_OMR,12.7925,80.2183,51,51,1338,1338,1.0,False,2026-07-11 22:00:00,0.0,0.0,30.1,11.4,True,22,5,False,0.0,0.0,0.0,0.0,0.0,0.0,0.0,0.0,0.0,0.0,,,0.0,0,0
2026-07-11 22:15:25.373647,Mylapore,13.0339,80.2698,15,17,503,443,0.680099,True,2026-07-11 22:00:00,0.0,0.0,30.1,11.4,True,22,5,False,0.0,0.0,0.0,0.0,0.0,0.0,0.0,0.0,0.0,0.0,,,0.0,0,0
2026-07-11 22:15:25.373647,Perambur,13.1141,80.2417,18,24,1439,1079,0.989957,False,2026-07-11 22:00:00,0.0,0.0,30.1,11.4,True,22,5,False,0.0,0.0,0.0,0.0,0.0,0.0,0.0,0.0,0.0,0.0,,,0.0,0,0
2026-07-11 22:15:25.373647,Anna_Nagar_Roundtana,13.085,80.2101,15,15,66,66,1.0,False,2026-07-11 22:00:00,0.0,0.0,30.1,11.4,True,22,5,False,2.0,0.0,5.0,0.0,2.0,1.0,0.0,2.0,12.0,12.0,,,0.0,0,0
2026-07-11 22:15:25.373647,Porur,13.0381,80.1564,19,19,129,129,1.0,False,2026-07-11 22:00:00,0.0,0.0,30.1,11.4,True,22,5,False,4.0,1.0,0.0,2.0,0.0,2.0,0.0,2.0,11.0,14.8,,,0.0,0,0
2026-07-11 22:15:25.373647,Thoraipakkam_OMR,12.9407,80.235,20,20,523,523,1.0,False,2026-07-11 22:00:00,0.0,0.0,30.1,11.4,True,22,5,False,0.0,0.0,0.0,0.0,0.0,0.0,0.0,0.0,0.0,0.0,,,0.0,0,0
2026-07-11 22:15:25.373647,Chromepet,12.9516,80.1462,29,38,2461,1878,1.0,False,2026-07-11 22:00:00,0.0,0.0,30.1,11.4,True,22,5,False,0.0,0.0,0.0,0.0,0.0,0.0,0.0,0.0,0.0,0.0,,,0.0,0,0
2026-07-11 22:15:25.373647,Guindy,13.0067,80.2206,28,33,1535,1302,0.997556,False,2026-07-11 22:00:00,0.0,0.0,30.1,11.4,True,22,5,False,0.0,0.0,0.0,0.0,0.0,0.0,0.0,0.0,0.0,0.0,,,0.0,0,0
2026-07-11 22:15:25.373647,Vadapalani,13.0503,80.2121,15,31,552,267,0.997248,False,2026-07-11 22:00:00,0.0,0.0,30.1,11.4,True,22,5,False,4.0,0.0,2.0,0.0,1.0,1.0,0.0,0.0,8.0,8.5,,,0.0,0,0
2026-07-11 22:15:25.373647,Koyambedu,13.0694,80.1948,19,19,231,231,1.0,False,2026-07-11 22:00:00,0.0,0.0,30.1,11.4,True,22,5,False,0.0,0.0,0.0,0.0,0.0,0.0,0.0,0.0,0.0,0.0,,,0.0,0,0
2026-07-11 22:15:25.373647,Central_Station,13.0827,80.2757,16,26,563,346,1.0,False,2026-07-11 22:00:00,0.0,0.0,30.1,11.4,True,22,5,False,0.0,0.0,1.0,3.0,0.0,1.0,0.0,0.0,5.0,13.0,,,0.0,0,0
2026-07-11 22:15:25.373647,Egmore,13.0732,80.2609,25,25,1,1,1.0,False,2026-07-11 22:00:00,0.0,0.0,30.1,11.4,True,22,5,False,0.0,0.0,0.0,0.0,0.0,1.0,0.0,5.0,6.0,3.0,,,0.0,0,0
2026-07-11 22:15:25.373647,Anna_Salai_Teynampet,13.0455,80.25,24,33,1752,1274,0.965285,True,2026-07-11 22:00:00,0.0,0.0,30.1,11.4,True,22,5,False,0.0,0.0,0.0,0.0,0.0,0.0,0.0,0.0,0.0,0.0,,,0.0,0,0
2026-07-11 22:15:25.373647,T_Nagar_Panagal,13.0418,80.2341,32,32,242,242,1.0,False,2026-07-11 22:00:00,0.0,0.0,30.1,11.4,True,22,5,False,0.0,0.0,0.0,0.0,0.0,0.0,0.0,0.0,0.0,0.0,,,0.0,0,0
2026-07-11 22:15:25.373647,Adyar_Signal,13.0064,80.257,15,26,768,443,0.95515,True,2026-07-11 22:00:00,0.0,0.0,30.1,11.4,True,22,5,False,0.0,0.0,0.0,0.0,0.0,0.0,0.0,0.0,0.0,0.0,,,0.0,0,0
2026-07-11 22:15:25.373647,Ashok_Nagar,13.0385,80.2107,30,35,2388,2047,1.0,False,2026-07-11 22:00:00,0.0,0.0,30.1,11.4,True,22,5,False,0.0,0.0,0.0,0.0,0.0,0.0,0.0,0.0,0.0,0.0,,,0.0,0,0
2026-07-11 22:15:25.373647,Kathipara,13.0107,80.2016,28,28,158,158,1.0,False,2026-07-11 22:00:00,0.0,0.0,30.1,11.4,True,22,5,False,0.0,0.0,0.0,0.0,0.0,0.0,0.0,0.0,0.0,0.0,,,0.0,0,0
2026-07-11 22:25:25.469687,Velachery_Junction,12.9791,80.2211,28,33,1535,1302,0.997019,False,2026-07-11 22:00:00,0.0,0.0,30.1,11.4,True,22,5,False,2.0,1.0,4.0,1.0,2.0,0.0,1.0,1.0,12.0,12.3,,,0.0,0,0
2026-07-11 22:25:25.469687,Thoraipakkam_OMR,12.9407,80.235,20,20,523,523,1.0,False,2026-07-11 22:00:00,0.0,0.0,30.1,11.4,True,22,5,False,0.0,0.0,0.0,0.0,0.0,0.0,0.0,0.0,0.0,0.0,,,0.0,0,0
2026-07-11 22:25:25.469687,Anna_Nagar_Roundtana,13.085,80.2101,15,15,66,66,1.0,False,2026-07-11 22:00:00,0.0,0.0,30.1,11.4,True,22,5,False,2.0,0.0,5.0,0.0,2.0,1.0,0.0,2.0,12.0,12.0,,,0.0,0,0
2026-07-11 22:25:25.469687,Perungudi_OMR,12.9634,80.2431,19,24,131,103,0.980942,False,2026-07-11 22:00:00,0.0,0.0,30.1,11.4,True,22,5,False,0.0,0.0,0.0,0.0,0.0,0.0,0.0,0.0,0.0,0.0,,,0.0,0,0
2026-07-11 22:25:25.469687,Tambaram,12.9249,80.1,28,28,966,966,1.0,False,2026-07-11 22:00:00,0.0,0.0,30.1,11.4,True,22,5,False,0.0,0.0,0.0,0.0,0.0,0.0,0.0,0.0,0.0,0.0,,,0.0,0,0
2026-07-11 22:25:25.469687,Kelambakkam_OMR,12.7925,80.2183,51,51,1338,1338,1.0,False,2026-07-11 22:00:00,0.0,0.0,30.1,11.4,True,22,5,False,0.0,0.0,0.0,0.0,0.0,0.0,0.0,0.0,0.0,0.0,,,0.0,0,0
2026-07-11 22:25:25.469687,Chromepet,12.9516,80.1462,29,38,2461,1878,1.0,False,2026-07-11 22:00:00,0.0,0.0,30.1,11.4,True,22,5,False,0.0,0.0,0.0,0.0,0.0,0.0,0.0,0.0,0.0,0.0,,,0.0,0,0
2026-07-11 22:25:25.469687,Perambur,13.1141,80.2417,20,25,1295,1036,0.988697,False,2026-07-11 22:00:00,0.0,0.0,30.1,11.4,True,22,5,False,0.0,0.0,0.0,0.0,0.0,0.0,0.0,0.0,0.0,0.0,,,0.0,0,0
2026-07-11 22:25:25.469687,Mylapore,13.0339,80.2698,17,17,443,443,0.639469,True,2026-07-11 22:00:00,0.0,0.0,30.1,11.4,True,22,5,False,0.0,0.0,0.0,0.0,0.0,0.0,0.0,0.0,0.0,0.0,,,0.0,0,0
2026-07-11 22:25:25.469687,Porur,13.0381,80.1564,19,19,129,129,1.0,False,2026-07-11 22:00:00,0.0,0.0,30.1,11.4,True,22,5,False,4.0,1.0,0.0,2.0,0.0,2.0,0.0,2.0,11.0,14.8,,,0.0,0,0
2026-07-11 22:25:25.469687,Central_Station,13.0827,80.2757,17,26,529,346,0.995409,False,2026-07-11 22:00:00,0.0,0.0,30.1,11.4,True,22,5,False,0.0,0.0,1.0,3.0,0.0,1.0,0.0,0.0,5.0,13.0,,,0.0,0,0
2026-07-11 22:25:25.469687,Anna_Salai_Teynampet,13.0455,80.25,25,33,1682,1274,0.965264,True,2026-07-11 22:00:00,0.0,0.0,30.1,11.4,True,22,5,False,0.0,0.0,0.0,0.0,0.0,0.0,0.0,0.0,0.0,0.0,,,0.0,0,0
2026-07-11 22:25:25.469687,Kathipara,13.0107,80.2016,28,28,158,158,1.0,False,2026-07-11 22:00:00,0.0,0.0,30.1,11.4,True,22,5,False,0.0,0.0,0.0,0.0,0.0,0.0,0.0,0.0,0.0,0.0,,,0.0,0,0
2026-07-11 22:25:25.469687,Koyambedu,13.0694,80.1948,19,19,231,231,1.0,False,2026-07-11 22:00:00,0.0,0.0,30.1,11.4,True,22,5,False,0.0,0.0,0.0,0.0,0.0,0.0,0.0,0.0,0.0,0.0,,,0.0,0,0
2026-07-11 22:25:25.469687,Egmore,13.0732,80.2609,18,25,2,1,1.0,False,2026-07-11 22:00:00,0.0,0.0,30.1,11.4,True,22,5,False,0.0,0.0,0.0,0.0,0.0,1.0,0.0,5.0,6.0,3.0,,,0.0,0,0
2026-07-11 22:25:25.469687,Vadapalani,13.0503,80.2121,14,31,591,267,0.997098,False,2026-07-11 22:00:00,0.0,0.0,30.1,11.4,True,22,5,False,4.0,0.0,2.0,0.0,1.0,1.0,0.0,0.0,8.0,8.5,,,0.0,0,0
2026-07-11 22:25:25.469687,Adyar_Signal,13.0064,80.257,16,25,720,460,0.955941,True,2026-07-11 22:00:00,0.0,0.0,30.1,11.4,True,22,5,False,0.0,0.0,0.0,0.0,0.0,0.0,0.0,0.0,0.0,0.0,,,0.0,0,0
2026-07-11 22:25:25.469687,T_Nagar_Panagal,13.0418,80.2341,32,32,242,242,1.0,False,2026-07-11 22:00:00,0.0,0.0,30.1,11.4,True,22,5,False,0.0,0.0,0.0,0.0,0.0,0.0,0.0,0.0,0.0,0.0,,,0.0,0,0
2026-07-11 22:25:25.469687,Guindy,13.0067,80.2206,28,33,1535,1302,0.997019,False,2026-07-11 22:00:00,0.0,0.0,30.1,11.4,True,22,5,False,0.0,0.0,0.0,0.0,0.0,0.0,0.0,0.0,0.0,0.0,,,0.0,0,0
2026-07-11 22:25:25.469687,Ashok_Nagar,13.0385,80.2107,35,35,2047,2047,1.0,False,2026-07-11 22:00:00,0.0,0.0,30.1,11.4,True,22,5,False,0.0,0.0,0.0,0.0,0.0,0.0,0.0,0.0,0.0,0.0,,,0.0,0,0
2026-07-11 22:30:26.377574,Anna_Nagar_Roundtana,13.085,80.2101,15,15,66,66,1.0,False,2026-07-11 22:00:00,0.0,0.0,30.1,11.4,True,22,5,False,2.0,0.0,5.0,0.0,2.0,1.0,0.0,2.0,12.0,12.0,,,0.0,0,0
2026-07-11 22:30:26.377574,Chromepet,12.9516,80.1462,30,38,2379,1878,1.0,False,2026-07-11 22:00:00,0.0,0.0,30.1,11.4,True,22,5,False,0.0,0.0,0.0,0.0,0.0,0.0,0.0,0.0,0.0,0.0,,,0.0,0,0
2026-07-11 22:30:26.377574,Mylapore,13.0339,80.2698,17,17,443,443,0.604578,True,2026-07-11 22:00:00,0.0,0.0,30.1,11.4,True,22,5,False,0.0,0.0,0.0,0.0,0.0,0.0,0.0,0.0,0.0,0.0,,,0.0,0,0
2026-07-11 22:30:26.377574,Kelambakkam_OMR,12.7925,80.2183,51,51,1338,1338,1.0,False,2026-07-11 22:00:00,0.0,0.0,30.1,11.4,True,22,5,False,0.0,0.0,0.0,0.0,0.0,0.0,0.0,0.0,0.0,0.0,,,0.0,0,0
2026-07-11 22:30:26.377574,Adyar_Signal,13.0064,80.257,17,25,677,460,0.955941,True,2026-07-11 22:00:00,0.0,0.0,30.1,11.4,True,22,5,False,0.0,0.0,0.0,0.0,0.0,0.0,0.0,0.0,0.0,0.0,,,0.0,0,0
2026-07-11 22:30:26.377574,Porur,13.0381,80.1564,19,19,129,129,1.0,False,2026-07-11 22:00:00,0.0,0.0,30.1,11.4,True,22,5,False,4.0,1.0,0.0,2.0,0.0,2.0,0.0,2.0,11.0,14.8,,,0.0,0,0
2026-07-11 22:30:26.377574,Thoraipakkam_OMR,12.9407,80.235,20,20,523,523,1.0,False,2026-07-11 22:00:00,0.0,0.0,30.1,11.4,True,22,5,False,0.0,0.0,0.0,0.0,0.0,0.0,0.0,0.0,0.0,0.0,,,0.0,0,0
2026-07-11 22:30:26.377574,Perambur,13.1141,80.2417,21,24,1233,1079,0.988476,False,2026-07-11 22:00:00,0.0,0.0,30.1,11.4,True,22,5,False,0.0,0.0,0.0,0.0,0.0,0.0,0.0,0.0,0.0,0.0,,,0.0,0,0
2026-07-11 22:30:26.377574,Guindy,13.0067,80.2206,28,32,1535,1343,0.996145,False,2026-07-11 22:00:00,0.0,0.0,30.1,11.4,True,22,5,False,0.0,0.0,0.0,0.0,0.0,0.0,0.0,0.0,0.0,0.0,,,0.0,0,0
2026-07-11 22:30:26.377574,Perungudi_OMR,12.9634,80.2431,25,25,99,99,1.0,False,2026-07-11 22:00:00,0.0,0.0,30.1,11.4,True,22,5,False,0.0,0.0,0.0,0.0,0.0,0.0,0.0,0.0,0.0,0.0,,,0.0,0,0
2026-07-11 22:30:26.377574,Ashok_Nagar,13.0385,80.2107,35,35,2047,2047,1.0,False,2026-07-11 22:00:00,0.0,0.0,30.1,11.4,True,22,5,False,0.0,0.0,0.0,0.0,0.0,0.0,0.0,0.0,0.0,0.0,,,0.0,0,0
2026-07-11 22:30:26.377574,Velachery_Junction,12.9791,80.2211,28,32,1535,1343,0.996145,False,2026-07-11 22:00:00,0.0,0.0,30.1,11.4,True,22,5,False,2.0,1.0,4.0,1.0,2.0,0.0,1.0,1.0,12.0,12.3,,,0.0,0,0
2026-07-11 22:30:26.377574,Egmore,13.0732,80.2609,15,25,3,1,1.0,False,2026-07-11 22:00:00,0.0,0.0,30.1,11.4,True,22,5,False,0.0,0.0,0.0,0.0,0.0,1.0,0.0,5.0,6.0,3.0,,,0.0,0,0
2026-07-11 22:30:26.377574,Vadapalani,13.0503,80.2121,14,31,591,267,0.998628,False,2026-07-11 22:00:00,0.0,0.0,30.1,11.4,True,22,5,False,4.0,0.0,2.0,0.0,1.0,1.0,0.0,0.0,8.0,8.5,,,0.0,0,0
2026-07-11 22:30:26.377574,Koyambedu,13.0694,80.1948,19,19,231,231,1.0,False,2026-07-11 22:00:00,0.0,0.0,30.1,11.4,True,22,5,False,0.0,0.0,0.0,0.0,0.0,0.0,0.0,0.0,0.0,0.0,,,0.0,0,0
2026-07-11 22:30:26.377574,Tambaram,12.9249,80.1,28,28,966,966,1.0,False,2026-07-11 22:00:00,0.0,0.0,30.1,11.4,True,22,5,False,0.0,0.0,0.0,0.0,0.0,0.0,0.0,0.0,0.0,0.0,,,0.0,0,0
2026-07-11 22:30:26.377574,Kathipara,13.0107,80.2016,28,28,158,158,1.0,False,2026-07-11 22:00:00,0.0,0.0,30.1,11.4,True,22,5,False,0.0,0.0,0.0,0.0,0.0,0.0,0.0,0.0,0.0,0.0,,,0.0,0,0
2026-07-11 22:30:26.377574,Anna_Salai_Teynampet,13.0455,80.25,25,33,1682,1274,0.965189,True,2026-07-11 22:00:00,0.0,0.0,30.1,11.4,True,22,5,False,0.0,0.0,0.0,0.0,0.0,0.0,0.0,0.0,0.0,0.0,,,0.0,0,0
2026-07-11 22:30:26.377574,T_Nagar_Panagal,13.0418,80.2341,32,32,242,242,1.0,False,2026-07-11 22:00:00,0.0,0.0,30.1,11.4,True,22,5,False,0.0,0.0,0.0,0.0,0.0,0.0,0.0,0.0,0.0,0.0,,,0.0,0,0
2026-07-11 22:30:26.377574,Central_Station,13.0827,80.2757,18,26,500,346,1.0,False,2026-07-11 22:00:00,0.0,0.0,30.1,11.4,True,22,5,False,0.0,0.0,1.0,3.0,0.0,1.0,0.0,0.0,5.0,13.0,,,0.0,0,0
2026-07-11 22:50:25.853625,Velachery_Junction,12.9791,80.2211,32,32,1343,1343,1.0,False,2026-07-11 22:00:00,0.0,0.0,30.1,11.4,True,22,5,False,2.0,1.0,4.0,1.0,2.0,0.0,1.0,1.0,12.0,12.3,,,0.0,0,0
2026-07-11 22:50:25.853625,Tambaram,12.9249,80.1,28,28,966,966,1.0,False,2026-07-11 22:00:00,0.0,0.0,30.1,11.4,True,22,5,False,0.0,0.0,0.0,0.0,0.0,0.0,0.0,0.0,0.0,0.0,,,0.0,0,0
2026-07-11 22:50:25.853625,Chromepet,12.9516,80.1462,31,38,2302,1878,1.0,False,2026-07-11 22:00:00,0.0,0.0,30.1,11.4,True,22,5,False,0.0,0.0,0.0,0.0,0.0,0.0,0.0,0.0,0.0,0.0,,,0.0,0,0
2026-07-11 22:50:25.853625,Mylapore,13.0339,80.2698,17,17,443,443,0.661675,True,2026-07-11 22:00:00,0.0,0.0,30.1,11.4,True,22,5,False,0.0,0.0,0.0,0.0,0.0,0.0,0.0,0.0,0.0,0.0,,,0.0,0,0
2026-07-11 22:50:25.853625,Perambur,13.1141,80.2417,25,25,1036,1036,1.0,False,2026-07-11 22:00:00,0.0,0.0,30.1,11.4,True,22,5,False,0.0,0.0,0.0,0.0,0.0,0.0,0.0,0.0,0.0,0.0,,,0.0,0,0
2026-07-11 22:50:25.853625,Anna_Nagar_Roundtana,13.085,80.2101,15,15,66,66,1.0,False,2026-07-11 22:00:00,0.0,0.0,30.1,11.4,True,22,5,False,2.0,0.0,5.0,0.0,2.0,1.0,0.0,2.0,12.0,12.0,,,0.0,0,0
2026-07-11 22:50:25.853625,Porur,13.0381,80.1564,19,19,129,129,1.0,False,2026-07-11 22:00:00,0.0,0.0,30.1,11.4,True,22,5,False,4.0,1.0,0.0,2.0,0.0,2.0,0.0,2.0,11.0,14.8,,,0.0,0,0
2026-07-11 22:50:25.853625,Thoraipakkam_OMR,12.9407,80.235,16,19,654,551,0.902402,False,2026-07-11 22:00:00,0.0,0.0,30.1,11.4,True,22,5,False,0.0,0.0,0.0,0.0,0.0,0.0,0.0,0.0,0.0,0.0,,,0.0,0,0
2026-07-11 22:50:25.853625,Perungudi_OMR,12.9634,80.2431,16,25,155,99,0.98,False,2026-07-11 22:00:00,0.0,0.0,30.1,11.4,True,22,5,False,0.0,0.0,0.0,0.0,0.0,0.0,0.0,0.0,0.0,0.0,,,0.0,0,0
2026-07-11 22:50:25.853625,Kelambakkam_OMR,12.7925,80.2183,51,51,1338,1338,1.0,False,2026-07-11 22:00:00,0.0,0.0,30.1,11.4,True,22,5,False,0.0,0.0,0.0,0.0,0.0,0.0,0.0,0.0,0.0,0.0,,,0.0,0,0
2026-07-11 22:50:25.853625,Ashok_Nagar,13.0385,80.2107,31,35,2311,2047,0.997307,False,2026-07-11 22:00:00,0.0,0.0,30.1,11.4,True,22,5,False,0.0,0.0,0.0,0.0,0.0,0.0,0.0,0.0,0.0,0.0,,,0.0,0,0
2026-07-11 22:50:25.853625,Guindy,13.0067,80.2206,32,32,1343,1343,1.0,False,2026-07-11 22:00:00,0.0,0.0,30.1,11.4,True,22,5,False,0.0,0.0,0.0,0.0,0.0,0.0,0.0,0.0,0.0,0.0,,,0.0,0,0
2026-07-11 22:50:25.853625,T_Nagar_Panagal,13.0418,80.2341,32,32,242,242,1.0,False,2026-07-11 22:00:00,0.0,0.0,30.1,11.4,True,22,5,False,0.0,0.0,0.0,0.0,0.0,0.0,0.0,0.0,0.0,0.0,,,0.0,0,0
2026-07-11 22:50:25.853625,Anna_Salai_Teynampet,13.0455,80.25,26,32,1618,1314,0.965188,True,2026-07-11 22:00:00,0.0,0.0,30.1,11.4,True,22,5,False,0.0,0.0,0.0,0.0,0.0,0.0,0.0,0.0,0.0,0.0,,,0.0,0,0
2026-07-11 22:50:25.853625,Adyar_Signal,13.0064,80.257,20,25,576,460,0.951909,True,2026-07-11 22:00:00,0.0,0.0,30.1,11.4,True,22,5,False,0.0,0.0,0.0,0.0,0.0,0.0,0.0,0.0,0.0,0.0,,,0.0,0,0
2026-07-11 22:50:25.853625,Central_Station,13.0827,80.2757,21,25,429,360,1.0,False,2026-07-11 22:00:00,0.0,0.0,30.1,11.4,True,22,5,False,0.0,0.0,1.0,3.0,0.0,1.0,0.0,0.0,5.0,13.0,,,0.0,0,0
2026-07-11 22:50:25.853625,Koyambedu,13.0694,80.1948,12,20,365,219,0.917742,False,2026-07-11 22:00:00,0.0,0.0,30.1,11.4,True,22,5,False,0.0,0.0,0.0,0.0,0.0,0.0,0.0,0.0,0.0,0.0,,,0.0,0,0
2026-07-11 22:50:25.853625,Vadapalani,13.0503,80.2121,17,30,487,276,0.998633,False,2026-07-11 22:00:00,0.0,0.0,30.1,11.4,True,22,5,False,4.0,0.0,2.0,0.0,1.0,1.0,0.0,0.0,8.0,8.5,,,0.0,0,0
2026-07-11 22:50:25.853625,Egmore,13.0732,80.2609,25,25,1,1,1.0,False,2026-07-11 22:00:00,0.0,0.0,30.1,11.4,True,22,5,False,0.0,0.0,0.0,0.0,0.0,1.0,0.0,5.0,6.0,3.0,,,0.0,0,0
2026-07-11 22:50:25.853625,Kathipara,13.0107,80.2016,28,28,158,158,1.0,False,2026-07-11 22:00:00,0.0,0.0,30.1,11.4,True,22,5,False,0.0,0.0,0.0,0.0,0.0,0.0,0.0,0.0,0.0,0.0,,,0.0,0,0
2026-07-11 22:55:25.569123,Chromepet,12.9516,80.1462,31,38,2302,1878,1.0,False,2026-07-11 22:00:00,0.0,0.0,30.1,11.4,True,22,5,False,0.0,0.0,0.0,0.0,0.0,0.0,0.0,0.0,0.0,0.0,,,0.0,0,0
2026-07-11 22:55:25.569123,Mylapore,13.0339,80.2698,17,17,443,443,0.662873,True,2026-07-11 22:00:00,0.0,0.0,30.1,11.4,True,22,5,False,0.0,0.0,0.0,0.0,0.0,0.0,0.0,0.0,0.0,0.0,,,0.0,0,0
2026-07-11 22:55:25.569123,Perambur,13.1141,80.2417,25,25,1036,1036,1.0,False,2026-07-11 22:00:00,0.0,0.0,30.1,11.4,True,22,5,False,0.0,0.0,0.0,0.0,0.0,0.0,0.0,0.0,0.0,0.0,,,0.0,0,0
2026-07-11 22:55:25.569123,Velachery_Junction,12.9791,80.2211,32,32,1343,1343,1.0,False,2026-07-11 22:00:00,0.0,0.0,30.1,11.4,True,22,5,False,2.0,1.0,4.0,1.0,2.0,0.0,1.0,1.0,12.0,12.3,,,0.0,0,0
2026-07-11 22:55:25.569123,Anna_Nagar_Roundtana,13.085,80.2101,15,15,66,66,1.0,False,2026-07-11 22:00:00,0.0,0.0,30.1,11.4,True,22,5,False,2.0,0.0,5.0,0.0,2.0,1.0,0.0,2.0,12.0,12.0,,,0.0,0,0
2026-07-11 22:55:25.569123,Thoraipakkam_OMR,12.9407,80.235,20,20,523,523,1.0,False,2026-07-11 22:00:00,0.0,0.0,30.1,11.4,True,22,5,False,0.0,0.0,0.0,0.0,0.0,0.0,0.0,0.0,0.0,0.0,,,0.0,0,0
2026-07-11 22:55:25.569123,Perungudi_OMR,12.9634,80.2431,25,25,99,99,1.0,False,2026-07-11 22:00:00,0.0,0.0,30.1,11.4,True,22,5,False,0.0,0.0,0.0,0.0,0.0,0.0,0.0,0.0,0.0,0.0,,,0.0,0,0
2026-07-11 22:55:25.569123,Tambaram,12.9249,80.1,28,28,966,966,1.0,False,2026-07-11 22:00:00,0.0,0.0,30.1,11.4,True,22,5,False,0.0,0.0,0.0,0.0,0.0,0.0,0.0,0.0,0.0,0.0,,,0.0,0,0
2026-07-11 22:55:25.569123,Porur,13.0381,80.1564,19,19,129,129,1.0,False,2026-07-11 22:00:00,0.0,0.0,30.1,11.4,True,22,5,False,4.0,1.0,0.0,2.0,0.0,2.0,0.0,2.0,11.0,14.8,,,0.0,0,0
2026-07-11 22:55:25.569123,Kelambakkam_OMR,12.7925,80.2183,51,51,1338,1338,1.0,False,2026-07-11 22:00:00,0.0,0.0,30.1,11.4,True,22,5,False,0.0,0.0,0.0,0.0,0.0,0.0,0.0,0.0,0.0,0.0,,,0.0,0,0
2026-07-11 22:55:25.569123,Adyar_Signal,13.0064,80.257,18,25,640,460,0.952057,True,2026-07-11 22:00:00,0.0,0.0,30.1,11.4,True,22,5,False,0.0,0.0,0.0,0.0,0.0,0.0,0.0,0.0,0.0,0.0,,,0.0,0,0
2026-07-11 22:55:25.569123,T_Nagar_Panagal,13.0418,80.2341,32,32,242,242,1.0,False,2026-07-11 22:00:00,0.0,0.0,30.1,11.4,True,22,5,False,0.0,0.0,0.0,0.0,0.0,0.0,0.0,0.0,0.0,0.0,,,0.0,0,0
2026-07-11 22:55:25.569123,Central_Station,13.0827,80.2757,26,26,346,346,1.0,False,2026-07-11 22:00:00,0.0,0.0,30.1,11.4,True,22,5,False,0.0,0.0,1.0,3.0,0.0,1.0,0.0,0.0,5.0,13.0,,,0.0,0,0
2026-07-11 22:55:25.569123,Egmore,13.0732,80.2609,25,25,1,1,1.0,False,2026-07-11 22:00:00,0.0,0.0,30.1,11.4,True,22,5,False,0.0,0.0,0.0,0.0,0.0,1.0,0.0,5.0,6.0,3.0,,,0.0,0,0
2026-07-11 22:55:25.569123,Anna_Salai_Teynampet,13.0455,80.25,27,32,1558,1314,0.965264,True,2026-07-11 22:00:00,0.0,0.0,30.1,11.4,True,22,5,False,0.0,0.0,0.0,0.0,0.0,0.0,0.0,0.0,0.0,0.0,,,0.0,0,0
2026-07-11 22:55:25.569123,Koyambedu,13.0694,80.1948,12,19,365,231,0.928871,False,2026-07-11 22:00:00,0.0,0.0,30.1,11.4,True,22,5,False,0.0,0.0,0.0,0.0,0.0,0.0,0.0,0.0,0.0,0.0,,,0.0,0,0
2026-07-11 22:55:25.569123,Guindy,13.0067,80.2206,32,32,1343,1343,1.0,False,2026-07-11 22:00:00,0.0,0.0,30.1,11.4,True,22,5,False,0.0,0.0,0.0,0.0,0.0,0.0,0.0,0.0,0.0,0.0,,,0.0,0,0
2026-07-11 22:55:25.569123,Kathipara,13.0107,80.2016,28,28,158,158,1.0,False,2026-07-11 22:00:00,0.0,0.0,30.1,11.4,True,22,5,False,0.0,0.0,0.0,0.0,0.0,0.0,0.0,0.0,0.0,0.0,,,0.0,0,0
2026-07-11 22:55:25.569123,Vadapalani,13.0503,80.2121,16,30,517,276,0.997152,False,2026-07-11 22:00:00,0.0,0.0,30.1,11.4,True,22,5,False,4.0,0.0,2.0,0.0,1.0,1.0,0.0,0.0,8.0,8.5,,,0.0,0,0
2026-07-11 22:55:25.569123,Ashok_Nagar,13.0385,80.2107,35,35,2047,2047,1.0,False,2026-07-11 22:00:00,0.0,0.0,30.1,11.4,True,22,5,False,0.0,0.0,0.0,0.0,0.0,0.0,0.0,0.0,0.0,0.0,,,0.0,0,0
2026-07-12 23:32:12.002858,Perungudi_OMR,12.9634,80.2431,25,25,99,99,1.0,False,2026-07-12 23:00:00,0.0,0.0,30.7,10.8,True,23,6,False,0.0,0.0,0.0,0.0,0.0,0.0,0.0,0.0,0.0,0.0,,,0.0,0,0
2026-07-12 23:32:12.002858,Kelambakkam_OMR,12.7925,80.2183,51,51,1338,1338,1.0,False,2026-07-12 23:00:00,0.0,0.0,30.7,10.8,True,23,6,False,0.0,0.0,0.0,0.0,0.0,0.0,0.0,0.0,0.0,0.0,,,0.0,0,0
2026-07-12 23:32:12.002858,Chromepet,12.9516,80.1462,38,38,1878,1878,1.0,False,2026-07-12 23:00:00,0.0,0.0,30.7,10.8,True,23,6,False,0.0,0.0,0.0,0.0,0.0,0.0,0.0,0.0,0.0,0.0,,,0.0,0,0
2026-07-12 23:32:12.002858,Mylapore,13.0339,80.2698,17,17,443,443,0.620626,True,2026-07-12 23:00:00,0.0,0.0,30.7,10.8,True,23,6,False,0.0,0.0,0.0,0.0,0.0,0.0,0.0,0.0,0.0,0.0,,,0.0,0,0
2026-07-12 23:32:12.002858,Anna_Nagar_Roundtana,13.085,80.2101,15,15,66,66,1.0,False,2026-07-12 23:00:00,0.0,0.0,30.7,10.8,True,23,6,False,2.0,0.0,5.0,0.0,2.0,1.0,0.0,2.0,12.0,12.0,,,0.0,0,0
2026-07-12 23:32:12.002858,Tambaram,12.9249,80.1,28,28,966,966,1.0,False,2026-07-12 23:00:00,0.0,0.0,30.7,10.8,True,23,6,False,0.0,0.0,0.0,0.0,0.0,0.0,0.0,0.0,0.0,0.0,,,0.0,0,0
2026-07-12 23:32:12.002858,Porur,13.0381,80.1564,19,19,129,129,1.0,False,2026-07-12 23:00:00,0.0,0.0,30.7,10.8,True,23,6,False,4.0,1.0,0.0,2.0,0.0,2.0,0.0,2.0,11.0,14.8,,,0.0,0,0
2026-07-12 23:32:12.002858,Thoraipakkam_OMR,12.9407,80.235,20,20,523,523,1.0,False,2026-07-12 23:00:00,0.0,0.0,30.7,10.8,True,23,6,False,0.0,0.0,0.0,0.0,0.0,0.0,0.0,0.0,0.0,0.0,,,0.0,0,0
2026-07-12 23:32:12.002858,Velachery_Junction,12.9791,80.2211,32,32,1343,1343,1.0,False,2026-07-12 23:00:00,0.0,0.0,30.7,10.8,True,23,6,False,2.0,1.0,4.0,1.0,2.0,0.0,1.0,1.0,12.0,12.3,,,0.0,0,0
2026-07-12 23:32:12.002858,Perambur,13.1141,80.2417,25,25,1036,1036,1.0,False,2026-07-12 23:00:00,0.0,0.0,30.7,10.8,True,23,6,False,0.0,0.0,0.0,0.0,0.0,0.0,0.0,0.0,0.0,0.0,,,0.0,0,0
2026-07-12 23:32:12.002858,Ashok_Nagar,13.0385,80.2107,35,35,2047,2047,1.0,False,2026-07-12 23:00:00,0.0,0.0,30.7,10.8,True,23,6,False,0.0,0.0,0.0,0.0,0.0,0.0,0.0,0.0,0.0,0.0,,,0.0,0,0
2026-07-12 23:32:12.002858,Kathipara,13.0107,80.2016,28,28,158,158,1.0,False,2026-07-12 23:00:00,0.0,0.0,30.7,10.8,True,23,6,False,0.0,0.0,0.0,0.0,0.0,0.0,0.0,0.0,0.0,0.0,,,0.0,0,0
2026-07-12 23:32:12.002858,Vadapalani,13.0503,80.2121,22,30,376,276,1.0,False,2026-07-12 23:00:00,0.0,0.0,30.7,10.8,True,23,6,False,4.0,0.0,2.0,0.0,1.0,1.0,0.0,0.0,8.0,8.5,,,0.0,0,0
2026-07-12 23:32:12.002858,Koyambedu,13.0694,80.1948,19,19,231,231,1.0,False,2026-07-12 23:00:00,0.0,0.0,30.7,10.8,True,23,6,False,0.0,0.0,0.0,0.0,0.0,0.0,0.0,0.0,0.0,0.0,,,0.0,0,0
2026-07-12 23:32:12.002858,Central_Station,13.0827,80.2757,26,26,346,346,1.0,False,2026-07-12 23:00:00,0.0,0.0,30.7,10.8,True,23,6,False,0.0,0.0,1.0,3.0,0.0,1.0,0.0,0.0,5.0,13.0,,,0.0,0,0
2026-07-12 23:32:12.002858,Egmore,13.0732,80.2609,25,25,1,1,1.0,False,2026-07-12 23:00:00,0.0,0.0,30.7,10.8,True,23,6,False,0.0,0.0,0.0,0.0,0.0,1.0,0.0,5.0,6.0,3.0,,,0.0,0,0
2026-07-12 23:32:12.002858,Anna_Salai_Teynampet,13.0455,80.25,31,33,1357,1274,0.96447,True,2026-07-12 23:00:00,0.0,0.0,30.7,10.8,True,23,6,False,0.0,0.0,0.0,0.0,0.0,0.0,0.0,0.0,0.0,0.0,,,0.0,0,0
2026-07-12 23:32:12.002858,T_Nagar_Panagal,13.0418,80.2341,32,32,242,242,1.0,False,2026-07-12 23:00:00,0.0,0.0,30.7,10.8,True,23,6,False,0.0,0.0,0.0,0.0,0.0,0.0,0.0,0.0,0.0,0.0,,,0.0,0,0
2026-07-12 23:32:12.002858,Guindy,13.0067,80.2206,32,32,1343,1343,1.0,False,2026-07-12 23:00:00,0.0,0.0,30.7,10.8,True,23,6,False,0.0,0.0,0.0,0.0,0.0,0.0,0.0,0.0,0.0,0.0,,,0.0,0,0
2026-07-12 23:32:12.002858,Adyar_Signal,13.0064,80.257,24,25,480,460,0.943354,True,2026-07-12 23:00:00,0.0,0.0,30.7,10.8,True,23,6,False,0.0,0.0,0.0,0.0,0.0,0.0,0.0,0.0,0.0,0.0,,,0.0,0,0
2026-07-19 16:46:31.000000,Chromepet,12.9516,80.1462,38,38,1878,1878,1.0,False,2026-07-19 16:00:00,0.1,0.1,30.3,9.2,True,16,6,False,0.0,0.0,0.0,0.0,0.0,0.0,0.0,0.0,0.0,0.0,,,0.0,0,0
2026-07-19 16:46:31.000000,Tambaram,12.9249,80.1,28,28,966,966,1.0,False,2026-07-19 16:00:00,0.1,0.1,30.3,9.2,True,16,6,False,0.0,0.0,0.0,0.0,0.0,0.0,0.0,0.0,0.0,0.0,,,0.0,0,0
2026-07-19 16:46:31.000000,Perungudi_OMR,12.9634,80.2431,25,25,99,99,1.0,False,2026-07-19 16:00:00,0.1,0.1,30.3,9.2,True,16,6,False,0.0,0.0,0.0,0.0,0.0,0.0,0.0,0.0,0.0,0.0,,,0.0,0,0
2026-07-19 16:46:31.000000,Thoraipakkam_OMR,12.9407,80.235,20,20,523,523,1.0,False,2026-07-19 16:00:00,0.1,0.1,30.3,9.2,True,16,6,False,0.0,0.0,0.0,0.0,0.0,0.0,0.0,0.0,0.0,0.0,,,0.0,0,0
2026-07-19 16:46:31.000000,Ashok_Nagar,13.0385,80.2107,35,35,2047,2047,1.0,False,2026-07-19 16:00:00,0.1,0.1,30.3,9.2,True,16,6,False,0.0,0.0,0.0,0.0,0.0,0.0,0.0,0.0,0.0,0.0,,,0.0,0,0
2026-07-19 16:46:31.000000,Anna_Nagar_Roundtana,13.085,80.2101,15,15,66,66,1.0,False,2026-07-19 16:00:00,0.1,0.1,30.3,9.2,True,16,6,False,2.0,0.0,5.0,0.0,2.0,1.0,0.0,2.0,12.0,12.0,,,0.0,0,0
2026-07-19 16:46:31.000000,Perambur,13.1141,80.2417,20,21,1295,1233,0.891301,True,2026-07-19 16:00:00,0.1,0.1,30.3,9.2,True,16,6,False,0.0,0.0,0.0,0.0,0.0,0.0,0.0,0.0,0.0,0.0,,,0.0,0,0
2026-07-19 16:46:31.000000,Mylapore,13.0339,80.2698,17,17,443,443,0.617632,True,2026-07-19 16:00:00,0.1,0.1,30.3,9.2,True,16,6,False,0.0,0.0,0.0,0.0,0.0,0.0,0.0,0.0,0.0,0.0,,,0.0,0,0
2026-07-19 16:46:31.000000,Adyar_Signal,13.0064,80.257,18,25,640,460,0.951778,True,2026-07-19 16:00:00,0.1,0.1,30.3,9.2,True,16,6,False,0.0,0.0,0.0,0.0,0.0,0.0,0.0,0.0,0.0,0.0,,,0.0,0,0
2026-07-19 16:46:31.000000,Porur,13.0381,80.1564,19,19,129,129,1.0,False,2026-07-19 16:00:00,0.1,0.1,30.3,9.2,True,16,6,False,4.0,1.0,0.0,2.0,0.0,2.0,0.0,2.0,11.0,14.8,,,0.0,0,0
2026-07-19 16:46:31.000000,Vadapalani,13.0503,80.2121,30,30,276,276,1.0,False,2026-07-19 16:00:00,0.1,0.1,30.3,9.2,True,16,6,False,4.0,0.0,2.0,0.0,1.0,1.0,0.0,0.0,8.0,8.5,,,0.0,0,0
2026-07-19 16:46:31.000000,Kelambakkam_OMR,12.7925,80.2183,51,51,1338,1338,1.0,False,2026-07-19 16:00:00,0.1,0.1,30.3,9.2,True,16,6,False,0.0,0.0,0.0,0.0,0.0,0.0,0.0,0.0,0.0,0.0,,,0.0,0,0
2026-07-19 16:46:31.000000,Kathipara,13.0107,80.2016,28,28,158,158,1.0,False,2026-07-19 16:00:00,0.1,0.1,30.3,9.2,True,16,6,False,0.0,0.0,0.0,0.0,0.0,0.0,0.0,0.0,0.0,0.0,,,0.0,0,0
2026-07-19 16:46:31.000000,Koyambedu,13.0694,80.1948,19,19,231,231,1.0,False,2026-07-19 16:00:00,0.1,0.1,30.3,9.2,True,16,6,False,0.0,0.0,0.0,0.0,0.0,0.0,0.0,0.0,0.0,0.0,,,0.0,0,0
2026-07-19 16:46:31.000000,Velachery_Junction,12.9791,80.2211,32,32,1343,1343,1.0,False,2026-07-19 16:00:00,0.1,0.1,30.3,9.2,True,16,6,False,2.0,1.0,4.0,1.0,2.0,0.0,1.0,1.0,12.0,12.3,,,0.0,0,0
2026-07-19 16:46:31.000000,Guindy,13.0067,80.2206,32,32,1343,1343,1.0,False,2026-07-19 16:00:00,0.1,0.1,30.3,9.2,True,16,6,False,0.0,0.0,0.0,0.0,0.0,0.0,0.0,0.0,0.0,0.0,,,0.0,0,0
2026-07-19 16:46:31.000000,Anna_Salai_Teynampet,13.0455,80.25,27,33,1558,1274,0.967873,True,2026-07-19 16:00:00,0.1,0.1,30.3,9.2,True,16,6,False,0.0,0.0,0.0,0.0,0.0,0.0,0.0,0.0,0.0,0.0,,,0.0,0,0
2026-07-19 16:46:31.000000,Egmore,13.0732,80.2609,25,25,1,1,1.0,False,2026-07-19 16:00:00,0.1,0.1,30.3,9.2,True,16,6,False,0.0,0.0,0.0,0.0,0.0,1.0,0.0,5.0,6.0,3.0,,,0.0,0,0
2026-07-19 16:46:31.000000,Central_Station,13.0827,80.2757,22,25,409,360,0.997882,False,2026-07-19 16:00:00,0.1,0.1,30.3,9.2,True,16,6,False,0.0,0.0,1.0,3.0,0.0,1.0,0.0,0.0,5.0,13.0,,,0.0,0,0
2026-07-19 16:46:31.000000,T_Nagar_Panagal,13.0418,80.2341,25,31,310,250,0.997576,False,2026-07-19 16:00:00,0.1,0.1,30.3,9.2,True,16,6,False,0.0,0.0,0.0,0.0,0.0,0.0,0.0,0.0,0.0,0.0,,,0.0,0,0
2026-07-19 17:05:14.000000,Tambaram,12.9249,80.1,28,28,966,966,1.0,False,2026-07-19 17:00:00,0.1,0.1,29.0,8.5,True,17,6,True,0.0,0.0,0.0,0.0,0.0,0.0,0.0,0.0,0.0,0.0,,,0.0,0,0
2026-07-19 17:05:14.000000,Kathipara,13.0107,80.2016,28,28,158,158,1.0,False,2026-07-19 17:00:00,0.1,0.1,29.0,8.5,True,17,6,True,0.0,0.0,0.0,0.0,0.0,0.0,0.0,0.0,0.0,0.0,,,0.0,0,0
2026-07-19 17:05:14.000000,Anna_Salai_Teynampet,13.0455,80.25,30,32,1402,1314,0.966434,True,2026-07-19 17:00:00,0.1,0.1,29.0,8.5,True,17,6,True,0.0,0.0,0.0,0.0,0.0,0.0,0.0,0.0,0.0,0.0,,,0.0,0,0
2026-07-19 17:05:14.000000,Egmore,13.0732,80.2609,20,25,2,1,1.0,False,2026-07-19 17:00:00,0.1,0.1,29.0,8.5,True,17,6,True,0.0,0.0,0.0,0.0,0.0,1.0,0.0,5.0,6.0,3.0,,,0.0,0,0
2026-07-19 17:05:14.000000,Central_Station,13.0827,80.2757,26,26,346,346,1.0,False,2026-07-19 17:00:00,0.1,0.1,29.0,8.5,True,17,6,True,0.0,0.0,1.0,3.0,0.0,1.0,0.0,0.0,5.0,13.0,,,0.0,0,0
2026-07-19 17:05:14.000000,Koyambedu,13.0694,80.1948,19,19,231,231,1.0,False,2026-07-19 17:00:00,0.1,0.1,29.0,8.5,True,17,6,True,0.0,0.0,0.0,0.0,0.0,0.0,0.0,0.0,0.0,0.0,,,0.0,0,0
2026-07-19 17:05:14.000000,Vadapalani,13.0503,80.2121,30,30,276,276,1.0,False,2026-07-19 17:00:00,0.1,0.1,29.0,8.5,True,17,6,True,4.0,0.0,2.0,0.0,1.0,1.0,0.0,0.0,8.0,8.5,,,0.0,0,0
2026-07-19 17:05:14.000000,Ashok_Nagar,13.0385,80.2107,35,35,2047,2047,1.0,False,2026-07-19 17:00:00,0.1,0.1,29.0,8.5,True,17,6,True,0.0,0.0,0.0,0.0,0.0,0.0,0.0,0.0,0.0,0.0,,,0.0,0,0
2026-07-19 17:05:14.000000,Adyar_Signal,13.0064,80.257,22,25,523,460,0.943281,True,2026-07-19 17:00:00,0.1,0.1,29.0,8.5,True,17,6,True,0.0,0.0,0.0,0.0,0.0,0.0,0.0,0.0,0.0,0.0,,,0.0,0,0
2026-07-19 17:05:14.000000,Velachery_Junction,12.9791,80.2211,32,32,1343,1343,1.0,False,2026-07-19 17:00:00,0.1,0.1,29.0,8.5,True,17,6,True,2.0,1.0,4.0,1.0,2.0,0.0,1.0,1.0,12.0,12.3,,,0.0,0,0
2026-07-19 17:05:14.000000,Chromepet,12.9516,80.1462,38,38,1878,1878,1.0,False,2026-07-19 17:00:00,0.1,0.1,29.0,8.5,True,17,6,True,0.0,0.0,0.0,0.0,0.0,0.0,0.0,0.0,0.0,0.0,,,0.0,0,0
2026-07-19 17:05:14.000000,Porur,13.0381,80.1564,19,19,129,129,1.0,False,2026-07-19 17:00:00,0.1,0.1,29.0,8.5,True,17,6,True,4.0,1.0,0.0,2.0,0.0,2.0,0.0,2.0,11.0,14.8,,,0.0,0,0
2026-07-19 17:05:14.000000,Anna_Nagar_Roundtana,13.085,80.2101,15,15,66,66,1.0,False,2026-07-19 17:00:00,0.1,0.1,29.0,8.5,True,17,6,True,2.0,0.0,5.0,0.0,2.0,1.0,0.0,2.0,12.0,12.0,,,0.0,0,0
2026-07-19 17:05:14.000000,Perambur,13.1141,80.2417,21,21,1233,1233,0.891879,True,2026-07-19 17:00:00,0.1,0.1,29.0,8.5,True,17,6,True,0.0,0.0,0.0,0.0,0.0,0.0,0.0,0.0,0.0,0.0,,,0.0,0,0
2026-07-19 17:05:14.000000,Mylapore,13.0339,80.2698,17,17,443,443,0.711437,True,2026-07-19 17:00:00,0.1,0.1,29.0,8.5,True,17,6,True,0.0,0.0,0.0,0.0,0.0,0.0,0.0,0.0,0.0,0.0,,,0.0,0,0
2026-07-19 17:05:14.000000,T_Nagar_Panagal,13.0418,80.2341,32,32,242,242,1.0,False,2026-07-19 17:00:00,0.1,0.1,29.0,8.5,True,17,6,True,0.0,0.0,0.0,0.0,0.0,0.0,0.0,0.0,0.0,0.0,,,0.0,0,0
2026-07-19 17:05:14.000000,Guindy,13.0067,80.2206,32,32,1343,1343,1.0,False,2026-07-19 17:00:00,0.1,0.1,29.0,8.5,True,17,6,True,0.0,0.0,0.0,0.0,0.0,0.0,0.0,0.0,0.0,0.0,,,0.0,0,0
2026-07-19 17:05:14.000000,Kelambakkam_OMR,12.7925,80.2183,51,51,1338,1338,1.0,False,2026-07-19 17:00:00,0.1,0.1,29.0,8.5,True,17,6,True,0.0,0.0,0.0,0.0,0.0,0.0,0.0,0.0,0.0,0.0,,,0.0,0,0
2026-07-19 17:05:14.000000,Perungudi_OMR,12.9634,80.2431,25,25,99,99,1.0,False,2026-07-19 17:00:00,0.1,0.1,29.0,8.5,True,17,6,True,0.0,0.0,0.0,0.0,0.0,0.0,0.0,0.0,0.0,0.0,,,0.0,0,0
2026-07-19 17:05:14.000000,Thoraipakkam_OMR,12.9407,80.235,20,20,523,523,1.0,False,2026-07-19 17:00:00,0.1,0.1,29.0,8.5,True,17,6,True,0.0,0.0,0.0,0.0,0.0,0.0,0.0,0.0,0.0,0.0,,,0.0,0,0
2026-07-19 17:07:47.000000,Mylapore,13.0339,80.2698,17,17,443,443,0.7068,True,2026-07-19 17:00:00,0.1,0.1,29.0,8.5,True,17,6,True,0.0,0.0,0.0,0.0,0.0,0.0,0.0,0.0,0.0,0.0,,,0.0,0,0
2026-07-19 17:07:47.000000,Perambur,13.1141,80.2417,21,21,1233,1233,0.89159,True,2026-07-19 17:00:00,0.1,0.1,29.0,8.5,True,17,6,True,0.0,0.0,0.0,0.0,0.0,0.0,0.0,0.0,0.0,0.0,,,0.0,0,0
2026-07-19 17:07:47.000000,Guindy,13.0067,80.2206,32,32,1343,1343,1.0,False,2026-07-19 17:00:00,0.1,0.1,29.0,8.5,True,17,6,True,0.0,0.0,0.0,0.0,0.0,0.0,0.0,0.0,0.0,0.0,,,0.0,0,0
2026-07-19 17:07:47.000000,Chromepet,12.9516,80.1462,38,38,1878,1878,1.0,False,2026-07-19 17:00:00,0.1,0.1,29.0,8.5,True,17,6,True,0.0,0.0,0.0,0.0,0.0,0.0,0.0,0.0,0.0,0.0,,,0.0,0,0
2026-07-19 17:07:47.000000,Thoraipakkam_OMR,12.9407,80.235,20,20,523,523,1.0,False,2026-07-19 17:00:00,0.1,0.1,29.0,8.5,True,17,6,True,0.0,0.0,0.0,0.0,0.0,0.0,0.0,0.0,0.0,0.0,,,0.0,0,0
2026-07-19 17:07:47.000000,Perungudi_OMR,12.9634,80.2431,25,25,99,99,1.0,False,2026-07-19 17:00:00,0.1,0.1,29.0,8.5,True,17,6,True,0.0,0.0,0.0,0.0,0.0,0.0,0.0,0.0,0.0,0.0,,,0.0,0,0
2026-07-19 17:07:47.000000,Ashok_Nagar,13.0385,80.2107,35,35,2047,2047,1.0,False,2026-07-19 17:00:00,0.1,0.1,29.0,8.5,True,17,6,True,0.0,0.0,0.0,0.0,0.0,0.0,0.0,0.0,0.0,0.0,,,0.0,0,0
2026-07-19 17:07:47.000000,Porur,13.0381,80.1564,19,19,129,129,1.0,False,2026-07-19 17:00:00,0.1,0.1,29.0,8.5,True,17,6,True,4.0,1.0,0.0,2.0,0.0,2.0,0.0,2.0,11.0,14.8,,,0.0,0,0
2026-07-19 17:07:47.000000,Tambaram,12.9249,80.1,28,28,966,966,1.0,False,2026-07-19 17:00:00,0.1,0.1,29.0,8.5,True,17,6,True,0.0,0.0,0.0,0.0,0.0,0.0,0.0,0.0,0.0,0.0,,,0.0,0,0
2026-07-19 17:07:47.000000,Anna_Nagar_Roundtana,13.085,80.2101,15,15,66,66,1.0,False,2026-07-19 17:00:00,0.1,0.1,29.0,8.5,True,17,6,True,2.0,0.0,5.0,0.0,2.0,1.0,0.0,2.0,12.0,12.0,,,0.0,0,0
2026-07-19 17:07:47.000000,Vadapalani,13.0503,80.2121,30,30,276,276,1.0,False,2026-07-19 17:00:00,0.1,0.1,29.0,8.5,True,17,6,True,4.0,0.0,2.0,0.0,1.0,1.0,0.0,0.0,8.0,8.5,,,0.0,0,0
2026-07-19 17:07:47.000000,Egmore,13.0732,80.2609,25,25,1,1,1.0,False,2026-07-19 17:00:00,0.1,0.1,29.0,8.5,True,17,6,True,0.0,0.0,0.0,0.0,0.0,1.0,0.0,5.0,6.0,3.0,,,0.0,0,0
2026-07-19 17:07:47.000000,T_Nagar_Panagal,13.0418,80.2341,32,32,242,242,1.0,False,2026-07-19 17:00:00,0.1,0.1,29.0,8.5,True,17,6,True,0.0,0.0,0.0,0.0,0.0,0.0,0.0,0.0,0.0,0.0,,,0.0,0,0
2026-07-19 17:07:47.000000,Koyambedu,13.0694,80.1948,19,19,231,231,1.0,False,2026-07-19 17:00:00,0.1,0.1,29.0,8.5,True,17,6,True,0.0,0.0,0.0,0.0,0.0,0.0,0.0,0.0,0.0,0.0,,,0.0,0,0
2026-07-19 17:07:47.000000,Kelambakkam_OMR,12.7925,80.2183,51,51,1338,1338,1.0,False,2026-07-19 17:00:00,0.1,0.1,29.0,8.5,True,17,6,True,0.0,0.0,0.0,0.0,0.0,0.0,0.0,0.0,0.0,0.0,,,0.0,0,0
2026-07-19 17:07:47.000000,Central_Station,13.0827,80.2757,26,26,346,346,1.0,False,2026-07-19 17:00:00,0.1,0.1,29.0,8.5,True,17,6,True,0.0,0.0,1.0,3.0,0.0,1.0,0.0,0.0,5.0,13.0,,,0.0,0,0
2026-07-19 17:07:47.000000,Adyar_Signal,13.0064,80.257,22,25,523,460,0.946122,True,2026-07-19 17:00:00,0.1,0.1,29.0,8.5,True,17,6,True,0.0,0.0,0.0,0.0,0.0,0.0,0.0,0.0,0.0,0.0,,,0.0,0,0
2026-07-19 17:07:47.000000,Kathipara,13.0107,80.2016,28,28,158,158,1.0,False,2026-07-19 17:00:00,0.1,0.1,29.0,8.5,True,17,6,True,0.0,0.0,0.0,0.0,0.0,0.0,0.0,0.0,0.0,0.0,,,0.0,0,0
2026-07-19 17:07:47.000000,Velachery_Junction,12.9791,80.2211,32,32,1343,1343,1.0,False,2026-07-19 17:00:00,0.1,0.1,29.0,8.5,True,17,6,True,2.0,1.0,4.0,1.0,2.0,0.0,1.0,1.0,12.0,12.3,,,0.0,0,0
2026-07-19 17:07:47.000000,Anna_Salai_Teynampet,13.0455,80.25,29,32,1450,1314,0.966434,True,2026-07-19 17:00:00,0.1,0.1,29.0,8.5,True,17,6,True,0.0,0.0,0.0,0.0,0.0,0.0,0.0,0.0,0.0,0.0,,,0.0,0,0
2026-07-19 17:30:05.000000,Velachery_Junction,12.9791,80.2211,32,32,1343,1343,1.0,False,2026-07-19 17:00:00,0.1,0.1,29.0,8.5,True,17,6,True,2.0,1.0,4.0,1.0,2.0,0.0,1.0,1.0,12.0,12.3,,,0.0,0,0
2026-07-19 17:30:05.000000,Koyambedu,13.0694,80.1948,19,19,231,231,1.0,False,2026-07-19 17:00:00,0.1,0.1,29.0,8.5,True,17,6,True,0.0,0.0,0.0,0.0,0.0,0.0,0.0,0.0,0.0,0.0,,,0.0,0,0
2026-07-19 17:30:05.000000,Adyar_Signal,13.0064,80.257,22,24,523,480,0.944216,True,2026-07-19 17:00:00,0.1,0.1,29.0,8.5,True,17,6,True,0.0,0.0,0.0,0.0,0.0,0.0,0.0,0.0,0.0,0.0,,,0.0,0,0
2026-07-19 17:30:05.000000,Ashok_Nagar,13.0385,80.2107,35,35,2047,2047,1.0,False,2026-07-19 17:00:00,0.1,0.1,29.0,8.5,True,17,6,True,0.0,0.0,0.0,0.0,0.0,0.0,0.0,0.0,0.0,0.0,,,0.0,0,0
2026-07-19 17:30:05.000000,Vadapalani,13.0503,80.2121,30,30,276,276,1.0,False,2026-07-19 17:00:00,0.1,0.1,29.0,8.5,True,17,6,True,4.0,0.0,2.0,0.0,1.0,1.0,0.0,0.0,8.0,8.5,,,0.0,0,0
2026-07-19 17:30:05.000000,T_Nagar_Panagal,13.0418,80.2341,32,32,242,242,1.0,False,2026-07-19 17:00:00,0.1,0.1,29.0,8.5,True,17,6,True,0.0,0.0,0.0,0.0,0.0,0.0,0.0,0.0,0.0,0.0,,,0.0,0,0
2026-07-19 17:30:05.000000,Central_Station,13.0827,80.2757,26,26,346,346,1.0,False,2026-07-19 17:00:00,0.1,0.1,29.0,8.5,True,17,6,True,0.0,0.0,1.0,3.0,0.0,1.0,0.0,0.0,5.0,13.0,,,0.0,0,0
2026-07-19 17:30:05.000000,Egmore,13.0732,80.2609,18,25,2,1,0.98,False,2026-07-19 17:00:00,0.1,0.1,29.0,8.5,True,17,6,True,0.0,0.0,0.0,0.0,0.0,1.0,0.0,5.0,6.0,3.0,,,0.0,0,0
2026-07-19 17:30:05.000000,Anna_Salai_Teynampet,13.0455,80.25,31,32,1357,1314,0.966828,True,2026-07-19 17:00:00,0.1,0.1,29.0,8.5,True,17,6,True,0.0,0.0,0.0,0.0,0.0,0.0,0.0,0.0,0.0,0.0,,,0.0,0,0
2026-07-19 17:30:05.000000,Tambaram,12.9249,80.1,28,28,966,966,1.0,False,2026-07-19 17:00:00,0.1,0.1,29.0,8.5,True,17,6,True,0.0,0.0,0.0,0.0,0.0,0.0,0.0,0.0,0.0,0.0,,,0.0,0,0
2026-07-19 17:30:05.000000,Perungudi_OMR,12.9634,80.2431,25,25,99,99,1.0,False,2026-07-19 17:00:00,0.1,0.1,29.0,8.5,True,17,6,True,0.0,0.0,0.0,0.0,0.0,0.0,0.0,0.0,0.0,0.0,,,0.0,0,0
2026-07-19 17:30:05.000000,Porur,13.0381,80.1564,19,19,129,129,1.0,False,2026-07-19 17:00:00,0.1,0.1,29.0,8.5,True,17,6,True,4.0,1.0,0.0,2.0,0.0,2.0,0.0,2.0,11.0,14.8,,,0.0,0,0
2026-07-19 17:30:05.000000,Mylapore,13.0339,80.2698,17,17,443,443,0.635005,True,2026-07-19 17:00:00,0.1,0.1,29.0,8.5,True,17,6,True,0.0,0.0,0.0,0.0,0.0,0.0,0.0,0.0,0.0,0.0,,,0.0,0,0
2026-07-19 17:30:05.000000,Chromepet,12.9516,80.1462,38,38,1878,1878,1.0,False,2026-07-19 17:00:00,0.1,0.1,29.0,8.5,True,17,6,True,0.0,0.0,0.0,0.0,0.0,0.0,0.0,0.0,0.0,0.0,,,0.0,0,0
2026-07-19 17:30:05.000000,Kelambakkam_OMR,12.7925,80.2183,51,51,1338,1338,1.0,False,2026-07-19 17:00:00,0.1,0.1,29.0,8.5,True,17,6,True,0.0,0.0,0.0,0.0,0.0,0.0,0.0,0.0,0.0,0.0,,,0.0,0,0
2026-07-19 17:30:05.000000,Thoraipakkam_OMR,12.9407,80.235,20,20,523,523,1.0,False,2026-07-19 17:00:00,0.1,0.1,29.0,8.5,True,17,6,True,0.0,0.0,0.0,0.0,0.0,0.0,0.0,0.0,0.0,0.0,,,0.0,0,0
2026-07-19 17:30:05.000000,Guindy,13.0067,80.2206,32,32,1343,1343,1.0,False,2026-07-19 17:00:00,0.1,0.1,29.0,8.5,True,17,6,True,0.0,0.0,0.0,0.0,0.0,0.0,0.0,0.0,0.0,0.0,,,0.0,0,0
2026-07-19 17:30:05.000000,Perambur,13.1141,80.2417,20,21,1295,1233,0.835971,True,2026-07-19 17:00:00,0.1,0.1,29.0,8.5,True,17,6,True,0.0,0.0,0.0,0.0,0.0,0.0,0.0,0.0,0.0,0.0,,,0.0,0,0
2026-07-19 17:30:05.000000,Anna_Nagar_Roundtana,13.085,80.2101,15,15,66,66,1.0,False,2026-07-19 17:00:00,0.1,0.1,29.0,8.5,True,17,6,True,2.0,0.0,5.0,0.0,2.0,1.0,0.0,2.0,12.0,12.0,,,0.0,0,0
2026-07-19 17:30:05.000000,Kathipara,13.0107,80.2016,28,28,158,158,1.0,False,2026-07-19 17:00:00,0.1,0.1,29.0,8.5,True,17,6,True,0.0,0.0,0.0,0.0,0.0,0.0,0.0,0.0,0.0,0.0,,,0.0,0,0
2026-07-19 18:14:49.000000,Perambur,13.1141,80.2417,23,25,1126,1036,0.87236,True,2026-07-19 18:00:00,0.2,0.2,29.3,5.9,True,18,6,True,0.0,0.0,0.0,0.0,0.0,0.0,0.0,0.0,0.0,0.0,,,0.0,0,0
2026-07-19 18:14:49.000000,Kathipara,13.0107,80.2016,28,28,158,158,1.0,False,2026-07-19 18:00:00,0.2,0.2,29.3,5.9,True,18,6,True,0.0,0.0,0.0,0.0,0.0,0.0,0.0,0.0,0.0,0.0,,,0.0,0,0
2026-07-19 18:14:49.000000,Velachery_Junction,12.9791,80.2211,32,32,1343,1343,1.0,False,2026-07-19 18:00:00,0.2,0.2,29.3,5.9,True,18,6,True,2.0,1.0,4.0,1.0,2.0,0.0,1.0,1.0,12.0,12.3,,,0.0,0,0
2026-07-19 18:14:49.000000,Tambaram,12.9249,80.1,28,28,966,966,1.0,False,2026-07-19 18:00:00,0.2,0.2,29.3,5.9,True,18,6,True,0.0,0.0,0.0,0.0,0.0,0.0,0.0,0.0,0.0,0.0,,,0.0,0,0
2026-07-19 18:14:49.000000,Koyambedu,13.0694,80.1948,19,19,231,231,1.0,False,2026-07-19 18:00:00,0.2,0.2,29.3,5.9,True,18,6,True,0.0,0.0,0.0,0.0,0.0,0.0,0.0,0.0,0.0,0.0,,,0.0,0,0
2026-07-19 18:14:49.000000,Thoraipakkam_OMR,12.9407,80.235,20,20,523,523,1.0,False,2026-07-19 18:00:00,0.2,0.2,29.3,5.9,True,18,6,True,0.0,0.0,0.0,0.0,0.0,0.0,0.0,0.0,0.0,0.0,,,0.0,0,0
2026-07-19 18:14:49.000000,Porur,13.0381,80.1564,19,19,129,129,1.0,False,2026-07-19 18:00:00,0.2,0.2,29.3,5.9,True,18,6,True,4.0,1.0,0.0,2.0,0.0,2.0,0.0,2.0,11.0,14.8,,,0.0,0,0
2026-07-19 18:14:49.000000,Anna_Nagar_Roundtana,13.085,80.2101,15,15,66,66,1.0,False,2026-07-19 18:00:00,0.2,0.2,29.3,5.9,True,18,6,True,2.0,0.0,5.0,0.0,2.0,1.0,0.0,2.0,12.0,12.0,,,0.0,0,0
2026-07-19 18:14:49.000000,Vadapalani,13.0503,80.2121,30,30,276,276,1.0,False,2026-07-19 18:00:00,0.2,0.2,29.3,5.9,True,18,6,True,4.0,0.0,2.0,0.0,1.0,1.0,0.0,0.0,8.0,8.5,,,0.0,0,0
2026-07-19 18:14:49.000000,Perungudi_OMR,12.9634,80.2431,25,25,99,99,1.0,False,2026-07-19 18:00:00,0.2,0.2,29.3,5.9,True,18,6,True,0.0,0.0,0.0,0.0,0.0,0.0,0.0,0.0,0.0,0.0,,,0.0,0,0
2026-07-19 18:14:49.000000,Central_Station,13.0827,80.2757,26,26,346,346,1.0,False,2026-07-19 18:00:00,0.2,0.2,29.3,5.9,True,18,6,True,0.0,0.0,1.0,3.0,0.0,1.0,0.0,0.0,5.0,13.0,,,0.0,0,0
2026-07-19 18:14:49.000000,Egmore,13.0732,80.2609,25,25,1,1,1.0,False,2026-07-19 18:00:00,0.2,0.2,29.3,5.9,True,18,6,True,0.0,0.0,0.0,0.0,0.0,1.0,0.0,5.0,6.0,3.0,,,0.0,0,0
2026-07-19 18:14:49.000000,Mylapore,13.0339,80.2698,17,17,443,443,0.592904,True,2026-07-19 18:00:00,0.2,0.2,29.3,5.9,True,18,6,True,0.0,0.0,0.0,0.0,0.0,0.0,0.0,0.0,0.0,0.0,,,0.0,0,0
2026-07-19 18:14:49.000000,Chromepet,12.9516,80.1462,38,38,1878,1878,1.0,False,2026-07-19 18:00:00,0.2,0.2,29.3,5.9,True,18,6,True,0.0,0.0,0.0,0.0,0.0,0.0,0.0,0.0,0.0,0.0,,,0.0,0,0
2026-07-19 18:14:49.000000,Adyar_Signal,13.0064,80.257,23,25,500,460,0.942306,True,2026-07-19 18:00:00,0.2,0.2,29.3,5.9,True,18,6,True,0.0,0.0,0.0,0.0,0.0,0.0,0.0,0.0,0.0,0.0,,,0.0,0,0
2026-07-19 18:14:49.000000,Kelambakkam_OMR,12.7925,80.2183,51,51,1338,1338,1.0,False,2026-07-19 18:00:00,0.2,0.2,29.3,5.9,True,18,6,True,0.0,0.0,0.0,0.0,0.0,0.0,0.0,0.0,0.0,0.0,,,0.0,0,0
2026-07-19 18:14:49.000000,Guindy,13.0067,80.2206,32,32,1343,1343,1.0,False,2026-07-19 18:00:00,0.2,0.2,29.3,5.9,True,18,6,True,0.0,0.0,0.0,0.0,0.0,0.0,0.0,0.0,0.0,0.0,,,0.0,0,0
2026-07-19 18:14:49.000000,T_Nagar_Panagal,13.0418,80.2341,32,32,242,242,1.0,False,2026-07-19 18:00:00,0.2,0.2,29.3,5.9,True,18,6,True,0.0,0.0,0.0,0.0,0.0,0.0,0.0,0.0,0.0,0.0,,,0.0,0,0
2026-07-19 18:14:49.000000,Anna_Salai_Teynampet,13.0455,80.25,32,32,1314,1314,0.968595,True,2026-07-19 18:00:00,0.2,0.2,29.3,5.9,True,18,6,True,0.0,0.0,0.0,0.0,0.0,0.0,0.0,0.0,0.0,0.0,,,0.0,0,0
2026-07-19 18:14:49.000000,Ashok_Nagar,13.0385,80.2107,35,35,2047,2047,1.0,False,2026-07-19 18:00:00,0.2,0.2,29.3,5.9,True,18,6,True,0.0,0.0,0.0,0.0,0.0,0.0,0.0,0.0,0.0,0.0,,,0.0,0,0
2026-07-19 18:28:50.000000,Guindy,13.0067,80.2206,32,32,1343,1343,1.0,False,2026-07-19 18:00:00,0.2,0.2,29.3,5.9,True,18,6,True,0.0,0.0,0.0,0.0,0.0,0.0,0.0,0.0,0.0,0.0,,,0.0,0,0
2026-07-19 18:28:50.000000,Central_Station,13.0827,80.2757,26,26,346,346,1.0,False,2026-07-19 18:00:00,0.2,0.2,29.3,5.9,True,18,6,True,0.0,0.0,1.0,3.0,0.0,1.0,0.0,0.0,5.0,13.0,,,0.0,0,0
2026-07-19 18:28:50.000000,Porur,13.0381,80.1564,19,19,129,129,1.0,False,2026-07-19 18:00:00,0.2,0.2,29.3,5.9,True,18,6,True,4.0,1.0,0.0,2.0,0.0,2.0,0.0,2.0,11.0,14.8,,,0.0,0,0
2026-07-19 18:28:50.000000,Anna_Nagar_Roundtana,13.085,80.2101,15,15,66,66,1.0,False,2026-07-19 18:00:00,0.2,0.2,29.3,5.9,True,18,6,True,2.0,0.0,5.0,0.0,2.0,1.0,0.0,2.0,12.0,12.0,,,0.0,0,0
2026-07-19 18:28:50.000000,Tambaram,12.9249,80.1,28,28,966,966,1.0,False,2026-07-19 18:00:00,0.2,0.2,29.3,5.9,True,18,6,True,0.0,0.0,0.0,0.0,0.0,0.0,0.0,0.0,0.0,0.0,,,0.0,0,0
2026-07-19 18:28:50.000000,Mylapore,13.0339,80.2698,17,17,443,443,0.627143,True,2026-07-19 18:00:00,0.2,0.2,29.3,5.9,True,18,6,True,0.0,0.0,0.0,0.0,0.0,0.0,0.0,0.0,0.0,0.0,,,0.0,0,0
2026-07-19 18:28:50.000000,Chromepet,12.9516,80.1462,38,38,1878,1878,1.0,False,2026-07-19 18:00:00,0.2,0.2,29.3,5.9,True,18,6,True,0.0,0.0,0.0,0.0,0.0,0.0,0.0,0.0,0.0,0.0,,,0.0,0,0
2026-07-19 18:28:50.000000,Kelambakkam_OMR,12.7925,80.2183,51,51,1338,1338,1.0,False,2026-07-19 18:00:00,0.2,0.2,29.3,5.9,True,18,6,True,0.0,0.0,0.0,0.0,0.0,0.0,0.0,0.0,0.0,0.0,,,0.0,0,0
2026-07-19 18:28:50.000000,Perungudi_OMR,12.9634,80.2431,25,25,99,99,1.0,False,2026-07-19 18:00:00,0.2,0.2,29.3,5.9,True,18,6,True,0.0,0.0,0.0,0.0,0.0,0.0,0.0,0.0,0.0,0.0,,,0.0,0,0
2026-07-19 18:28:50.000000,Perambur,13.1141,80.2417,24,25,1079,1036,0.858927,True,2026-07-19 18:00:00,0.2,0.2,29.3,5.9,True,18,6,True,0.0,0.0,0.0,0.0,0.0,0.0,0.0,0.0,0.0,0.0,,,0.0,0,0
2026-07-19 18:28:50.000000,T_Nagar_Panagal,13.0418,80.2341,32,32,242,242,1.0,False,2026-07-19 18:00:00,0.2,0.2,29.3,5.9,True,18,6,True,0.0,0.0,0.0,0.0,0.0,0.0,0.0,0.0,0.0,0.0,,,0.0,0,0
2026-07-19 18:28:50.000000,Adyar_Signal,13.0064,80.257,23,25,500,460,0.915252,True,2026-07-19 18:00:00,0.2,0.2,29.3,5.9,True,18,6,True,0.0,0.0,0.0,0.0,0.0,0.0,0.0,0.0,0.0,0.0,,,0.0,0,0
2026-07-19 18:28:50.000000,Anna_Salai_Teynampet,13.0455,80.25,32,33,1314,1274,0.964273,True,2026-07-19 18:00:00,0.2,0.2,29.3,5.9,True,18,6,True,0.0,0.0,0.0,0.0,0.0,0.0,0.0,0.0,0.0,0.0,,,0.0,0,0
2026-07-19 18:28:50.000000,Velachery_Junction,12.9791,80.2211,32,32,1343,1343,1.0,False,2026-07-19 18:00:00,0.2,0.2,29.3,5.9,True,18,6,True,2.0,1.0,4.0,1.0,2.0,0.0,1.0,1.0,12.0,12.3,,,0.0,0,0
2026-07-19 18:28:50.000000,Kathipara,13.0107,80.2016,28,28,158,158,1.0,False,2026-07-19 18:00:00,0.2,0.2,29.3,5.9,True,18,6,True,0.0,0.0,0.0,0.0,0.0,0.0,0.0,0.0,0.0,0.0,,,0.0,0,0
2026-07-19 18:28:50.000000,Egmore,13.0732,80.2609,25,25,1,1,1.0,False,2026-07-19 18:00:00,0.2,0.2,29.3,5.9,True,18,6,True,0.0,0.0,0.0,0.0,0.0,1.0,0.0,5.0,6.0,3.0,,,0.0,0,0
2026-07-19 18:28:50.000000,Koyambedu,13.0694,80.1948,19,19,231,231,1.0,False,2026-07-19 18:00:00,0.2,0.2,29.3,5.9,True,18,6,True,0.0,0.0,0.0,0.0,0.0,0.0,0.0,0.0,0.0,0.0,,,0.0,0,0
2026-07-19 18:28:50.000000,Vadapalani,13.0503,80.2121,30,30,276,276,1.0,False,2026-07-19 18:00:00,0.2,0.2,29.3,5.9,True,18,6,True,4.0,0.0,2.0,0.0,1.0,1.0,0.0,0.0,8.0,8.5,,,0.0,0,0
2026-07-19 18:28:50.000000,Ashok_Nagar,13.0385,80.2107,35,35,2047,2047,1.0,False,2026-07-19 18:00:00,0.2,0.2,29.3,5.9,True,18,6,True,0.0,0.0,0.0,0.0,0.0,0.0,0.0,0.0,0.0,0.0,,,0.0,0,0
2026-07-19 18:28:50.000000,Thoraipakkam_OMR,12.9407,80.235,20,20,523,523,1.0,False,2026-07-19 18:00:00,0.2,0.2,29.3,5.9,True,18,6,True,0.0,0.0,0.0,0.0,0.0,0.0,0.0,0.0,0.0,0.0,,,0.0,0,0
2026-07-19 18:32:39.481727,Velachery_Junction,12.9791,80.2211,26,32,1653,1343,0.996013,False,2026-07-19 18:00:00,0.2,0.2,29.3,5.9,True,18,6,True,2.0,1.0,4.0,1.0,2.0,0.0,1.0,1.0,12.0,12.3,,,0.0,0,0
2026-07-19 18:32:39.481727,Kathipara,13.0107,80.2016,28,28,158,158,1.0,False,2026-07-19 18:00:00,0.2,0.2,29.3,5.9,True,18,6,True,0.0,0.0,0.0,0.0,0.0,0.0,0.0,0.0,0.0,0.0,,,0.0,0,0
2026-07-19 18:32:39.481727,Guindy,13.0067,80.2206,26,32,1653,1343,0.996013,False,2026-07-19 18:00:00,0.2,0.2,29.3,5.9,True,18,6,True,0.0,0.0,0.0,0.0,0.0,0.0,0.0,0.0,0.0,0.0,,,0.0,0,0
2026-07-19 18:32:39.481727,T_Nagar_Panagal,13.0418,80.2341,25,32,310,242,1.0,False,2026-07-19 18:00:00,0.2,0.2,29.3,5.9,True,18,6,True,0.0,0.0,0.0,0.0,0.0,0.0,0.0,0.0,0.0,0.0,,,0.0,0,0
2026-07-19 18:32:39.481727,Anna_Salai_Teynampet,13.0455,80.25,24,32,1752,1314,0.968595,True,2026-07-19 18:00:00,0.2,0.2,29.3,5.9,True,18,6,True,0.0,0.0,0.0,0.0,0.0,0.0,0.0,0.0,0.0,0.0,,,0.0,0,0
2026-07-19 18:32:39.481727,Egmore,13.0732,80.2609,16,24,2,1,1.0,False,2026-07-19 18:00:00,0.2,0.2,29.3,5.9,True,18,6,True,0.0,0.0,0.0,0.0,0.0,1.0,0.0,5.0,6.0,3.0,,,0.0,0,0
2026-07-19 18:32:39.481727,Central_Station,13.0827,80.2757,26,26,346,346,1.0,False,2026-07-19 18:00:00,0.2,0.2,29.3,5.9,True,18,6,True,0.0,0.0,1.0,3.0,0.0,1.0,0.0,0.0,5.0,13.0,,,0.0,0,0
2026-07-19 18:32:39.481727,Koyambedu,13.0694,80.1948,19,19,231,231,1.0,False,2026-07-19 18:00:00,0.2,0.2,29.3,5.9,True,18,6,True,0.0,0.0,0.0,0.0,0.0,0.0,0.0,0.0,0.0,0.0,,,0.0,0,0
2026-07-19 18:32:39.481727,Perambur,13.1141,80.2417,17,25,1523,1036,0.963362,False,2026-07-19 18:00:00,0.2,0.2,29.3,5.9,True,18,6,True,0.0,0.0,0.0,0.0,0.0,0.0,0.0,0.0,0.0,0.0,,,0.0,0,0
2026-07-19 18:32:39.481727,Adyar_Signal,13.0064,80.257,17,25,677,460,0.953375,True,2026-07-19 18:00:00,0.2,0.2,29.3,5.9,True,18,6,True,0.0,0.0,0.0,0.0,0.0,0.0,0.0,0.0,0.0,0.0,,,0.0,0,0
2026-07-19 18:32:39.481727,Mylapore,13.0339,80.2698,15,17,503,443,0.796772,True,2026-07-19 18:00:00,0.2,0.2,29.3,5.9,True,18,6,True,0.0,0.0,0.0,0.0,0.0,0.0,0.0,0.0,0.0,0.0,,,0.0,0,0
2026-07-19 18:32:39.481727,Thoraipakkam_OMR,12.9407,80.235,20,20,523,523,1.0,False,2026-07-19 18:00:00,0.2,0.2,29.3,5.9,True,18,6,True,0.0,0.0,0.0,0.0,0.0,0.0,0.0,0.0,0.0,0.0,,,0.0,0,0
2026-07-19 18:32:39.481727,Porur,13.0381,80.1564,19,19,129,129,1.0,False,2026-07-19 18:00:00,0.2,0.2,29.3,5.9,True,18,6,True,4.0,1.0,0.0,2.0,0.0,2.0,0.0,2.0,11.0,14.8,,,0.0,0,0
2026-07-19 18:32:39.481727,Anna_Nagar_Roundtana,13.085,80.2101,10,15,99,66,0.98,False,2026-07-19 18:00:00,0.2,0.2,29.3,5.9,True,18,6,True,2.0,0.0,5.0,0.0,2.0,1.0,0.0,2.0,12.0,12.0,,,0.0,0,0
2026-07-19 18:32:39.481727,Ashok_Nagar,13.0385,80.2107,35,35,2047,2047,1.0,False,2026-07-19 18:00:00,0.2,0.2,29.3,5.9,True,18,6,True,0.0,0.0,0.0,0.0,0.0,0.0,0.0,0.0,0.0,0.0,,,0.0,0,0
2026-07-19 18:32:39.481727,Vadapalani,13.0503,80.2121,30,30,276,276,1.0,False,2026-07-19 18:00:00,0.2,0.2,29.3,5.9,True,18,6,True,4.0,0.0,2.0,0.0,1.0,1.0,0.0,0.0,8.0,8.5,,,0.0,0,0
2026-07-19 18:32:39.481727,Kelambakkam_OMR,12.7925,80.2183,51,51,1338,1338,1.0,False,2026-07-19 18:00:00,0.2,0.2,29.3,5.9,True,18,6,True,0.0,0.0,0.0,0.0,0.0,0.0,0.0,0.0,0.0,0.0,,,0.0,0,0
2026-07-19 18:32:39.481727,Chromepet,12.9516,80.1462,38,38,1878,1878,1.0,False,2026-07-19 18:00:00,0.2,0.2,29.3,5.9,True,18,6,True,0.0,0.0,0.0,0.0,0.0,0.0,0.0,0.0,0.0,0.0,,,0.0,0,0
2026-07-19 18:32:39.481727,Tambaram,12.9249,80.1,28,28,966,966,1.0,False,2026-07-19 18:00:00,0.2,0.2,29.3,5.9,True,18,6,True,0.0,0.0,0.0,0.0,0.0,0.0,0.0,0.0,0.0,0.0,,,0.0,0,0
2026-07-19 18:32:39.481727,Perungudi_OMR,12.9634,80.2431,25,25,99,99,1.0,False,2026-07-19 18:00:00,0.2,0.2,29.3,5.9,True,18,6,True,0.0,0.0,0.0,0.0,0.0,0.0,0.0,0.0,0.0,0.0,,,0.0,0,0
2026-07-19 18:48:05.511005,Mylapore,13.0339,80.2698,13,17,580,443,0.81368,True,2026-07-19 18:00:00,0.2,0.2,29.3,5.9,True,18,6,True,0.0,0.0,0.0,0.0,0.0,0.0,0.0,0.0,0.0,0.0,,,0.0,0,0
2026-07-19 18:48:05.511005,Perambur,13.1141,80.2417,16,25,1618,1036,0.943221,True,2026-07-19 18:00:00,0.2,0.2,29.3,5.9,True,18,6,True,0.0,0.0,0.0,0.0,0.0,0.0,0.0,0.0,0.0,0.0,,,0.0,0,0
2026-07-19 18:48:05.511005,Anna_Nagar_Roundtana,13.085,80.2101,6,14,166,71,0.98,False,2026-07-19 18:00:00,0.2,0.2,29.3,5.9,True,18,6,True,2.0,0.0,5.0,0.0,2.0,1.0,0.0,2.0,12.0,12.0,,,0.0,0,0
2026-07-19 18:48:05.511005,Kelambakkam_OMR,12.7925,80.2183,51,51,1338,1338,1.0,False,2026-07-19 18:00:00,0.2,0.2,29.3,5.9,True,18,6,True,0.0,0.0,0.0,0.0,0.0,0.0,0.0,0.0,0.0,0.0,,,0.0,0,0
2026-07-19 18:48:05.511005,Porur,13.0381,80.1564,19,19,129,129,1.0,False,2026-07-19 18:00:00,0.2,0.2,29.3,5.9,True,18,6,True,4.0,1.0,0.0,2.0,0.0,2.0,0.0,2.0,11.0,14.8,,,0.0,0,0
2026-07-19 18:48:05.511005,Perungudi_OMR,12.9634,80.2431,25,25,99,99,1.0,False,2026-07-19 18:00:00,0.2,0.2,29.3,5.9,True,18,6,True,0.0,0.0,0.0,0.0,0.0,0.0,0.0,0.0,0.0,0.0,,,0.0,0,0
2026-07-19 18:48:05.511005,Tambaram,12.9249,80.1,22,28,1230,966,0.96232,False,2026-07-19 18:00:00,0.2,0.2,29.3,5.9,True,18,6,True,0.0,0.0,0.0,0.0,0.0,0.0,0.0,0.0,0.0,0.0,,,0.0,0,0
2026-07-19 18:48:05.511005,Velachery_Junction,12.9791,80.2211,25,33,1719,1302,0.993375,False,2026-07-19 18:00:00,0.2,0.2,29.3,5.9,True,18,6,True,2.0,1.0,4.0,1.0,2.0,0.0,1.0,1.0,12.0,12.3,,,0.0,0,0
2026-07-19 18:48:05.511005,Thoraipakkam_OMR,12.9407,80.235,20,20,523,523,1.0,False,2026-07-19 18:00:00,0.2,0.2,29.3,5.9,True,18,6,True,0.0,0.0,0.0,0.0,0.0,0.0,0.0,0.0,0.0,0.0,,,0.0,0,0
2026-07-19 18:48:05.511005,Chromepet,12.9516,80.1462,32,38,2230,1878,1.0,False,2026-07-19 18:00:00,0.2,0.2,29.3,5.9,True,18,6,True,0.0,0.0,0.0,0.0,0.0,0.0,0.0,0.0,0.0,0.0,,,0.0,0,0
2026-07-19 18:48:05.511005,Ashok_Nagar,13.0385,80.2107,30,34,2388,2107,0.998986,False,2026-07-19 18:00:00,0.2,0.2,29.3,5.9,True,18,6,True,0.0,0.0,0.0,0.0,0.0,0.0,0.0,0.0,0.0,0.0,,,0.0,0,0
2026-07-19 18:48:05.511005,Koyambedu,13.0694,80.1948,19,19,231,231,1.0,False,2026-07-19 18:00:00,0.2,0.2,29.3,5.9,True,18,6,True,0.0,0.0,0.0,0.0,0.0,0.0,0.0,0.0,0.0,0.0,,,0.0,0,0
2026-07-19 18:48:05.511005,Anna_Salai_Teynampet,13.0455,80.25,24,32,1752,1314,0.968595,True,2026-07-19 18:00:00,0.2,0.2,29.3,5.9,True,18,6,True,0.0,0.0,0.0,0.0,0.0,0.0,0.0,0.0,0.0,0.0,,,0.0,0,0
2026-07-19 18:48:05.511005,Kathipara,13.0107,80.2016,28,28,158,158,1.0,False,2026-07-19 18:00:00,0.2,0.2,29.3,5.9,True,18,6,True,0.0,0.0,0.0,0.0,0.0,0.0,0.0,0.0,0.0,0.0,,,0.0,0,0
2026-07-19 18:48:05.511005,Central_Station,13.0827,80.2757,26,26,346,346,1.0,False,2026-07-19 18:00:00,0.2,0.2,29.3,5.9,True,18,6,True,0.0,0.0,1.0,3.0,0.0,1.0,0.0,0.0,5.0,13.0,,,0.0,0,0
2026-07-19 18:48:05.511005,T_Nagar_Panagal,13.0418,80.2341,32,32,242,242,1.0,False,2026-07-19 18:00:00,0.2,0.2,29.3,5.9,True,18,6,True,0.0,0.0,0.0,0.0,0.0,0.0,0.0,0.0,0.0,0.0,,,0.0,0,0
2026-07-19 18:48:05.511005,Vadapalani,13.0503,80.2121,22,31,376,267,1.0,False,2026-07-19 18:00:00,0.2,0.2,29.3,5.9,True,18,6,True,4.0,0.0,2.0,0.0,1.0,1.0,0.0,0.0,8.0,8.5,,,0.0,0,0
2026-07-19 18:48:05.511005,Egmore,13.0732,80.2609,18,24,2,1,1.0,False,2026-07-19 18:00:00,0.2,0.2,29.3,5.9,True,18,6,True,0.0,0.0,0.0,0.0,0.0,1.0,0.0,5.0,6.0,3.0,,,0.0,0,0
2026-07-19 18:48:05.511005,Guindy,13.0067,80.2206,25,33,1719,1302,0.993375,False,2026-07-19 18:00:00,0.2,0.2,29.3,5.9,True,18,6,True,0.0,0.0,0.0,0.0,0.0,0.0,0.0,0.0,0.0,0.0,,,0.0,0,0
2026-07-19 18:48:05.511005,Adyar_Signal,13.0064,80.257,16,25,720,460,0.955941,True,2026-07-19 18:00:00,0.2,0.2,29.3,5.9,True,18,6,True,0.0,0.0,0.0,0.0,0.0,0.0,0.0,0.0,0.0,0.0,,,0.0,0,0
2026-07-19 19:03:31.663278,Thoraipakkam_OMR,12.9407,80.235,20,20,523,523,1.0,False,2026-07-19 19:00:00,0.0,0.0,29.5,5.8,True,19,6,True,0.0,0.0,0.0,0.0,0.0,0.0,0.0,0.0,0.0,0.0,,,0.0,0,0
2026-07-19 19:03:31.663278,Adyar_Signal,13.0064,80.257,17,26,677,443,0.955281,True,2026-07-19 19:00:00,0.0,0.0,29.5,5.8,True,19,6,True,0.0,0.0,0.0,0.0,0.0,0.0,0.0,0.0,0.0,0.0,,,0.0,0,0
2026-07-19 19:03:31.663278,Kelambakkam_OMR,12.7925,80.2183,42,51,1625,1338,1.0,False,2026-07-19 19:00:00,0.0,0.0,29.5,5.8,True,19,6,True,0.0,0.0,0.0,0.0,0.0,0.0,0.0,0.0,0.0,0.0,,,0.0,0,0
2026-07-19 19:03:31.663278,Chromepet,12.9516,80.1462,31,38,2302,1878,1.0,False,2026-07-19 19:00:00,0.0,0.0,29.5,5.8,True,19,6,True,0.0,0.0,0.0,0.0,0.0,0.0,0.0,0.0,0.0,0.0,,,0.0,0,0
2026-07-19 19:03:31.663278,Mylapore,13.0339,80.2698,14,17,538,443,0.813041,True,2026-07-19 19:00:00,0.0,0.0,29.5,5.8,True,19,6,True,0.0,0.0,0.0,0.0,0.0,0.0,0.0,0.0,0.0,0.0,,,0.0,0,0
2026-07-19 19:03:31.663278,Perambur,13.1141,80.2417,17,23,1523,1126,0.939068,True,2026-07-19 19:00:00,0.0,0.0,29.5,5.8,True,19,6,True,0.0,0.0,0.0,0.0,0.0,0.0,0.0,0.0,0.0,0.0,,,0.0,0,0
2026-07-19 19:03:31.663278,Anna_Nagar_Roundtana,13.085,80.2101,9,15,110,66,0.98,False,2026-07-19 19:00:00,0.0,0.0,29.5,5.8,True,19,6,True,2.0,0.0,5.0,0.0,2.0,1.0,0.0,2.0,12.0,12.0,,,0.0,0,0
2026-07-19 19:03:31.663278,Porur,13.0381,80.1564,19,19,129,129,1.0,False,2026-07-19 19:00:00,0.0,0.0,29.5,5.8,True,19,6,True,4.0,1.0,0.0,2.0,0.0,2.0,0.0,2.0,11.0,14.8,,,0.0,0,0
2026-07-19 19:03:31.663278,Tambaram,12.9249,80.1,23,29,1177,933,0.98,False,2026-07-19 19:00:00,0.0,0.0,29.5,5.8,True,19,6,True,0.0,0.0,0.0,0.0,0.0,0.0,0.0,0.0,0.0,0.0,,,0.0,0,0
2026-07-19 19:03:31.663278,Perungudi_OMR,12.9634,80.2431,25,25,99,99,1.0,False,2026-07-19 19:00:00,0.0,0.0,29.5,5.8,True,19,6,True,0.0,0.0,0.0,0.0,0.0,0.0,0.0,0.0,0.0,0.0,,,0.0,0,0
2026-07-19 19:03:31.663278,T_Nagar_Panagal,13.0418,80.2341,27,32,287,242,1.0,False,2026-07-19 19:00:00,0.0,0.0,29.5,5.8,True,19,6,True,0.0,0.0,0.0,0.0,0.0,0.0,0.0,0.0,0.0,0.0,,,0.0,0,0
2026-07-19 19:03:31.663278,Guindy,13.0067,80.2206,25,33,1719,1302,0.994912,False,2026-07-19 19:00:00,0.0,0.0,29.5,5.8,True,19,6,True,0.0,0.0,0.0,0.0,0.0,0.0,0.0,0.0,0.0,0.0,,,0.0,0,0
2026-07-19 19:03:31.663278,Anna_Salai_Teynampet,13.0455,80.25,25,32,1682,1314,0.968595,True,2026-07-19 19:00:00,0.0,0.0,29.5,5.8,True,19,6,True,0.0,0.0,0.0,0.0,0.0,0.0,0.0,0.0,0.0,0.0,,,0.0,0,0
2026-07-19 19:03:31.663278,Kathipara,13.0107,80.2016,28,28,158,158,1.0,False,2026-07-19 19:00:00,0.0,0.0,29.5,5.8,True,19,6,True,0.0,0.0,0.0,0.0,0.0,0.0,0.0,0.0,0.0,0.0,,,0.0,0,0
2026-07-19 19:03:31.663278,Koyambedu,13.0694,80.1948,19,19,231,231,1.0,False,2026-07-19 19:00:00,0.0,0.0,29.5,5.8,True,19,6,True,0.0,0.0,0.0,0.0,0.0,0.0,0.0,0.0,0.0,0.0,,,0.0,0,0
2026-07-19 19:03:31.663278,Vadapalani,13.0503,80.2121,25,30,331,276,1.0,False,2026-07-19 19:00:00,0.0,0.0,29.5,5.8,True,19,6,True,4.0,0.0,2.0,0.0,1.0,1.0,0.0,0.0,8.0,8.5,,,0.0,0,0
2026-07-19 19:03:31.663278,Ashok_Nagar,13.0385,80.2107,30,34,2388,2107,0.997584,False,2026-07-19 19:00:00,0.0,0.0,29.5,5.8,True,19,6,True,0.0,0.0,0.0,0.0,0.0,0.0,0.0,0.0,0.0,0.0,,,0.0,0,0
2026-07-19 19:03:31.663278,Egmore,13.0732,80.2609,15,24,3,1,1.0,False,2026-07-19 19:00:00,0.0,0.0,29.5,5.8,True,19,6,True,0.0,0.0,0.0,0.0,0.0,1.0,0.0,5.0,6.0,3.0,,,0.0,0,0
2026-07-19 19:03:31.663278,Central_Station,13.0827,80.2757,26,26,346,346,1.0,False,2026-07-19 19:00:00,0.0,0.0,29.5,5.8,True,19,6,True,0.0,0.0,1.0,3.0,0.0,1.0,0.0,0.0,5.0,13.0,,,0.0,0,0
2026-07-19 19:03:31.663278,Velachery_Junction,12.9791,80.2211,25,33,1719,1302,0.994912,False,2026-07-19 19:00:00,0.0,0.0,29.5,5.8,True,19,6,True,2.0,1.0,4.0,1.0,2.0,0.0,1.0,1.0,12.0,12.3,,,0.0,0,0
2026-07-19 19:18:58.872090,Koyambedu,13.0694,80.1948,19,19,231,231,1.0,False,2026-07-19 19:00:00,0.0,0.0,29.5,5.8,True,19,6,True,0.0,0.0,0.0,0.0,0.0,0.0,0.0,0.0,0.0,0.0,,,0.0,0,0
2026-07-19 19:18:58.872090,Central_Station,13.0827,80.2757,26,26,346,346,1.0,False,2026-07-19 19:00:00,0.0,0.0,29.5,5.8,True,19,6,True,0.0,0.0,1.0,3.0,0.0,1.0,0.0,0.0,5.0,13.0,,,0.0,0,0
2026-07-19 19:18:58.872090,Egmore,13.0732,80.2609,17,25,2,1,1.0,False,2026-07-19 19:00:00,0.0,0.0,29.5,5.8,True,19,6,True,0.0,0.0,0.0,0.0,0.0,1.0,0.0,5.0,6.0,3.0,,,0.0,0,0
2026-07-19 19:18:58.872090,Anna_Salai_Teynampet,13.0455,80.25,25,32,1682,1314,0.968595,True,2026-07-19 19:00:00,0.0,0.0,29.5,5.8,True,19,6,True,0.0,0.0,0.0,0.0,0.0,0.0,0.0,0.0,0.0,0.0,,,0.0,0,0
2026-07-19 19:18:58.872090,Vadapalani,13.0503,80.2121,25,30,331,276,1.0,False,2026-07-19 19:00:00,0.0,0.0,29.5,5.8,True,19,6,True,4.0,0.0,2.0,0.0,1.0,1.0,0.0,0.0,8.0,8.5,,,0.0,0,0
2026-07-19 19:18:58.872090,Guindy,13.0067,80.2206,25,33,1719,1302,0.991346,False,2026-07-19 19:00:00,0.0,0.0,29.5,5.8,True,19,6,True,0.0,0.0,0.0,0.0,0.0,0.0,0.0,0.0,0.0,0.0,,,0.0,0,0
2026-07-19 19:18:58.872090,Kathipara,13.0107,80.2016,22,28,202,158,0.99376,False,2026-07-19 19:00:00,0.0,0.0,29.5,5.8,True,19,6,True,0.0,0.0,0.0,0.0,0.0,0.0,0.0,0.0,0.0,0.0,,,0.0,0,0
2026-07-19 19:18:58.872090,Adyar_Signal,13.0064,80.257,16,26,720,443,0.954622,True,2026-07-19 19:00:00,0.0,0.0,29.5,5.8,True,19,6,True,0.0,0.0,0.0,0.0,0.0,0.0,0.0,0.0,0.0,0.0,,,0.0,0,0
2026-07-19 19:18:58.872090,T_Nagar_Panagal,13.0418,80.2341,27,32,287,242,1.0,False,2026-07-19 19:00:00,0.0,0.0,29.5,5.8,True,19,6,True,0.0,0.0,0.0,0.0,0.0,0.0,0.0,0.0,0.0,0.0,,,0.0,0,0
2026-07-19 19:18:58.872090,Ashok_Nagar,13.0385,80.2107,35,35,2047,2047,1.0,False,2026-07-19 19:00:00,0.0,0.0,29.5,5.8,True,19,6,True,0.0,0.0,0.0,0.0,0.0,0.0,0.0,0.0,0.0,0.0,,,0.0,0,0
2026-07-19 19:18:58.872090,Chromepet,12.9516,80.1462,38,38,1878,1878,1.0,False,2026-07-19 19:00:00,0.0,0.0,29.5,5.8,True,19,6,True,0.0,0.0,0.0,0.0,0.0,0.0,0.0,0.0,0.0,0.0,,,0.0,0,0
2026-07-19 19:18:58.872090,Porur,13.0381,80.1564,19,19,129,129,1.0,False,2026-07-19 19:00:00,0.0,0.0,29.5,5.8,True,19,6,True,4.0,1.0,0.0,2.0,0.0,2.0,0.0,2.0,11.0,14.8,,,0.0,0,0
2026-07-19 19:18:58.872090,Anna_Nagar_Roundtana,13.085,80.2101,9,14,110,71,0.98,False,2026-07-19 19:00:00,0.0,0.0,29.5,5.8,True,19,6,True,2.0,0.0,5.0,0.0,2.0,1.0,0.0,2.0,12.0,12.0,,,0.0,0,0
2026-07-19 19:18:58.872090,Perungudi_OMR,12.9634,80.2431,25,25,99,99,1.0,False,2026-07-19 19:00:00,0.0,0.0,29.5,5.8,True,19,6,True,0.0,0.0,0.0,0.0,0.0,0.0,0.0,0.0,0.0,0.0,,,0.0,0,0
2026-07-19 19:18:58.872090,Thoraipakkam_OMR,12.9407,80.235,20,20,523,523,1.0,False,2026-07-19 19:00:00,0.0,0.0,29.5,5.8,True,19,6,True,0.0,0.0,0.0,0.0,0.0,0.0,0.0,0.0,0.0,0.0,,,0.0,0,0
2026-07-19 19:18:58.872090,Velachery_Junction,12.9791,80.2211,25,33,1719,1302,0.991346,False,2026-07-19 19:00:00,0.0,0.0,29.5,5.8,True,19,6,True,2.0,1.0,4.0,1.0,2.0,0.0,1.0,1.0,12.0,12.3,,,0.0,0,0
2026-07-19 19:18:58.872090,Kelambakkam_OMR,12.7925,80.2183,51,51,1338,1338,1.0,False,2026-07-19 19:00:00,0.0,0.0,29.5,5.8,True,19,6,True,0.0,0.0,0.0,0.0,0.0,0.0,0.0,0.0,0.0,0.0,,,0.0,0,0
2026-07-19 19:18:58.872090,Perambur,13.1141,80.2417,15,22,1726,1177,0.94193,True,2026-07-19 19:00:00,0.0,0.0,29.5,5.8,True,19,6,True,0.0,0.0,0.0,0.0,0.0,0.0,0.0,0.0,0.0,0.0,,,0.0,0,0
2026-07-19 19:18:58.872090,Mylapore,13.0339,80.2698,14,17,538,443,0.792753,True,2026-07-19 19:00:00,0.0,0.0,29.5,5.8,True,19,6,True,0.0,0.0,0.0,0.0,0.0,0.0,0.0,0.0,0.0,0.0,,,0.0,0,0
2026-07-19 19:18:58.872090,Tambaram,12.9249,80.1,22,29,1230,933,0.977616,False,2026-07-19 19:00:00,0.0,0.0,29.5,5.8,True,19,6,True,0.0,0.0,0.0,0.0,0.0,0.0,0.0,0.0,0.0,0.0,,,0.0,0,0
2026-07-19 19:34:26.425296,Chromepet,12.9516,80.1462,38,38,1878,1878,1.0,False,2026-07-19 19:00:00,0.0,0.0,29.5,5.8,True,19,6,True,0.0,0.0,0.0,0.0,0.0,0.0,0.0,0.0,0.0,0.0,,,0.0,0,0
2026-07-19 19:34:26.425296,Mylapore,13.0339,80.2698,14,17,538,443,0.822799,True,2026-07-19 19:00:00,0.0,0.0,29.5,5.8,True,19,6,True,0.0,0.0,0.0,0.0,0.0,0.0,0.0,0.0,0.0,0.0,,,0.0,0,0
2026-07-19 19:34:26.425296,Perambur,13.1141,80.2417,15,23,1726,1126,0.926725,True,2026-07-19 19:00:00,0.0,0.0,29.5,5.8,True,19,6,True,0.0,0.0,0.0,0.0,0.0,0.0,0.0,0.0,0.0,0.0,,,0.0,0,0
2026-07-19 19:34:26.425296,Adyar_Signal,13.0064,80.257,15,25,768,460,0.953253,True,2026-07-19 19:00:00,0.0,0.0,29.5,5.8,True,19,6,True,0.0,0.0,0.0,0.0,0.0,0.0,0.0,0.0,0.0,0.0,,,0.0,0,0
2026-07-19 19:34:26.425296,Anna_Nagar_Roundtana,13.085,80.2101,7,15,142,66,0.96,False,2026-07-19 19:00:00,0.0,0.0,29.5,5.8,True,19,6,True,2.0,0.0,5.0,0.0,2.0,1.0,0.0,2.0,12.0,12.0,,,0.0,0,0
2026-07-19 19:34:26.425296,Thoraipakkam_OMR,12.9407,80.235,20,20,523,523,1.0,False,2026-07-19 19:00:00,0.0,0.0,29.5,5.8,True,19,6,True,0.0,0.0,0.0,0.0,0.0,0.0,0.0,0.0,0.0,0.0,,,0.0,0,0
2026-07-19 19:34:26.425296,Perungudi_OMR,12.9634,80.2431,20,24,124,103,0.973961,False,2026-07-19 19:00:00,0.0,0.0,29.5,5.8,True,19,6,True,0.0,0.0,0.0,0.0,0.0,0.0,0.0,0.0,0.0,0.0,,,0.0,0,0
2026-07-19 19:34:26.425296,Tambaram,12.9249,80.1,23,28,1177,966,0.969862,False,2026-07-19 19:00:00,0.0,0.0,29.5,5.8,True,19,6,True,0.0,0.0,0.0,0.0,0.0,0.0,0.0,0.0,0.0,0.0,,,0.0,0,0
2026-07-19 19:34:26.425296,Porur,13.0381,80.1564,19,19,129,129,1.0,False,2026-07-19 19:00:00,0.0,0.0,29.5,5.8,True,19,6,True,4.0,1.0,0.0,2.0,0.0,2.0,0.0,2.0,11.0,14.8,,,0.0,0,0
2026-07-19 19:34:26.425296,Kelambakkam_OMR,12.7925,80.2183,43,51,1587,1338,1.0,False,2026-07-19 19:00:00,0.0,0.0,29.5,5.8,True,19,6,True,0.0,0.0,0.0,0.0,0.0,0.0,0.0,0.0,0.0,0.0,,,0.0,0,0
2026-07-19 19:34:26.425296,Central_Station,13.0827,80.2757,21,26,429,346,1.0,False,2026-07-19 19:00:00,0.0,0.0,29.5,5.8,True,19,6,True,0.0,0.0,1.0,3.0,0.0,1.0,0.0,0.0,5.0,13.0,,,0.0,0,0
2026-07-19 19:34:26.425296,Guindy,13.0067,80.2206,27,33,1592,1302,0.996534,False,2026-07-19 19:00:00,0.0,0.0,29.5,5.8,True,19,6,True,0.0,0.0,0.0,0.0,0.0,0.0,0.0,0.0,0.0,0.0,,,0.0,0,0
2026-07-19 19:34:26.425296,Egmore,13.0732,80.2609,20,25,2,1,1.0,False,2026-07-19 19:00:00,0.0,0.0,29.5,5.8,True,19,6,True,0.0,0.0,0.0,0.0,0.0,1.0,0.0,5.0,6.0,3.0,,,0.0,0,0
2026-07-19 19:34:26.425296,Anna_Salai_Teynampet,13.0455,80.25,26,33,1618,1274,0.968595,True,2026-07-19 19:00:00,0.0,0.0,29.5,5.8,True,19,6,True,0.0,0.0,0.0,0.0,0.0,0.0,0.0,0.0,0.0,0.0,,,0.0,0,0
2026-07-19 19:34:26.425296,T_Nagar_Panagal,13.0418,80.2341,26,32,298,242,1.0,False,2026-07-19 19:00:00,0.0,0.0,29.5,5.8,True,19,6,True,0.0,0.0,0.0,0.0,0.0,0.0,0.0,0.0,0.0,0.0,,,0.0,0,0
2026-07-19 19:34:26.425296,Ashok_Nagar,13.0385,80.2107,30,35,2388,2047,0.998986,False,2026-07-19 19:00:00,0.0,0.0,29.5,5.8,True,19,6,True,0.0,0.0,0.0,0.0,0.0,0.0,0.0,0.0,0.0,0.0,,,0.0,0,0
2026-07-19 19:34:26.425296,Kathipara,13.0107,80.2016,28,28,158,158,1.0,False,2026-07-19 19:00:00,0.0,0.0,29.5,5.8,True,19,6,True,0.0,0.0,0.0,0.0,0.0,0.0,0.0,0.0,0.0,0.0,,,0.0,0,0
2026-07-19 19:34:26.425296,Velachery_Junction,12.9791,80.2211,27,33,1592,1302,0.996534,False,2026-07-19 19:00:00,0.0,0.0,29.5,5.8,True,19,6,True,2.0,1.0,4.0,1.0,2.0,0.0,1.0,1.0,12.0,12.3,,,0.0,0,0
2026-07-19 19:34:26.425296,Vadapalani,13.0503,80.2121,24,31,345,267,1.0,False,2026-07-19 19:00:00,0.0,0.0,29.5,5.8,True,19,6,True,4.0,0.0,2.0,0.0,1.0,1.0,0.0,0.0,8.0,8.5,,,0.0,0,0
2026-07-19 19:34:26.425296,Koyambedu,13.0694,80.1948,19,19,231,231,1.0,False,2026-07-19 19:00:00,0.0,0.0,29.5,5.8,True,19,6,True,0.0,0.0,0.0,0.0,0.0,0.0,0.0,0.0,0.0,0.0,,,0.0,0,0
2026-07-19 19:40:54.000000,Vadapalani,13.0503,80.2121,30,30,276,276,1.0,False,2026-07-19 19:00:00,0.0,0.0,29.5,5.8,True,19,6,True,4.0,0.0,2.0,0.0,1.0,1.0,0.0,0.0,8.0,8.5,,,0.0,0,0
2026-07-19 19:40:54.000000,Kathipara,13.0107,80.2016,28,28,158,158,1.0,False,2026-07-19 19:00:00,0.0,0.0,29.5,5.8,True,19,6,True,0.0,0.0,0.0,0.0,0.0,0.0,0.0,0.0,0.0,0.0,,,0.0,0,0
2026-07-19 19:40:54.000000,Chromepet,12.9516,80.1462,38,38,1878,1878,1.0,False,2026-07-19 19:00:00,0.0,0.0,29.5,5.8,True,19,6,True,0.0,0.0,0.0,0.0,0.0,0.0,0.0,0.0,0.0,0.0,,,0.0,0,0
2026-07-19 19:40:54.000000,Guindy,13.0067,80.2206,32,32,1343,1343,1.0,False,2026-07-19 19:00:00,0.0,0.0,29.5,5.8,True,19,6,True,0.0,0.0,0.0,0.0,0.0,0.0,0.0,0.0,0.0,0.0,,,0.0,0,0
2026-07-19 19:40:54.000000,T_Nagar_Panagal,13.0418,80.2341,32,32,242,242,1.0,False,2026-07-19 19:00:00,0.0,0.0,29.5,5.8,True,19,6,True,0.0,0.0,0.0,0.0,0.0,0.0,0.0,0.0,0.0,0.0,,,0.0,0,0
2026-07-19 19:40:54.000000,Anna_Salai_Teynampet,13.0455,80.25,31,32,1357,1314,0.956532,True,2026-07-19 19:00:00,0.0,0.0,29.5,5.8,True,19,6,True,0.0,0.0,0.0,0.0,0.0,0.0,0.0,0.0,0.0,0.0,,,0.0,0,0
2026-07-19 19:40:54.000000,Egmore,13.0732,80.2609,25,25,1,1,1.0,False,2026-07-19 19:00:00,0.0,0.0,29.5,5.8,True,19,6,True,0.0,0.0,0.0,0.0,0.0,1.0,0.0,5.0,6.0,3.0,,,0.0,0,0
2026-07-19 19:40:54.000000,Koyambedu,13.0694,80.1948,19,19,231,231,1.0,False,2026-07-19 19:00:00,0.0,0.0,29.5,5.8,True,19,6,True,0.0,0.0,0.0,0.0,0.0,0.0,0.0,0.0,0.0,0.0,,,0.0,0,0
2026-07-19 19:40:54.000000,Kelambakkam_OMR,12.7925,80.2183,51,51,1338,1338,1.0,False,2026-07-19 19:00:00,0.0,0.0,29.5,5.8,True,19,6,True,0.0,0.0,0.0,0.0,0.0,0.0,0.0,0.0,0.0,0.0,,,0.0,0,0
2026-07-19 19:40:54.000000,Ashok_Nagar,13.0385,80.2107,35,35,2047,2047,1.0,False,2026-07-19 19:00:00,0.0,0.0,29.5,5.8,True,19,6,True,0.0,0.0,0.0,0.0,0.0,0.0,0.0,0.0,0.0,0.0,,,0.0,0,0
2026-07-19 19:40:54.000000,Central_Station,13.0827,80.2757,26,26,346,346,1.0,False,2026-07-19 19:00:00,0.0,0.0,29.5,5.8,True,19,6,True,0.0,0.0,1.0,3.0,0.0,1.0,0.0,0.0,5.0,13.0,,,0.0,0,0
2026-07-19 19:40:54.000000,Perungudi_OMR,12.9634,80.2431,25,25,99,99,1.0,False,2026-07-19 19:00:00,0.0,0.0,29.5,5.8,True,19,6,True,0.0,0.0,0.0,0.0,0.0,0.0,0.0,0.0,0.0,0.0,,,0.0,0,0
2026-07-19 19:40:54.000000,Thoraipakkam_OMR,12.9407,80.235,20,20,523,523,1.0,False,2026-07-19 19:00:00,0.0,0.0,29.5,5.8,True,19,6,True,0.0,0.0,0.0,0.0,0.0,0.0,0.0,0.0,0.0,0.0,,,0.0,0,0
2026-07-19 19:40:54.000000,Porur,13.0381,80.1564,19,19,129,129,1.0,False,2026-07-19 19:00:00,0.0,0.0,29.5,5.8,True,19,6,True,4.0,1.0,0.0,2.0,0.0,2.0,0.0,2.0,11.0,14.8,,,0.0,0,0
2026-07-19 19:40:54.000000,Anna_Nagar_Roundtana,13.085,80.2101,15,15,66,66,1.0,False,2026-07-19 19:00:00,0.0,0.0,29.5,5.8,True,19,6,True,2.0,0.0,5.0,0.0,2.0,1.0,0.0,2.0,12.0,12.0,,,0.0,0,0
2026-07-19 19:40:54.000000,Perambur,13.1141,80.2417,25,25,1036,1036,1.0,False,2026-07-19 19:00:00,0.0,0.0,29.5,5.8,True,19,6,True,0.0,0.0,0.0,0.0,0.0,0.0,0.0,0.0,0.0,0.0,,,0.0,0,0
2026-07-19 19:40:54.000000,Mylapore,13.0339,80.2698,17,17,443,443,0.517797,True,2026-07-19 19:00:00,0.0,0.0,29.5,5.8,True,19,6,True,0.0,0.0,0.0,0.0,0.0,0.0,0.0,0.0,0.0,0.0,,,0.0,0,0
2026-07-19 19:40:54.000000,Velachery_Junction,12.9791,80.2211,32,32,1343,1343,1.0,False,2026-07-19 19:00:00,0.0,0.0,29.5,5.8,True,19,6,True,2.0,1.0,4.0,1.0,2.0,0.0,1.0,1.0,12.0,12.3,,,0.0,0,0
2026-07-19 19:40:54.000000,Tambaram,12.9249,80.1,28,28,966,966,1.0,False,2026-07-19 19:00:00,0.0,0.0,29.5,5.8,True,19,6,True,0.0,0.0,0.0,0.0,0.0,0.0,0.0,0.0,0.0,0.0,,,0.0,0,0
2026-07-19 19:40:54.000000,Adyar_Signal,13.0064,80.257,25,25,460,460,0.822905,True,2026-07-19 19:00:00,0.0,0.0,29.5,5.8,True,19,6,True,0.0,0.0,0.0,0.0,0.0,0.0,0.0,0.0,0.0,0.0,,,0.0,0,0
2026-07-19 19:49:53.657814,Velachery_Junction,12.9791,80.2211,27,33,1592,1302,0.997524,False,2026-07-19 19:00:00,0.0,0.0,29.5,5.8,True,19,6,True,2.0,1.0,4.0,1.0,2.0,0.0,1.0,1.0,12.0,12.3,,,0.0,0,0
2026-07-19 19:49:53.657814,Chromepet,12.9516,80.1462,32,38,2230,1878,1.0,False,2026-07-19 19:00:00,0.0,0.0,29.5,5.8,True,19,6,True,0.0,0.0,0.0,0.0,0.0,0.0,0.0,0.0,0.0,0.0,,,0.0,0,0
2026-07-19 19:49:53.657814,Mylapore,13.0339,80.2698,15,17,503,443,0.787578,True,2026-07-19 19:00:00,0.0,0.0,29.5,5.8,True,19,6,True,0.0,0.0,0.0,0.0,0.0,0.0,0.0,0.0,0.0,0.0,,,0.0,0,0
2026-07-19 19:49:53.657814,Kathipara,13.0107,80.2016,28,28,158,158,1.0,False,2026-07-19 19:00:00,0.0,0.0,29.5,5.8,True,19,6,True,0.0,0.0,0.0,0.0,0.0,0.0,0.0,0.0,0.0,0.0,,,0.0,0,0
2026-07-19 19:49:53.657814,Perungudi_OMR,12.9634,80.2431,20,24,124,103,0.936981,False,2026-07-19 19:00:00,0.0,0.0,29.5,5.8,True,19,6,True,0.0,0.0,0.0,0.0,0.0,0.0,0.0,0.0,0.0,0.0,,,0.0,0,0
2026-07-19 19:49:53.657814,Porur,13.0381,80.1564,19,19,129,129,1.0,False,2026-07-19 19:00:00,0.0,0.0,29.5,5.8,True,19,6,True,4.0,1.0,0.0,2.0,0.0,2.0,0.0,2.0,11.0,14.8,,,0.0,0,0
2026-07-19 19:49:53.657814,Thoraipakkam_OMR,12.9407,80.235,18,20,581,523,0.947119,False,2026-07-19 19:00:00,0.0,0.0,29.5,5.8,True,19,6,True,0.0,0.0,0.0,0.0,0.0,0.0,0.0,0.0,0.0,0.0,,,0.0,0,0
2026-07-19 19:49:53.657814,Perambur,13.1141,80.2417,16,23,1618,1126,0.911631,True,2026-07-19 19:00:00,0.0,0.0,29.5,5.8,True,19,6,True,0.0,0.0,0.0,0.0,0.0,0.0,0.0,0.0,0.0,0.0,,,0.0,0,0
2026-07-19 19:49:53.657814,Anna_Nagar_Roundtana,13.085,80.2101,9,14,110,71,0.97,False,2026-07-19 19:00:00,0.0,0.0,29.5,5.8,True,19,6,True,2.0,0.0,5.0,0.0,2.0,1.0,0.0,2.0,12.0,12.0,,,0.0,0,0
2026-07-19 19:49:53.657814,Tambaram,12.9249,80.1,22,28,1230,966,0.981497,False,2026-07-19 19:00:00,0.0,0.0,29.5,5.8,True,19,6,True,0.0,0.0,0.0,0.0,0.0,0.0,0.0,0.0,0.0,0.0,,,0.0,0,0
2026-07-19 19:49:53.657814,Kelambakkam_OMR,12.7925,80.2183,42,51,1625,1338,0.998533,False,2026-07-19 19:00:00,0.0,0.0,29.5,5.8,True,19,6,True,0.0,0.0,0.0,0.0,0.0,0.0,0.0,0.0,0.0,0.0,,,0.0,0,0
2026-07-19 19:49:53.657814,Anna_Salai_Teynampet,13.0455,80.25,24,32,1752,1314,0.967252,True,2026-07-19 19:00:00,0.0,0.0,29.5,5.8,True,19,6,True,0.0,0.0,0.0,0.0,0.0,0.0,0.0,0.0,0.0,0.0,,,0.0,0,0
2026-07-19 19:49:53.657814,Koyambedu,13.0694,80.1948,19,19,231,231,1.0,False,2026-07-19 19:00:00,0.0,0.0,29.5,5.8,True,19,6,True,0.0,0.0,0.0,0.0,0.0,0.0,0.0,0.0,0.0,0.0,,,0.0,0,0
2026-07-19 19:49:53.657814,Central_Station,13.0827,80.2757,26,26,346,346,1.0,False,2026-07-19 19:00:00,0.0,0.0,29.5,5.8,True,19,6,True,0.0,0.0,1.0,3.0,0.0,1.0,0.0,0.0,5.0,13.0,,,0.0,0,0
2026-07-19 19:49:53.657814,Egmore,13.0732,80.2609,17,24,2,1,1.0,False,2026-07-19 19:00:00,0.0,0.0,29.5,5.8,True,19,6,True,0.0,0.0,0.0,0.0,0.0,1.0,0.0,5.0,6.0,3.0,,,0.0,0,0
2026-07-19 19:49:53.657814,Vadapalani,13.0503,80.2121,30,30,276,276,1.0,False,2026-07-19 19:00:00,0.0,0.0,29.5,5.8,True,19,6,True,4.0,0.0,2.0,0.0,1.0,1.0,0.0,0.0,8.0,8.5,,,0.0,0,0
2026-07-19 19:49:53.657814,T_Nagar_Panagal,13.0418,80.2341,32,32,242,242,1.0,False,2026-07-19 19:00:00,0.0,0.0,29.5,5.8,True,19,6,True,0.0,0.0,0.0,0.0,0.0,0.0,0.0,0.0,0.0,0.0,,,0.0,0,0
2026-07-19 19:49:53.657814,Guindy,13.0067,80.2206,27,33,1592,1302,0.997524,False,2026-07-19 19:00:00,0.0,0.0,29.5,5.8,True,19,6,True,0.0,0.0,0.0,0.0,0.0,0.0,0.0,0.0,0.0,0.0,,,0.0,0,0
2026-07-19 19:49:53.657814,Adyar_Signal,13.0064,80.257,15,24,768,480,0.95261,True,2026-07-19 19:00:00,0.0,0.0,29.5,5.8,True,19,6,True,0.0,0.0,0.0,0.0,0.0,0.0,0.0,0.0,0.0,0.0,,,0.0,0,0
2026-07-19 19:49:53.657814,Ashok_Nagar,13.0385,80.2107,35,35,2047,2047,1.0,False,2026-07-19 19:00:00,0.0,0.0,29.5,5.8,True,19,6,True,0.0,0.0,0.0,0.0,0.0,0.0,0.0,0.0,0.0,0.0,,,0.0,0,0
2026-07-19 20:05:19.423732,Adyar_Signal,13.0064,80.257,14,25,822,460,0.953103,True,2026-07-19 20:00:00,0.0,0.0,29.5,8.3,True,20,6,True,0.0,0.0,0.0,0.0,0.0,0.0,0.0,0.0,0.0,0.0,,,0.0,0,0
2026-07-19 20:05:19.423732,Vadapalani,13.0503,80.2121,22,30,376,276,1.0,False,2026-07-19 20:00:00,0.0,0.0,29.5,8.3,True,20,6,True,4.0,0.0,2.0,0.0,1.0,1.0,0.0,0.0,8.0,8.5,,,0.0,0,0
2026-07-19 20:05:19.423732,Thoraipakkam_OMR,12.9407,80.235,15,20,698,523,0.840439,False,2026-07-19 20:00:00,0.0,0.0,29.5,8.3,True,20,6,True,0.0,0.0,0.0,0.0,0.0,0.0,0.0,0.0,0.0,0.0,,,0.0,0,0
2026-07-19 20:05:19.423732,Mylapore,13.0339,80.2698,16,17,471,443,0.785376,True,2026-07-19 20:00:00,0.0,0.0,29.5,8.3,True,20,6,True,0.0,0.0,0.0,0.0,0.0,0.0,0.0,0.0,0.0,0.0,,,0.0,0,0
2026-07-19 20:05:19.423732,Anna_Nagar_Roundtana,13.085,80.2101,11,15,90,66,0.96,False,2026-07-19 20:00:00,0.0,0.0,29.5,8.3,True,20,6,True,2.0,0.0,5.0,0.0,2.0,1.0,0.0,2.0,12.0,12.0,,,0.0,0,0
2026-07-19 20:05:19.423732,Perambur,13.1141,80.2417,15,22,1726,1177,0.907095,True,2026-07-19 20:00:00,0.0,0.0,29.5,8.3,True,20,6,True,0.0,0.0,0.0,0.0,0.0,0.0,0.0,0.0,0.0,0.0,,,0.0,0,0
2026-07-19 20:05:19.423732,Tambaram,12.9249,80.1,22,28,1230,966,0.9727,False,2026-07-19 20:00:00,0.0,0.0,29.5,8.3,True,20,6,True,0.0,0.0,0.0,0.0,0.0,0.0,0.0,0.0,0.0,0.0,,,0.0,0,0
2026-07-19 20:05:19.423732,Porur,13.0381,80.1564,15,19,164,129,0.95,False,2026-07-19 20:00:00,0.0,0.0,29.5,8.3,True,20,6,True,4.0,1.0,0.0,2.0,0.0,2.0,0.0,2.0,11.0,14.8,,,0.0,0,0
2026-07-19 20:05:19.423732,Egmore,13.0732,80.2609,25,25,1,1,1.0,False,2026-07-19 20:00:00,0.0,0.0,29.5,8.3,True,20,6,True,0.0,0.0,0.0,0.0,0.0,1.0,0.0,5.0,6.0,3.0,,,0.0,0,0
2026-07-19 20:05:19.423732,Perungudi_OMR,12.9634,80.2431,16,25,155,99,0.87,False,2026-07-19 20:00:00,0.0,0.0,29.5,8.3,True,20,6,True,0.0,0.0,0.0,0.0,0.0,0.0,0.0,0.0,0.0,0.0,,,0.0,0,0
2026-07-19 20:05:19.423732,Anna_Salai_Teynampet,13.0455,80.25,26,33,1618,1274,0.966272,True,2026-07-19 20:00:00,0.0,0.0,29.5,8.3,True,20,6,True,0.0,0.0,0.0,0.0,0.0,0.0,0.0,0.0,0.0,0.0,,,0.0,0,0
2026-07-19 20:05:19.423732,Central_Station,13.0827,80.2757,21,26,429,346,0.997882,False,2026-07-19 20:00:00,0.0,0.0,29.5,8.3,True,20,6,True,0.0,0.0,1.0,3.0,0.0,1.0,0.0,0.0,5.0,13.0,,,0.0,0,0
2026-07-19 20:05:19.423732,T_Nagar_Panagal,13.0418,80.2341,26,31,298,250,1.0,False,2026-07-19 20:00:00,0.0,0.0,29.5,8.3,True,20,6,True,0.0,0.0,0.0,0.0,0.0,0.0,0.0,0.0,0.0,0.0,,,0.0,0,0
2026-07-19 20:05:19.423732,Guindy,13.0067,80.2206,27,33,1592,1302,0.996129,False,2026-07-19 20:00:00,0.0,0.0,29.5,8.3,True,20,6,True,0.0,0.0,0.0,0.0,0.0,0.0,0.0,0.0,0.0,0.0,,,0.0,0,0
2026-07-19 20:05:19.423732,Kathipara,13.0107,80.2016,28,28,158,158,1.0,False,2026-07-19 20:00:00,0.0,0.0,29.5,8.3,True,20,6,True,0.0,0.0,0.0,0.0,0.0,0.0,0.0,0.0,0.0,0.0,,,0.0,0,0
2026-07-19 20:05:19.423732,Chromepet,12.9516,80.1462,33,38,2163,1878,1.0,False,2026-07-19 20:00:00,0.0,0.0,29.5,8.3,True,20,6,True,0.0,0.0,0.0,0.0,0.0,0.0,0.0,0.0,0.0,0.0,,,0.0,0,0
2026-07-19 20:05:19.423732,Ashok_Nagar,13.0385,80.2107,30,35,2388,2047,0.998426,False,2026-07-19 20:00:00,0.0,0.0,29.5,8.3,True,20,6,True,0.0,0.0,0.0,0.0,0.0,0.0,0.0,0.0,0.0,0.0,,,0.0,0,0
2026-07-19 20:05:19.423732,Kelambakkam_OMR,12.7925,80.2183,43,51,1587,1338,0.991658,False,2026-07-19 20:00:00,0.0,0.0,29.5,8.3,True,20,6,True,0.0,0.0,0.0,0.0,0.0,0.0,0.0,0.0,0.0,0.0,,,0.0,0,0
2026-07-19 20:05:19.423732,Velachery_Junction,12.9791,80.2211,27,33,1592,1302,0.996129,False,2026-07-19 20:00:00,0.0,0.0,29.5,8.3,True,20,6,True,2.0,1.0,4.0,1.0,2.0,0.0,1.0,1.0,12.0,12.3,,,0.0,0,0
2026-07-19 20:05:19.423732,Koyambedu,13.0694,80.1948,19,19,231,231,1.0,False,2026-07-19 20:00:00,0.0,0.0,29.5,8.3,True,20,6,True,0.0,0.0,0.0,0.0,0.0,0.0,0.0,0.0,0.0,0.0,,,0.0,0,0
2026-07-19 20:20:45.912355,Thoraipakkam_OMR,12.9407,80.235,17,20,616,523,0.864714,False,2026-07-19 20:00:00,0.0,0.0,29.5,8.3,True,20,6,True,0.0,0.0,0.0,0.0,0.0,0.0,0.0,0.0,0.0,0.0,,,0.0,0,0
2026-07-19 20:20:45.912355,Porur,13.0381,80.1564,19,19,129,129,1.0,False,2026-07-19 20:00:00,0.0,0.0,29.5,8.3,True,20,6,True,4.0,1.0,0.0,2.0,0.0,2.0,0.0,2.0,11.0,14.8,,,0.0,0,0
2026-07-19 20:20:45.912355,Anna_Nagar_Roundtana,13.085,80.2101,7,15,142,66,0.99,False,2026-07-19 20:00:00,0.0,0.0,29.5,8.3,True,20,6,True,2.0,0.0,5.0,0.0,2.0,1.0,0.0,2.0,12.0,12.0,,,0.0,0,0
2026-07-19 20:20:45.912355,Perambur,13.1141,80.2417,16,21,1618,1233,0.916391,True,2026-07-19 20:00:00,0.0,0.0,29.5,8.3,True,20,6,True,0.0,0.0,0.0,0.0,0.0,0.0,0.0,0.0,0.0,0.0,,,0.0,0,0
2026-07-19 20:20:45.912355,Perungudi_OMR,12.9634,80.2431,19,25,131,99,0.94,False,2026-07-19 20:00:00,0.0,0.0,29.5,8.3,True,20,6,True,0.0,0.0,0.0,0.0,0.0,0.0,0.0,0.0,0.0,0.0,,,0.0,0,0
2026-07-19 20:20:45.912355,Kelambakkam_OMR,12.7925,80.2183,51,51,1338,1338,1.0,False,2026-07-19 20:00:00,0.0,0.0,29.5,8.3,True,20,6,True,0.0,0.0,0.0,0.0,0.0,0.0,0.0,0.0,0.0,0.0,,,0.0,0,0
2026-07-19 20:20:45.912355,Kathipara,13.0107,80.2016,28,28,158,158,1.0,False,2026-07-19 20:00:00,0.0,0.0,29.5,8.3,True,20,6,True,0.0,0.0,0.0,0.0,0.0,0.0,0.0,0.0,0.0,0.0,,,0.0,0,0
2026-07-19 20:20:45.912355,Tambaram,12.9249,80.1,23,28,1177,966,0.977388,False,2026-07-19 20:00:00,0.0,0.0,29.5,8.3,True,20,6,True,0.0,0.0,0.0,0.0,0.0,0.0,0.0,0.0,0.0,0.0,,,0.0,0,0
2026-07-19 20:20:45.912355,Mylapore,13.0339,80.2698,15,17,503,443,0.761376,True,2026-07-19 20:00:00,0.0,0.0,29.5,8.3,True,20,6,True,0.0,0.0,0.0,0.0,0.0,0.0,0.0,0.0,0.0,0.0,,,0.0,0,0
2026-07-19 20:20:45.912355,Guindy,13.0067,80.2206,26,33,1653,1302,0.996379,False,2026-07-19 20:00:00,0.0,0.0,29.5,8.3,True,20,6,True,0.0,0.0,0.0,0.0,0.0,0.0,0.0,0.0,0.0,0.0,,,0.0,0,0
2026-07-19 20:20:45.912355,Adyar_Signal,13.0064,80.257,15,25,768,460,0.954622,True,2026-07-19 20:00:00,0.0,0.0,29.5,8.3,True,20,6,True,0.0,0.0,0.0,0.0,0.0,0.0,0.0,0.0,0.0,0.0,,,0.0,0,0
2026-07-19 20:20:45.912355,Central_Station,13.0827,80.2757,26,26,346,346,1.0,False,2026-07-19 20:00:00,0.0,0.0,29.5,8.3,True,20,6,True,0.0,0.0,1.0,3.0,0.0,1.0,0.0,0.0,5.0,13.0,,,0.0,0,0
2026-07-19 20:20:45.912355,Velachery_Junction,12.9791,80.2211,26,33,1653,1302,0.996379,False,2026-07-19 20:00:00,0.0,0.0,29.5,8.3,True,20,6,True,2.0,1.0,4.0,1.0,2.0,0.0,1.0,1.0,12.0,12.3,,,0.0,0,0
2026-07-19 20:20:45.912355,T_Nagar_Panagal,13.0418,80.2341,24,31,323,250,1.0,False,2026-07-19 20:00:00,0.0,0.0,29.5,8.3,True,20,6,True,0.0,0.0,0.0,0.0,0.0,0.0,0.0,0.0,0.0,0.0,,,0.0,0,0
2026-07-19 20:20:45.912355,Egmore,13.0732,80.2609,25,25,1,1,1.0,False,2026-07-19 20:00:00,0.0,0.0,29.5,8.3,True,20,6,True,0.0,0.0,0.0,0.0,0.0,1.0,0.0,5.0,6.0,3.0,,,0.0,0,0
2026-07-19 20:20:45.912355,Anna_Salai_Teynampet,13.0455,80.25,26,32,1618,1314,0.967433,True,2026-07-19 20:00:00,0.0,0.0,29.5,8.3,True,20,6,True,0.0,0.0,0.0,0.0,0.0,0.0,0.0,0.0,0.0,0.0,,,0.0,0,0
2026-07-19 20:20:45.912355,Koyambedu,13.0694,80.1948,19,19,231,231,1.0,False,2026-07-19 20:00:00,0.0,0.0,29.5,8.3,True,20,6,True,0.0,0.0,0.0,0.0,0.0,0.0,0.0,0.0,0.0,0.0,,,0.0,0,0
2026-07-19 20:20:45.912355,Vadapalani,13.0503,80.2121,24,30,345,276,1.0,False,2026-07-19 20:00:00,0.0,0.0,29.5,8.3,True,20,6,True,4.0,0.0,2.0,0.0,1.0,1.0,0.0,0.0,8.0,8.5,,,0.0,0,0
2026-07-19 20:20:45.912355,Ashok_Nagar,13.0385,80.2107,35,35,2047,2047,1.0,False,2026-07-19 20:00:00,0.0,0.0,29.5,8.3,True,20,6,True,0.0,0.0,0.0,0.0,0.0,0.0,0.0,0.0,0.0,0.0,,,0.0,0,0
2026-07-19 20:20:45.912355,Chromepet,12.9516,80.1462,32,38,2230,1878,1.0,False,2026-07-19 20:00:00,0.0,0.0,29.5,8.3,True,20,6,True,0.0,0.0,0.0,0.0,0.0,0.0,0.0,0.0,0.0,0.0,,,0.0,0,0
2026-07-19 20:27:47.000000,Koyambedu,13.0694,80.1948,19,19,231,231,1.0,False,2026-07-19 20:00:00,0.0,0.0,29.5,8.3,True,20,6,True,0.0,0.0,0.0,0.0,0.0,0.0,0.0,0.0,0.0,0.0,,,0.0,0,0
2026-07-19 20:27:47.000000,Mylapore,13.0339,80.2698,17,17,443,443,0.509274,True,2026-07-19 20:00:00,0.0,0.0,29.5,8.3,True,20,6,True,0.0,0.0,0.0,0.0,0.0,0.0,0.0,0.0,0.0,0.0,,,0.0,0,0
2026-07-19 20:27:47.000000,Egmore,13.0732,80.2609,25,25,1,1,1.0,False,2026-07-19 20:00:00,0.0,0.0,29.5,8.3,True,20,6,True,0.0,0.0,0.0,0.0,0.0,1.0,0.0,5.0,6.0,3.0,,,0.0,0,0
2026-07-19 20:27:47.000000,Velachery_Junction,12.9791,80.2211,32,32,1343,1343,1.0,False,2026-07-19 20:00:00,0.0,0.0,29.5,8.3,True,20,6,True,2.0,1.0,4.0,1.0,2.0,0.0,1.0,1.0,12.0,12.3,,,0.0,0,0
2026-07-19 20:27:47.000000,Anna_Salai_Teynampet,13.0455,80.25,33,33,1274,1274,0.954618,True,2026-07-19 20:00:00,0.0,0.0,29.5,8.3,True,20,6,True,0.0,0.0,0.0,0.0,0.0,0.0,0.0,0.0,0.0,0.0,,,0.0,0,0
2026-07-19 20:27:47.000000,Central_Station,13.0827,80.2757,26,26,346,346,1.0,False,2026-07-19 20:00:00,0.0,0.0,29.5,8.3,True,20,6,True,0.0,0.0,1.0,3.0,0.0,1.0,0.0,0.0,5.0,13.0,,,0.0,0,0
2026-07-19 20:27:47.000000,Ashok_Nagar,13.0385,80.2107,35,35,2047,2047,1.0,False,2026-07-19 20:00:00,0.0,0.0,29.5,8.3,True,20,6,True,0.0,0.0,0.0,0.0,0.0,0.0,0.0,0.0,0.0,0.0,,,0.0,0,0
2026-07-19 20:27:47.000000,Perungudi_OMR,12.9634,80.2431,25,25,99,99,1.0,False,2026-07-19 20:00:00,0.0,0.0,29.5,8.3,True,20,6,True,0.0,0.0,0.0,0.0,0.0,0.0,0.0,0.0,0.0,0.0,,,0.0,0,0
2026-07-19 20:27:47.000000,T_Nagar_Panagal,13.0418,80.2341,32,32,242,242,1.0,False,2026-07-19 20:00:00,0.0,0.0,29.5,8.3,True,20,6,True,0.0,0.0,0.0,0.0,0.0,0.0,0.0,0.0,0.0,0.0,,,0.0,0,0
2026-07-19 20:27:47.000000,Vadapalani,13.0503,80.2121,30,30,276,276,1.0,False,2026-07-19 20:00:00,0.0,0.0,29.5,8.3,True,20,6,True,4.0,0.0,2.0,0.0,1.0,1.0,0.0,0.0,8.0,8.5,,,0.0,0,0
2026-07-19 20:27:47.000000,Porur,13.0381,80.1564,19,19,129,129,1.0,False,2026-07-19 20:00:00,0.0,0.0,29.5,8.3,True,20,6,True,4.0,1.0,0.0,2.0,0.0,2.0,0.0,2.0,11.0,14.8,,,0.0,0,0
2026-07-19 20:27:47.000000,Adyar_Signal,13.0064,80.257,25,25,460,460,0.89148,True,2026-07-19 20:00:00,0.0,0.0,29.5,8.3,True,20,6,True,0.0,0.0,0.0,0.0,0.0,0.0,0.0,0.0,0.0,0.0,,,0.0,0,0
2026-07-19 20:27:47.000000,Anna_Nagar_Roundtana,13.085,80.2101,15,15,66,66,1.0,False,2026-07-19 20:00:00,0.0,0.0,29.5,8.3,True,20,6,True,2.0,0.0,5.0,0.0,2.0,1.0,0.0,2.0,12.0,12.0,,,0.0,0,0
2026-07-19 20:27:47.000000,Perambur,13.1141,80.2417,25,25,1036,1036,1.0,False,2026-07-19 20:00:00,0.0,0.0,29.5,8.3,True,20,6,True,0.0,0.0,0.0,0.0,0.0,0.0,0.0,0.0,0.0,0.0,,,0.0,0,0
2026-07-19 20:27:47.000000,Guindy,13.0067,80.2206,32,32,1343,1343,1.0,False,2026-07-19 20:00:00,0.0,0.0,29.5,8.3,True,20,6,True,0.0,0.0,0.0,0.0,0.0,0.0,0.0,0.0,0.0,0.0,,,0.0,0,0
2026-07-19 20:27:47.000000,Tambaram,12.9249,80.1,28,28,966,966,1.0,False,2026-07-19 20:00:00,0.0,0.0,29.5,8.3,True,20,6,True,0.0,0.0,0.0,0.0,0.0,0.0,0.0,0.0,0.0,0.0,,,0.0,0,0
2026-07-19 20:27:47.000000,Kathipara,13.0107,80.2016,25,25,177,177,0.74307,True,2026-07-19 20:00:00,0.0,0.0,29.5,8.3,True,20,6,True,0.0,0.0,0.0,0.0,0.0,0.0,0.0,0.0,0.0,0.0,,,0.0,0,0
2026-07-19 20:27:47.000000,Kelambakkam_OMR,12.7925,80.2183,51,51,1338,1338,1.0,False,2026-07-19 20:00:00,0.0,0.0,29.5,8.3,True,20,6,True,0.0,0.0,0.0,0.0,0.0,0.0,0.0,0.0,0.0,0.0,,,0.0,0,0
2026-07-19 20:27:47.000000,Thoraipakkam_OMR,12.9407,80.235,20,20,523,523,1.0,False,2026-07-19 20:00:00,0.0,0.0,29.5,8.3,True,20,6,True,0.0,0.0,0.0,0.0,0.0,0.0,0.0,0.0,0.0,0.0,,,0.0,0,0
2026-07-19 20:27:47.000000,Chromepet,12.9516,80.1462,38,38,1878,1878,1.0,False,2026-07-19 20:00:00,0.0,0.0,29.5,8.3,True,20,6,True,0.0,0.0,0.0,0.0,0.0,0.0,0.0,0.0,0.0,0.0,,,0.0,0,0
2026-07-19 20:36:11.607447,Porur,13.0381,80.1564,19,19,129,129,1.0,False,2026-07-19 20:00:00,0.0,0.0,29.5,8.3,True,20,6,True,4.0,1.0,0.0,2.0,0.0,2.0,0.0,2.0,11.0,14.8,,,0.0,0,0
2026-07-19 20:36:11.607447,Egmore,13.0732,80.2609,25,25,1,1,1.0,False,2026-07-19 20:00:00,0.0,0.0,29.5,8.3,True,20,6,True,0.0,0.0,0.0,0.0,0.0,1.0,0.0,5.0,6.0,3.0,,,0.0,0,0
2026-07-19 20:36:11.607447,Kathipara,13.0107,80.2016,28,28,158,158,1.0,False,2026-07-19 20:00:00,0.0,0.0,29.5,8.3,True,20,6,True,0.0,0.0,0.0,0.0,0.0,0.0,0.0,0.0,0.0,0.0,,,0.0,0,0
2026-07-19 20:36:11.607447,Kelambakkam_OMR,12.7925,80.2183,51,51,1338,1338,1.0,False,2026-07-19 20:00:00,0.0,0.0,29.5,8.3,True,20,6,True,0.0,0.0,0.0,0.0,0.0,0.0,0.0,0.0,0.0,0.0,,,0.0,0,0
2026-07-19 20:36:11.607447,Chromepet,12.9516,80.1462,30,38,2379,1878,1.0,False,2026-07-19 20:00:00,0.0,0.0,29.5,8.3,True,20,6,True,0.0,0.0,0.0,0.0,0.0,0.0,0.0,0.0,0.0,0.0,,,0.0,0,0
2026-07-19 20:36:11.607447,Mylapore,13.0339,80.2698,15,17,503,443,0.696464,True,2026-07-19 20:00:00,0.0,0.0,29.5,8.3,True,20,6,True,0.0,0.0,0.0,0.0,0.0,0.0,0.0,0.0,0.0,0.0,,,0.0,0,0
2026-07-19 20:36:11.607447,Perambur,13.1141,80.2417,17,22,1523,1177,0.926672,True,2026-07-19 20:00:00,0.0,0.0,29.5,8.3,True,20,6,True,0.0,0.0,0.0,0.0,0.0,0.0,0.0,0.0,0.0,0.0,,,0.0,0,0
2026-07-19 20:36:11.607447,Anna_Nagar_Roundtana,13.085,80.2101,8,15,124,66,0.99,False,2026-07-19 20:00:00,0.0,0.0,29.5,8.3,True,20,6,True,2.0,0.0,5.0,0.0,2.0,1.0,0.0,2.0,12.0,12.0,,,0.0,0,0
2026-07-19 20:36:11.607447,Perungudi_OMR,12.9634,80.2431,25,25,99,99,1.0,False,2026-07-19 20:00:00,0.0,0.0,29.5,8.3,True,20,6,True,0.0,0.0,0.0,0.0,0.0,0.0,0.0,0.0,0.0,0.0,,,0.0,0,0
2026-07-19 20:36:11.607447,Thoraipakkam_OMR,12.9407,80.235,20,20,523,523,1.0,False,2026-07-19 20:00:00,0.0,0.0,29.5,8.3,True,20,6,True,0.0,0.0,0.0,0.0,0.0,0.0,0.0,0.0,0.0,0.0,,,0.0,0,0
2026-07-19 20:36:11.607447,Guindy,13.0067,80.2206,27,33,1592,1302,0.995178,False,2026-07-19 20:00:00,0.0,0.0,29.5,8.3,True,20,6,True,0.0,0.0,0.0,0.0,0.0,0.0,0.0,0.0,0.0,0.0,,,0.0,0,0
2026-07-19 20:36:11.607447,Adyar_Signal,13.0064,80.257,15,25,768,460,0.955281,True,2026-07-19 20:00:00,0.0,0.0,29.5,8.3,True,20,6,True,0.0,0.0,0.0,0.0,0.0,0.0,0.0,0.0,0.0,0.0,,,0.0,0,0
2026-07-19 20:36:11.607447,Ashok_Nagar,13.0385,80.2107,35,35,2047,2047,1.0,False,2026-07-19 20:00:00,0.0,0.0,29.5,8.3,True,20,6,True,0.0,0.0,0.0,0.0,0.0,0.0,0.0,0.0,0.0,0.0,,,0.0,0,0
2026-07-19 20:36:11.607447,Vadapalani,13.0503,80.2121,30,30,276,276,1.0,False,2026-07-19 20:00:00,0.0,0.0,29.5,8.3,True,20,6,True,4.0,0.0,2.0,0.0,1.0,1.0,0.0,0.0,8.0,8.5,,,0.0,0,0
2026-07-19 20:36:11.607447,Koyambedu,13.0694,80.1948,19,19,231,231,1.0,False,2026-07-19 20:00:00,0.0,0.0,29.5,8.3,True,20,6,True,0.0,0.0,0.0,0.0,0.0,0.0,0.0,0.0,0.0,0.0,,,0.0,0,0
2026-07-19 20:36:11.607447,Central_Station,13.0827,80.2757,20,25,450,360,1.0,False,2026-07-19 20:00:00,0.0,0.0,29.5,8.3,True,20,6,True,0.0,0.0,1.0,3.0,0.0,1.0,0.0,0.0,5.0,13.0,,,0.0,0,0
2026-07-19 20:36:11.607447,Anna_Salai_Teynampet,13.0455,80.25,26,32,1618,1314,0.968595,True,2026-07-19 20:00:00,0.0,0.0,29.5,8.3,True,20,6,True,0.0,0.0,0.0,0.0,0.0,0.0,0.0,0.0,0.0,0.0,,,0.0,0,0
2026-07-19 20:36:11.607447,T_Nagar_Panagal,13.0418,80.2341,27,32,287,242,1.0,False,2026-07-19 20:00:00,0.0,0.0,29.5,8.3,True,20,6,True,0.0,0.0,0.0,0.0,0.0,0.0,0.0,0.0,0.0,0.0,,,0.0,0,0
2026-07-19 20:36:11.607447,Velachery_Junction,12.9791,80.2211,27,33,1592,1302,0.995178,False,2026-07-19 20:00:00,0.0,0.0,29.5,8.3,True,20,6,True,2.0,1.0,4.0,1.0,2.0,0.0,1.0,1.0,12.0,12.3,,,0.0,0,0
2026-07-19 20:36:11.607447,Tambaram,12.9249,80.1,28,28,966,966,1.0,False,2026-07-19 20:00:00,0.0,0.0,29.5,8.3,True,20,6,True,0.0,0.0,0.0,0.0,0.0,0.0,0.0,0.0,0.0,0.0,,,0.0,0,0
2026-07-19 20:51:34.931967,Koyambedu,13.0694,80.1948,19,19,231,231,1.0,False,2026-07-19 20:00:00,0.0,0.0,29.5,8.3,True,20,6,True,0.0,0.0,0.0,0.0,0.0,0.0,0.0,0.0,0.0,0.0,,,0.0,0,0
2026-07-19 20:51:34.931967,Central_Station,13.0827,80.2757,26,26,346,346,1.0,False,2026-07-19 20:00:00,0.0,0.0,29.5,8.3,True,20,6,True,0.0,0.0,1.0,3.0,0.0,1.0,0.0,0.0,5.0,13.0,,,0.0,0,0
2026-07-19 20:51:34.931967,Egmore,13.0732,80.2609,16,24,2,1,1.0,False,2026-07-19 20:00:00,0.0,0.0,29.5,8.3,True,20,6,True,0.0,0.0,0.0,0.0,0.0,1.0,0.0,5.0,6.0,3.0,,,0.0,0,0
2026-07-19 20:51:34.931967,Anna_Salai_Teynampet,13.0455,80.25,26,32,1618,1314,0.967252,True,2026-07-19 20:00:00,0.0,0.0,29.5,8.3,True,20,6,True,0.0,0.0,0.0,0.0,0.0,0.0,0.0,0.0,0.0,0.0,,,0.0,0,0
2026-07-19 20:51:34.931967,Ashok_Nagar,13.0385,80.2107,35,35,2047,2047,1.0,False,2026-07-19 20:00:00,0.0,0.0,29.5,8.3,True,20,6,True,0.0,0.0,0.0,0.0,0.0,0.0,0.0,0.0,0.0,0.0,,,0.0,0,0
2026-07-19 20:51:34.931967,Guindy,13.0067,80.2206,32,32,1343,1343,1.0,False,2026-07-19 20:00:00,0.0,0.0,29.5,8.3,True,20,6,True,0.0,0.0,0.0,0.0,0.0,0.0,0.0,0.0,0.0,0.0,,,0.0,0,0
2026-07-19 20:51:34.931967,Kathipara,13.0107,80.2016,28,28,158,158,1.0,False,2026-07-19 20:00:00,0.0,0.0,29.5,8.3,True,20,6,True,0.0,0.0,0.0,0.0,0.0,0.0,0.0,0.0,0.0,0.0,,,0.0,0,0
2026-07-19 20:51:34.931967,Perungudi_OMR,12.9634,80.2431,25,25,99,99,1.0,False,2026-07-19 20:00:00,0.0,0.0,29.5,8.3,True,20,6,True,0.0,0.0,0.0,0.0,0.0,0.0,0.0,0.0,0.0,0.0,,,0.0,0,0
2026-07-19 20:51:34.931967,T_Nagar_Panagal,13.0418,80.2341,26,32,298,242,1.0,False,2026-07-19 20:00:00,0.0,0.0,29.5,8.3,True,20,6,True,0.0,0.0,0.0,0.0,0.0,0.0,0.0,0.0,0.0,0.0,,,0.0,0,0
2026-07-19 20:51:34.931967,Adyar_Signal,13.0064,80.257,16,25,720,460,0.955281,True,2026-07-19 20:00:00,0.0,0.0,29.5,8.3,True,20,6,True,0.0,0.0,0.0,0.0,0.0,0.0,0.0,0.0,0.0,0.0,,,0.0,0,0
2026-07-19 20:51:34.931967,Vadapalani,13.0503,80.2121,30,30,276,276,1.0,False,2026-07-19 20:00:00,0.0,0.0,29.5,8.3,True,20,6,True,4.0,0.0,2.0,0.0,1.0,1.0,0.0,0.0,8.0,8.5,,,0.0,0,0
2026-07-19 20:51:34.931967,Chromepet,12.9516,80.1462,38,38,1878,1878,1.0,False,2026-07-19 20:00:00,0.0,0.0,29.5,8.3,True,20,6,True,0.0,0.0,0.0,0.0,0.0,0.0,0.0,0.0,0.0,0.0,,,0.0,0,0
2026-07-19 20:51:34.931967,Anna_Nagar_Roundtana,13.085,80.2101,6,14,166,71,0.95,False,2026-07-19 20:00:00,0.0,0.0,29.5,8.3,True,20,6,True,2.0,0.0,5.0,0.0,2.0,1.0,0.0,2.0,12.0,12.0,,,0.0,0,0
2026-07-19 20:51:34.931967,Thoraipakkam_OMR,12.9407,80.235,20,20,523,523,1.0,False,2026-07-19 20:00:00,0.0,0.0,29.5,8.3,True,20,6,True,0.0,0.0,0.0,0.0,0.0,0.0,0.0,0.0,0.0,0.0,,,0.0,0,0
2026-07-19 20:51:34.931967,Porur,13.0381,80.1564,19,19,129,129,1.0,False,2026-07-19 20:00:00,0.0,0.0,29.5,8.3,True,20,6,True,4.0,1.0,0.0,2.0,0.0,2.0,0.0,2.0,11.0,14.8,,,0.0,0,0
2026-07-19 20:51:34.931967,Tambaram,12.9249,80.1,28,28,966,966,1.0,False,2026-07-19 20:00:00,0.0,0.0,29.5,8.3,True,20,6,True,0.0,0.0,0.0,0.0,0.0,0.0,0.0,0.0,0.0,0.0,,,0.0,0,0
2026-07-19 20:51:34.931967,Perambur,13.1141,80.2417,16,22,1618,1177,0.917112,True,2026-07-19 20:00:00,0.0,0.0,29.5,8.3,True,20,6,True,0.0,0.0,0.0,0.0,0.0,0.0,0.0,0.0,0.0,0.0,,,0.0,0,0
2026-07-19 20:51:34.931967,Mylapore,13.0339,80.2698,17,17,443,443,0.755617,True,2026-07-19 20:00:00,0.0,0.0,29.5,8.3,True,20,6,True,0.0,0.0,0.0,0.0,0.0,0.0,0.0,0.0,0.0,0.0,,,0.0,0,0
2026-07-19 20:51:34.931967,Velachery_Junction,12.9791,80.2211,32,32,1343,1343,1.0,False,2026-07-19 20:00:00,0.0,0.0,29.5,8.3,True,20,6,True,2.0,1.0,4.0,1.0,2.0,0.0,1.0,1.0,12.0,12.3,,,0.0,0,0
2026-07-19 20:51:34.931967,Kelambakkam_OMR,12.7925,80.2183,51,51,1338,1338,1.0,False,2026-07-19 20:00:00,0.0,0.0,29.5,8.3,True,20,6,True,0.0,0.0,0.0,0.0,0.0,0.0,0.0,0.0,0.0,0.0,,,0.0,0,0
2026-07-19 21:06:59.406602,T_Nagar_Panagal,13.0418,80.2341,26,31,298,250,1.0,False,2026-07-19 21:00:00,0.0,0.0,29.3,7.7,True,21,6,False,0.0,0.0,0.0,0.0,0.0,0.0,0.0,0.0,0.0,0.0,,,0.0,0,0
2026-07-19 21:06:59.406602,Anna_Salai_Teynampet,13.0455,80.25,25,32,1682,1314,0.967252,True,2026-07-19 21:00:00,0.0,0.0,29.3,7.7,True,21,6,False,0.0,0.0,0.0,0.0,0.0,0.0,0.0,0.0,0.0,0.0,,,0.0,0,0
2026-07-19 21:06:59.406602,Egmore,13.0732,80.2609,25,25,1,1,1.0,False,2026-07-19 21:00:00,0.0,0.0,29.3,7.7,True,21,6,False,0.0,0.0,0.0,0.0,0.0,1.0,0.0,5.0,6.0,3.0,,,0.0,0,0
2026-07-19 21:06:59.406602,Ashok_Nagar,13.0385,80.2107,35,35,2047,2047,1.0,False,2026-07-19 21:00:00,0.0,0.0,29.3,7.7,True,21,6,False,0.0,0.0,0.0,0.0,0.0,0.0,0.0,0.0,0.0,0.0,,,0.0,0,0
2026-07-19 21:06:59.406602,Central_Station,13.0827,80.2757,26,26,346,346,1.0,False,2026-07-19 21:00:00,0.0,0.0,29.3,7.7,True,21,6,False,0.0,0.0,1.0,3.0,0.0,1.0,0.0,0.0,5.0,13.0,,,0.0,0,0
2026-07-19 21:06:59.406602,Vadapalani,13.0503,80.2121,24,30,345,276,1.0,False,2026-07-19 21:00:00,0.0,0.0,29.3,7.7,True,21,6,False,4.0,0.0,2.0,0.0,1.0,1.0,0.0,0.0,8.0,8.5,,,0.0,0,0
2026-07-19 21:06:59.406602,Adyar_Signal,13.0064,80.257,17,25,677,460,0.952644,True,2026-07-19 21:00:00,0.0,0.0,29.3,7.7,True,21,6,False,0.0,0.0,0.0,0.0,0.0,0.0,0.0,0.0,0.0,0.0,,,0.0,0,0
2026-07-19 21:06:59.406602,Velachery_Junction,12.9791,80.2211,32,32,1343,1343,1.0,False,2026-07-19 21:00:00,0.0,0.0,29.3,7.7,True,21,6,False,2.0,1.0,4.0,1.0,2.0,0.0,1.0,1.0,12.0,12.3,,,0.0,0,0
2026-07-19 21:06:59.406602,Koyambedu,13.0694,80.1948,19,19,231,231,1.0,False,2026-07-19 21:00:00,0.0,0.0,29.3,7.7,True,21,6,False,0.0,0.0,0.0,0.0,0.0,0.0,0.0,0.0,0.0,0.0,,,0.0,0,0
2026-07-19 21:06:59.406602,Tambaram,12.9249,80.1,28,28,966,966,1.0,False,2026-07-19 21:00:00,0.0,0.0,29.3,7.7,True,21,6,False,0.0,0.0,0.0,0.0,0.0,0.0,0.0,0.0,0.0,0.0,,,0.0,0,0
2026-07-19 21:06:59.406602,Kathipara,13.0107,80.2016,28,28,158,158,1.0,False,2026-07-19 21:00:00,0.0,0.0,29.3,7.7,True,21,6,False,0.0,0.0,0.0,0.0,0.0,0.0,0.0,0.0,0.0,0.0,,,0.0,0,0
2026-07-19 21:06:59.406602,Porur,13.0381,80.1564,19,19,129,129,1.0,False,2026-07-19 21:00:00,0.0,0.0,29.3,7.7,True,21,6,False,4.0,1.0,0.0,2.0,0.0,2.0,0.0,2.0,11.0,14.8,,,0.0,0,0
2026-07-19 21:06:59.406602,Mylapore,13.0339,80.2698,16,17,471,443,0.741705,True,2026-07-19 21:00:00,0.0,0.0,29.3,7.7,True,21,6,False,0.0,0.0,0.0,0.0,0.0,0.0,0.0,0.0,0.0,0.0,,,0.0,0,0
2026-07-19 21:06:59.406602,Guindy,13.0067,80.2206,32,32,1343,1343,1.0,False,2026-07-19 21:00:00,0.0,0.0,29.3,7.7,True,21,6,False,0.0,0.0,0.0,0.0,0.0,0.0,0.0,0.0,0.0,0.0,,,0.0,0,0
2026-07-19 21:06:59.406602,Anna_Nagar_Roundtana,13.085,80.2101,6,16,166,62,0.96,False,2026-07-19 21:00:00,0.0,0.0,29.3,7.7,True,21,6,False,2.0,0.0,5.0,0.0,2.0,1.0,0.0,2.0,12.0,12.0,,,0.0,0,0
2026-07-19 21:06:59.406602,Chromepet,12.9516,80.1462,38,38,1878,1878,1.0,False,2026-07-19 21:00:00,0.0,0.0,29.3,7.7,True,21,6,False,0.0,0.0,0.0,0.0,0.0,0.0,0.0,0.0,0.0,0.0,,,0.0,0,0
2026-07-19 21:06:59.406602,Thoraipakkam_OMR,12.9407,80.235,20,20,523,523,1.0,False,2026-07-19 21:00:00,0.0,0.0,29.3,7.7,True,21,6,False,0.0,0.0,0.0,0.0,0.0,0.0,0.0,0.0,0.0,0.0,,,0.0,0,0
2026-07-19 21:06:59.406602,Perungudi_OMR,12.9634,80.2431,25,25,99,99,1.0,False,2026-07-19 21:00:00,0.0,0.0,29.3,7.7,True,21,6,False,0.0,0.0,0.0,0.0,0.0,0.0,0.0,0.0,0.0,0.0,,,0.0,0,0
2026-07-19 21:06:59.406602,Kelambakkam_OMR,12.7925,80.2183,51,51,1338,1338,1.0,False,2026-07-19 21:00:00,0.0,0.0,29.3,7.7,True,21,6,False,0.0,0.0,0.0,0.0,0.0,0.0,0.0,0.0,0.0,0.0,,,0.0,0,0
2026-07-19 21:06:59.406602,Perambur,13.1141,80.2417,17,22,1523,1177,0.881166,True,2026-07-19 21:00:00,0.0,0.0,29.3,7.7,True,21,6,False,0.0,0.0,0.0,0.0,0.0,0.0,0.0,0.0,0.0,0.0,,,0.0,0,0
2026-07-19 21:22:25.120344,Central_Station,13.0827,80.2757,26,26,346,346,1.0,False,2026-07-19 21:00:00,0.0,0.0,29.3,7.7,True,21,6,False,0.0,0.0,1.0,3.0,0.0,1.0,0.0,0.0,5.0,13.0,,,0.0,0,0
2026-07-19 21:22:25.120344,Perungudi_OMR,12.9634,80.2431,25,25,99,99,1.0,False,2026-07-19 21:00:00,0.0,0.0,29.3,7.7,True,21,6,False,0.0,0.0,0.0,0.0,0.0,0.0,0.0,0.0,0.0,0.0,,,0.0,0,0
2026-07-19 21:22:25.120344,Tambaram,12.9249,80.1,28,28,966,966,1.0,False,2026-07-19 21:00:00,0.0,0.0,29.3,7.7,True,21,6,False,0.0,0.0,0.0,0.0,0.0,0.0,0.0,0.0,0.0,0.0,,,0.0,0,0
2026-07-19 21:22:25.120344,Velachery_Junction,12.9791,80.2211,29,33,1482,1302,0.994064,False,2026-07-19 21:00:00,0.0,0.0,29.3,7.7,True,21,6,False,2.0,1.0,4.0,1.0,2.0,0.0,1.0,1.0,12.0,12.3,,,0.0,0,0
2026-07-19 21:22:25.120344,Anna_Nagar_Roundtana,13.085,80.2101,8,14,124,71,0.98,False,2026-07-19 21:00:00,0.0,0.0,29.3,7.7,True,21,6,False,2.0,0.0,5.0,0.0,2.0,1.0,0.0,2.0,12.0,12.0,,,0.0,0,0
2026-07-19 21:22:25.120344,Ashok_Nagar,13.0385,80.2107,35,35,2047,2047,1.0,False,2026-07-19 21:00:00,0.0,0.0,29.3,7.7,True,21,6,False,0.0,0.0,0.0,0.0,0.0,0.0,0.0,0.0,0.0,0.0,,,0.0,0,0
2026-07-19 21:22:25.120344,Vadapalani,13.0503,80.2121,24,30,345,276,0.997389,False,2026-07-19 21:00:00,0.0,0.0,29.3,7.7,True,21,6,False,4.0,0.0,2.0,0.0,1.0,1.0,0.0,0.0,8.0,8.5,,,0.0,0,0
2026-07-19 21:22:25.120344,Koyambedu,13.0694,80.1948,14,18,313,243,0.893658,False,2026-07-19 21:00:00,0.0,0.0,29.3,7.7,True,21,6,False,0.0,0.0,0.0,0.0,0.0,0.0,0.0,0.0,0.0,0.0,,,0.0,0,0
2026-07-19 21:22:25.120344,Porur,13.0381,80.1564,19,19,129,129,1.0,False,2026-07-19 21:00:00,0.0,0.0,29.3,7.7,True,21,6,False,4.0,1.0,0.0,2.0,0.0,2.0,0.0,2.0,11.0,14.8,,,0.0,0,0
2026-07-19 21:22:25.120344,Adyar_Signal,13.0064,80.257,17,25,677,460,0.953435,True,2026-07-19 21:00:00,0.0,0.0,29.3,7.7,True,21,6,False,0.0,0.0,0.0,0.0,0.0,0.0,0.0,0.0,0.0,0.0,,,0.0,0,0
2026-07-19 21:22:25.120344,Perambur,13.1141,80.2417,17,21,1523,1233,0.878588,True,2026-07-19 21:00:00,0.0,0.0,29.3,7.7,True,21,6,False,0.0,0.0,0.0,0.0,0.0,0.0,0.0,0.0,0.0,0.0,,,0.0,0,0
2026-07-19 21:22:25.120344,Chromepet,12.9516,80.1462,32,38,2230,1878,1.0,False,2026-07-19 21:00:00,0.0,0.0,29.3,7.7,True,21,6,False,0.0,0.0,0.0,0.0,0.0,0.0,0.0,0.0,0.0,0.0,,,0.0,0,0
2026-07-19 21:22:25.120344,Anna_Salai_Teynampet,13.0455,80.25,26,32,1618,1314,0.968595,True,2026-07-19 21:00:00,0.0,0.0,29.3,7.7,True,21,6,False,0.0,0.0,0.0,0.0,0.0,0.0,0.0,0.0,0.0,0.0,,,0.0,0,0
2026-07-19 21:22:25.120344,Mylapore,13.0339,80.2698,16,17,471,443,0.672147,True,2026-07-19 21:00:00,0.0,0.0,29.3,7.7,True,21,6,False,0.0,0.0,0.0,0.0,0.0,0.0,0.0,0.0,0.0,0.0,,,0.0,0,0
2026-07-19 21:22:25.120344,Thoraipakkam_OMR,12.9407,80.235,20,20,523,523,1.0,False,2026-07-19 21:00:00,0.0,0.0,29.3,7.7,True,21,6,False,0.0,0.0,0.0,0.0,0.0,0.0,0.0,0.0,0.0,0.0,,,0.0,0,0
2026-07-19 21:22:25.120344,Egmore,13.0732,80.2609,25,25,1,1,1.0,False,2026-07-19 21:00:00,0.0,0.0,29.3,7.7,True,21,6,False,0.0,0.0,0.0,0.0,0.0,1.0,0.0,5.0,6.0,3.0,,,0.0,0,0
2026-07-19 21:22:25.120344,Guindy,13.0067,80.2206,29,33,1482,1302,0.994064,False,2026-07-19 21:00:00,0.0,0.0,29.3,7.7,True,21,6,False,0.0,0.0,0.0,0.0,0.0,0.0,0.0,0.0,0.0,0.0,,,0.0,0,0
2026-07-19 21:22:25.120344,T_Nagar_Panagal,13.0418,80.2341,26,31,298,250,1.0,False,2026-07-19 21:00:00,0.0,0.0,29.3,7.7,True,21,6,False,0.0,0.0,0.0,0.0,0.0,0.0,0.0,0.0,0.0,0.0,,,0.0,0,0
2026-07-19 21:22:25.120344,Kelambakkam_OMR,12.7925,80.2183,51,51,1338,1338,1.0,False,2026-07-19 21:00:00,0.0,0.0,29.3,7.7,True,21,6,False,0.0,0.0,0.0,0.0,0.0,0.0,0.0,0.0,0.0,0.0,,,0.0,0,0
2026-07-19 21:22:25.120344,Kathipara,13.0107,80.2016,28,28,158,158,1.0,False,2026-07-19 21:00:00,0.0,0.0,29.3,7.7,True,21,6,False,0.0,0.0,0.0,0.0,0.0,0.0,0.0,0.0,0.0,0.0,,,0.0,0,0
2026-07-19 21:23:24.000000,Kathipara,13.0107,80.2016,23,24,193,185,0.780496,True,2026-07-19 21:00:00,0.0,0.0,29.3,7.7,True,21,6,False,0.0,0.0,0.0,0.0,0.0,0.0,0.0,0.0,0.0,0.0,,,0.0,0,0
2026-07-19 21:23:24.000000,Mylapore,13.0339,80.2698,17,17,443,443,0.509274,True,2026-07-19 21:00:00,0.0,0.0,29.3,7.7,True,21,6,False,0.0,0.0,0.0,0.0,0.0,0.0,0.0,0.0,0.0,0.0,,,0.0,0,0
2026-07-19 21:23:24.000000,Tambaram,12.9249,80.1,28,28,966,966,1.0,False,2026-07-19 21:00:00,0.0,0.0,29.3,7.7,True,21,6,False,0.0,0.0,0.0,0.0,0.0,0.0,0.0,0.0,0.0,0.0,,,0.0,0,0
2026-07-19 21:23:24.000000,Perungudi_OMR,12.9634,80.2431,25,25,99,99,1.0,False,2026-07-19 21:00:00,0.0,0.0,29.3,7.7,True,21,6,False,0.0,0.0,0.0,0.0,0.0,0.0,0.0,0.0,0.0,0.0,,,0.0,0,0
2026-07-19 21:23:24.000000,Ashok_Nagar,13.0385,80.2107,35,35,2047,2047,1.0,False,2026-07-19 21:00:00,0.0,0.0,29.3,7.7,True,21,6,False,0.0,0.0,0.0,0.0,0.0,0.0,0.0,0.0,0.0,0.0,,,0.0,0,0
2026-07-19 21:23:24.000000,Porur,13.0381,80.1564,19,19,129,129,1.0,False,2026-07-19 21:00:00,0.0,0.0,29.3,7.7,True,21,6,False,4.0,1.0,0.0,2.0,0.0,2.0,0.0,2.0,11.0,14.8,,,0.0,0,0
2026-07-19 21:23:24.000000,Anna_Nagar_Roundtana,13.085,80.2101,15,15,66,66,1.0,False,2026-07-19 21:00:00,0.0,0.0,29.3,7.7,True,21,6,False,2.0,0.0,5.0,0.0,2.0,1.0,0.0,2.0,12.0,12.0,,,0.0,0,0
2026-07-19 21:23:24.000000,Perambur,13.1141,80.2417,25,25,1036,1036,1.0,False,2026-07-19 21:00:00,0.0,0.0,29.3,7.7,True,21,6,False,0.0,0.0,0.0,0.0,0.0,0.0,0.0,0.0,0.0,0.0,,,0.0,0,0
2026-07-19 21:23:24.000000,Chromepet,12.9516,80.1462,38,38,1878,1878,1.0,False,2026-07-19 21:00:00,0.0,0.0,29.3,7.7,True,21,6,False,0.0,0.0,0.0,0.0,0.0,0.0,0.0,0.0,0.0,0.0,,,0.0,0,0
2026-07-19 21:23:24.000000,Thoraipakkam_OMR,12.9407,80.235,20,20,523,523,1.0,False,2026-07-19 21:00:00,0.0,0.0,29.3,7.7,True,21,6,False,0.0,0.0,0.0,0.0,0.0,0.0,0.0,0.0,0.0,0.0,,,0.0,0,0
2026-07-19 21:23:24.000000,Vadapalani,13.0503,80.2121,30,30,276,276,1.0,False,2026-07-19 21:00:00,0.0,0.0,29.3,7.7,True,21,6,False,4.0,0.0,2.0,0.0,1.0,1.0,0.0,0.0,8.0,8.5,,,0.0,0,0
2026-07-19 21:23:24.000000,Koyambedu,13.0694,80.1948,19,19,231,231,1.0,False,2026-07-19 21:00:00,0.0,0.0,29.3,7.7,True,21,6,False,0.0,0.0,0.0,0.0,0.0,0.0,0.0,0.0,0.0,0.0,,,0.0,0,0
2026-07-19 21:23:24.000000,Guindy,13.0067,80.2206,32,32,1343,1343,1.0,False,2026-07-19 21:00:00,0.0,0.0,29.3,7.7,True,21,6,False,0.0,0.0,0.0,0.0,0.0,0.0,0.0,0.0,0.0,0.0,,,0.0,0,0
2026-07-19 21:23:24.000000,Velachery_Junction,12.9791,80.2211,32,32,1343,1343,1.0,False,2026-07-19 21:00:00,0.0,0.0,29.3,7.7,True,21,6,False,2.0,1.0,4.0,1.0,2.0,0.0,1.0,1.0,12.0,12.3,,,0.0,0,0
2026-07-19 21:23:24.000000,Adyar_Signal,13.0064,80.257,25,25,460,460,0.861757,True,2026-07-19 21:00:00,0.0,0.0,29.3,7.7,True,21,6,False,0.0,0.0,0.0,0.0,0.0,0.0,0.0,0.0,0.0,0.0,,,0.0,0,0
2026-07-19 21:23:24.000000,Kelambakkam_OMR,12.7925,80.2183,51,51,1338,1338,1.0,False,2026-07-19 21:00:00,0.0,0.0,29.3,7.7,True,21,6,False,0.0,0.0,0.0,0.0,0.0,0.0,0.0,0.0,0.0,0.0,,,0.0,0,0
2026-07-19 21:23:24.000000,Anna_Salai_Teynampet,13.0455,80.25,32,33,1314,1274,0.929289,True,2026-07-19 21:00:00,0.0,0.0,29.3,7.7,True,21,6,False,0.0,0.0,0.0,0.0,0.0,0.0,0.0,0.0,0.0,0.0,,,0.0,0,0
2026-07-19 21:23:24.000000,Egmore,13.0732,80.2609,25,25,1,1,1.0,False,2026-07-19 21:00:00,0.0,0.0,29.3,7.7,True,21,6,False,0.0,0.0,0.0,0.0,0.0,1.0,0.0,5.0,6.0,3.0,,,0.0,0,0
2026-07-19 21:23:24.000000,Central_Station,13.0827,80.2757,26,26,346,346,1.0,False,2026-07-19 21:00:00,0.0,0.0,29.3,7.7,True,21,6,False,0.0,0.0,1.0,3.0,0.0,1.0,0.0,0.0,5.0,13.0,,,0.0,0,0
2026-07-19 21:23:24.000000,T_Nagar_Panagal,13.0418,80.2341,32,32,242,242,1.0,False,2026-07-19 21:00:00,0.0,0.0,29.3,7.7,True,21,6,False,0.0,0.0,0.0,0.0,0.0,0.0,0.0,0.0,0.0,0.0,,,0.0,0,0
2026-07-19 21:37:52.224986,Ashok_Nagar,13.0385,80.2107,35,35,2047,2047,1.0,False,2026-07-19 21:00:00,0.0,0.0,29.3,7.7,True,21,6,False,0.0,0.0,0.0,0.0,0.0,0.0,0.0,0.0,0.0,0.0,,,0.0,0,0
2026-07-19 21:37:52.224986,T_Nagar_Panagal,13.0418,80.2341,32,32,242,242,1.0,False,2026-07-19 21:00:00,0.0,0.0,29.3,7.7,True,21,6,False,0.0,0.0,0.0,0.0,0.0,0.0,0.0,0.0,0.0,0.0,,,0.0,0,0
2026-07-19 21:37:52.224986,Mylapore,13.0339,80.2698,16,17,471,443,0.781935,True,2026-07-19 21:00:00,0.0,0.0,29.3,7.7,True,21,6,False,0.0,0.0,0.0,0.0,0.0,0.0,0.0,0.0,0.0,0.0,,,0.0,0,0
2026-07-19 21:37:52.224986,Perambur,13.1141,80.2417,17,21,1523,1233,0.890334,True,2026-07-19 21:00:00,0.0,0.0,29.3,7.7,True,21,6,False,0.0,0.0,0.0,0.0,0.0,0.0,0.0,0.0,0.0,0.0,,,0.0,0,0
2026-07-19 21:37:52.224986,Anna_Nagar_Roundtana,13.085,80.2101,9,15,110,66,0.97,False,2026-07-19 21:00:00,0.0,0.0,29.3,7.7,True,21,6,False,2.0,0.0,5.0,0.0,2.0,1.0,0.0,2.0,12.0,12.0,,,0.0,0,0
2026-07-19 21:37:52.224986,Porur,13.0381,80.1564,19,19,129,129,1.0,False,2026-07-19 21:00:00,0.0,0.0,29.3,7.7,True,21,6,False,4.0,1.0,0.0,2.0,0.0,2.0,0.0,2.0,11.0,14.8,,,0.0,0,0
2026-07-19 21:37:52.224986,Thoraipakkam_OMR,12.9407,80.235,20,20,523,523,1.0,False,2026-07-19 21:00:00,0.0,0.0,29.3,7.7,True,21,6,False,0.0,0.0,0.0,0.0,0.0,0.0,0.0,0.0,0.0,0.0,,,0.0,0,0
2026-07-19 21:37:52.224986,Perungudi_OMR,12.9634,80.2431,25,25,99,99,1.0,False,2026-07-19 21:00:00,0.0,0.0,29.3,7.7,True,21,6,False,0.0,0.0,0.0,0.0,0.0,0.0,0.0,0.0,0.0,0.0,,,0.0,0,0
2026-07-19 21:37:52.224986,Tambaram,12.9249,80.1,28,28,966,966,1.0,False,2026-07-19 21:00:00,0.0,0.0,29.3,7.7,True,21,6,False,0.0,0.0,0.0,0.0,0.0,0.0,0.0,0.0,0.0,0.0,,,0.0,0,0
2026-07-19 21:37:52.224986,Velachery_Junction,12.9791,80.2211,32,32,1343,1343,1.0,False,2026-07-19 21:00:00,0.0,0.0,29.3,7.7,True,21,6,False,2.0,1.0,4.0,1.0,2.0,0.0,1.0,1.0,12.0,12.3,,,0.0,0,0
2026-07-19 21:37:52.224986,Kathipara,13.0107,80.2016,28,28,158,158,1.0,False,2026-07-19 21:00:00,0.0,0.0,29.3,7.7,True,21,6,False,0.0,0.0,0.0,0.0,0.0,0.0,0.0,0.0,0.0,0.0,,,0.0,0,0
2026-07-19 21:37:52.224986,Central_Station,13.0827,80.2757,19,25,474,360,1.0,False,2026-07-19 21:00:00,0.0,0.0,29.3,7.7,True,21,6,False,0.0,0.0,1.0,3.0,0.0,1.0,0.0,0.0,5.0,13.0,,,0.0,0,0
2026-07-19 21:37:52.224986,Egmore,13.0732,80.2609,17,25,2,1,1.0,False,2026-07-19 21:00:00,0.0,0.0,29.3,7.7,True,21,6,False,0.0,0.0,0.0,0.0,0.0,1.0,0.0,5.0,6.0,3.0,,,0.0,0,0
2026-07-19 21:37:52.224986,Anna_Salai_Teynampet,13.0455,80.25,27,32,1558,1314,0.968595,True,2026-07-19 21:00:00,0.0,0.0,29.3,7.7,True,21,6,False,0.0,0.0,0.0,0.0,0.0,0.0,0.0,0.0,0.0,0.0,,,0.0,0,0
2026-07-19 21:37:52.224986,Adyar_Signal,13.0064,80.257,15,24,768,480,0.950006,True,2026-07-19 21:00:00,0.0,0.0,29.3,7.7,True,21,6,False,0.0,0.0,0.0,0.0,0.0,0.0,0.0,0.0,0.0,0.0,,,0.0,0,0
2026-07-19 21:37:52.224986,Chromepet,12.9516,80.1462,32,38,2230,1878,1.0,False,2026-07-19 21:00:00,0.0,0.0,29.3,7.7,True,21,6,False,0.0,0.0,0.0,0.0,0.0,0.0,0.0,0.0,0.0,0.0,,,0.0,0,0
2026-07-19 21:37:52.224986,Kelambakkam_OMR,12.7925,80.2183,51,51,1338,1338,1.0,False,2026-07-19 21:00:00,0.0,0.0,29.3,7.7,True,21,6,False,0.0,0.0,0.0,0.0,0.0,0.0,0.0,0.0,0.0,0.0,,,0.0,0,0
2026-07-19 21:37:52.224986,Guindy,13.0067,80.2206,32,32,1343,1343,1.0,False,2026-07-19 21:00:00,0.0,0.0,29.3,7.7,True,21,6,False,0.0,0.0,0.0,0.0,0.0,0.0,0.0,0.0,0.0,0.0,,,0.0,0,0
2026-07-19 21:37:52.224986,Vadapalani,13.0503,80.2121,30,30,276,276,1.0,False,2026-07-19 21:00:00,0.0,0.0,29.3,7.7,True,21,6,False,4.0,0.0,2.0,0.0,1.0,1.0,0.0,0.0,8.0,8.5,,,0.0,0,0
2026-07-19 21:37:52.224986,Koyambedu,13.0694,80.1948,16,18,274,243,0.819902,False,2026-07-19 21:00:00,0.0,0.0,29.3,7.7,True,21,6,False,0.0,0.0,0.0,0.0,0.0,0.0,0.0,0.0,0.0,0.0,,,0.0,0,0
2026-07-19 21:53:19.298567,Kelambakkam_OMR,12.7925,80.2183,51,51,1338,1338,1.0,False,2026-07-19 21:00:00,0.0,0.0,29.3,7.7,True,21,6,False,0.0,0.0,0.0,0.0,0.0,0.0,0.0,0.0,0.0,0.0,,,0.0,0,0
2026-07-19 21:53:19.298567,Chromepet,12.9516,80.1462,38,38,1878,1878,1.0,False,2026-07-19 21:00:00,0.0,0.0,29.3,7.7,True,21,6,False,0.0,0.0,0.0,0.0,0.0,0.0,0.0,0.0,0.0,0.0,,,0.0,0,0
2026-07-19 21:53:19.298567,Mylapore,13.0339,80.2698,17,17,443,443,0.71159,True,2026-07-19 21:00:00,0.0,0.0,29.3,7.7,True,21,6,False,0.0,0.0,0.0,0.0,0.0,0.0,0.0,0.0,0.0,0.0,,,0.0,0,0
2026-07-19 21:53:19.298567,Kathipara,13.0107,80.2016,28,28,158,158,1.0,False,2026-07-19 21:00:00,0.0,0.0,29.3,7.7,True,21,6,False,0.0,0.0,0.0,0.0,0.0,0.0,0.0,0.0,0.0,0.0,,,0.0,0,0
2026-07-19 21:53:19.298567,Anna_Nagar_Roundtana,13.085,80.2101,9,14,110,71,0.92,False,2026-07-19 21:00:00,0.0,0.0,29.3,7.7,True,21,6,False,2.0,0.0,5.0,0.0,2.0,1.0,0.0,2.0,12.0,12.0,,,0.0,0,0
2026-07-19 21:53:19.298567,Porur,13.0381,80.1564,19,19,129,129,1.0,False,2026-07-19 21:00:00,0.0,0.0,29.3,7.7,True,21,6,False,4.0,1.0,0.0,2.0,0.0,2.0,0.0,2.0,11.0,14.8,,,0.0,0,0
2026-07-19 21:53:19.298567,Thoraipakkam_OMR,12.9407,80.235,20,20,523,523,1.0,False,2026-07-19 21:00:00,0.0,0.0,29.3,7.7,True,21,6,False,0.0,0.0,0.0,0.0,0.0,0.0,0.0,0.0,0.0,0.0,,,0.0,0,0
2026-07-19 21:53:19.298567,Guindy,13.0067,80.2206,32,32,1343,1343,1.0,False,2026-07-19 21:00:00,0.0,0.0,29.3,7.7,True,21,6,False,0.0,0.0,0.0,0.0,0.0,0.0,0.0,0.0,0.0,0.0,,,0.0,0,0
2026-07-19 21:53:19.298567,Perungudi_OMR,12.9634,80.2431,13,25,191,99,0.99,False,2026-07-19 21:00:00,0.0,0.0,29.3,7.7,True,21,6,False,0.0,0.0,0.0,0.0,0.0,0.0,0.0,0.0,0.0,0.0,,,0.0,0,0
2026-07-19 21:53:19.298567,Perambur,13.1141,80.2417,19,21,1363,1233,0.88871,True,2026-07-19 21:00:00,0.0,0.0,29.3,7.7,True,21,6,False,0.0,0.0,0.0,0.0,0.0,0.0,0.0,0.0,0.0,0.0,,,0.0,0,0
2026-07-19 21:53:19.298567,Velachery_Junction,12.9791,80.2211,32,32,1343,1343,1.0,False,2026-07-19 21:00:00,0.0,0.0,29.3,7.7,True,21,6,False,2.0,1.0,4.0,1.0,2.0,0.0,1.0,1.0,12.0,12.3,,,0.0,0,0
2026-07-19 21:53:19.298567,T_Nagar_Panagal,13.0418,80.2341,32,32,242,242,1.0,False,2026-07-19 21:00:00,0.0,0.0,29.3,7.7,True,21,6,False,0.0,0.0,0.0,0.0,0.0,0.0,0.0,0.0,0.0,0.0,,,0.0,0,0
2026-07-19 21:53:19.298567,Egmore,13.0732,80.2609,25,25,1,1,1.0,False,2026-07-19 21:00:00,0.0,0.0,29.3,7.7,True,21,6,False,0.0,0.0,0.0,0.0,0.0,1.0,0.0,5.0,6.0,3.0,,,0.0,0,0
2026-07-19 21:53:19.298567,Central_Station,13.0827,80.2757,21,26,429,346,1.0,False,2026-07-19 21:00:00,0.0,0.0,29.3,7.7,True,21,6,False,0.0,0.0,1.0,3.0,0.0,1.0,0.0,0.0,5.0,13.0,,,0.0,0,0
2026-07-19 21:53:19.298567,Tambaram,12.9249,80.1,28,28,966,966,1.0,False,2026-07-19 21:00:00,0.0,0.0,29.3,7.7,True,21,6,False,0.0,0.0,0.0,0.0,0.0,0.0,0.0,0.0,0.0,0.0,,,0.0,0,0
2026-07-19 21:53:19.298567,Koyambedu,13.0694,80.1948,19,19,231,231,1.0,False,2026-07-19 21:00:00,0.0,0.0,29.3,7.7,True,21,6,False,0.0,0.0,0.0,0.0,0.0,0.0,0.0,0.0,0.0,0.0,,,0.0,0,0
2026-07-19 21:53:19.298567,Ashok_Nagar,13.0385,80.2107,35,35,2047,2047,1.0,False,2026-07-19 21:00:00,0.0,0.0,29.3,7.7,True,21,6,False,0.0,0.0,0.0,0.0,0.0,0.0,0.0,0.0,0.0,0.0,,,0.0,0,0
2026-07-19 21:53:19.298567,Adyar_Signal,13.0064,80.257,18,25,640,460,0.951912,True,2026-07-19 21:00:00,0.0,0.0,29.3,7.7,True,21,6,False,0.0,0.0,0.0,0.0,0.0,0.0,0.0,0.0,0.0,0.0,,,0.0,0,0
2026-07-19 21:53:19.298567,Anna_Salai_Teynampet,13.0455,80.25,26,32,1618,1314,0.968382,True,2026-07-19 21:00:00,0.0,0.0,29.3,7.7,True,21,6,False,0.0,0.0,0.0,0.0,0.0,0.0,0.0,0.0,0.0,0.0,,,0.0,0,0
2026-07-19 21:53:19.298567,Vadapalani,13.0503,80.2121,24,30,345,276,1.0,False,2026-07-19 21:00:00,0.0,0.0,29.3,7.7,True,21,6,False,4.0,0.0,2.0,0.0,1.0,1.0,0.0,0.0,8.0,8.5,,,0.0,0,0
2026-07-19 22:08:45.541714,Adyar_Signal,13.0064,80.257,19,25,606,460,0.950003,True,2026-07-19 22:00:00,0.0,0.0,29.1,12.5,True,22,6,False,0.0,0.0,0.0,0.0,0.0,0.0,0.0,0.0,0.0,0.0,,,0.0,0,0
2026-07-19 22:08:45.541714,Porur,13.0381,80.1564,19,19,129,129,1.0,False,2026-07-19 22:00:00,0.0,0.0,29.1,12.5,True,22,6,False,4.0,1.0,0.0,2.0,0.0,2.0,0.0,2.0,11.0,14.8,,,0.0,0,0
2026-07-19 22:08:45.541714,Mylapore,13.0339,80.2698,17,17,443,443,0.581897,True,2026-07-19 22:00:00,0.0,0.0,29.1,12.5,True,22,6,False,0.0,0.0,0.0,0.0,0.0,0.0,0.0,0.0,0.0,0.0,,,0.0,0,0
2026-07-19 22:08:45.541714,Kelambakkam_OMR,12.7925,80.2183,51,51,1338,1338,1.0,False,2026-07-19 22:00:00,0.0,0.0,29.1,12.5,True,22,6,False,0.0,0.0,0.0,0.0,0.0,0.0,0.0,0.0,0.0,0.0,,,0.0,0,0
2026-07-19 22:08:45.541714,Thoraipakkam_OMR,12.9407,80.235,20,20,523,523,1.0,False,2026-07-19 22:00:00,0.0,0.0,29.1,12.5,True,22,6,False,0.0,0.0,0.0,0.0,0.0,0.0,0.0,0.0,0.0,0.0,,,0.0,0,0
2026-07-19 22:08:45.541714,Perungudi_OMR,12.9634,80.2431,25,25,99,99,1.0,False,2026-07-19 22:00:00,0.0,0.0,29.1,12.5,True,22,6,False,0.0,0.0,0.0,0.0,0.0,0.0,0.0,0.0,0.0,0.0,,,0.0,0,0
2026-07-19 22:08:45.541714,Anna_Nagar_Roundtana,13.085,80.2101,15,15,66,66,1.0,False,2026-07-19 22:00:00,0.0,0.0,29.1,12.5,True,22,6,False,2.0,0.0,5.0,0.0,2.0,1.0,0.0,2.0,12.0,12.0,,,0.0,0,0
2026-07-19 22:08:45.541714,Perambur,13.1141,80.2417,19,21,1363,1233,0.858648,True,2026-07-19 22:00:00,0.0,0.0,29.1,12.5,True,22,6,False,0.0,0.0,0.0,0.0,0.0,0.0,0.0,0.0,0.0,0.0,,,0.0,0,0
2026-07-19 22:08:45.541714,Chromepet,12.9516,80.1462,38,38,1878,1878,1.0,False,2026-07-19 22:00:00,0.0,0.0,29.1,12.5,True,22,6,False,0.0,0.0,0.0,0.0,0.0,0.0,0.0,0.0,0.0,0.0,,,0.0,0,0
2026-07-19 22:08:45.541714,Kathipara,13.0107,80.2016,28,28,158,158,1.0,False,2026-07-19 22:00:00,0.0,0.0,29.1,12.5,True,22,6,False,0.0,0.0,0.0,0.0,0.0,0.0,0.0,0.0,0.0,0.0,,,0.0,0,0
2026-07-19 22:08:45.541714,Velachery_Junction,12.9791,80.2211,32,32,1343,1343,1.0,False,2026-07-19 22:00:00,0.0,0.0,29.1,12.5,True,22,6,False,2.0,1.0,4.0,1.0,2.0,0.0,1.0,1.0,12.0,12.3,,,0.0,0,0
2026-07-19 22:08:45.541714,T_Nagar_Panagal,13.0418,80.2341,32,32,242,242,1.0,False,2026-07-19 22:00:00,0.0,0.0,29.1,12.5,True,22,6,False,0.0,0.0,0.0,0.0,0.0,0.0,0.0,0.0,0.0,0.0,,,0.0,0,0
2026-07-19 22:08:45.541714,Egmore,13.0732,80.2609,16,25,2,1,0.99,False,2026-07-19 22:00:00,0.0,0.0,29.1,12.5,True,22,6,False,0.0,0.0,0.0,0.0,0.0,1.0,0.0,5.0,6.0,3.0,,,0.0,0,0
2026-07-19 22:08:45.541714,Vadapalani,13.0503,80.2121,25,30,331,276,1.0,False,2026-07-19 22:00:00,0.0,0.0,29.1,12.5,True,22,6,False,4.0,0.0,2.0,0.0,1.0,1.0,0.0,0.0,8.0,8.5,,,0.0,0,0
2026-07-19 22:08:45.541714,Ashok_Nagar,13.0385,80.2107,35,35,2047,2047,1.0,False,2026-07-19 22:00:00,0.0,0.0,29.1,12.5,True,22,6,False,0.0,0.0,0.0,0.0,0.0,0.0,0.0,0.0,0.0,0.0,,,0.0,0,0
2026-07-19 22:08:45.541714,Guindy,13.0067,80.2206,32,32,1343,1343,1.0,False,2026-07-19 22:00:00,0.0,0.0,29.1,12.5,True,22,6,False,0.0,0.0,0.0,0.0,0.0,0.0,0.0,0.0,0.0,0.0,,,0.0,0,0
2026-07-19 22:08:45.541714,Central_Station,13.0827,80.2757,22,26,409,346,0.995333,False,2026-07-19 22:00:00,0.0,0.0,29.1,12.5,True,22,6,False,0.0,0.0,1.0,3.0,0.0,1.0,0.0,0.0,5.0,13.0,,,0.0,0,0
2026-07-19 22:08:45.541714,Tambaram,12.9249,80.1,28,28,966,966,1.0,False,2026-07-19 22:00:00,0.0,0.0,29.1,12.5,True,22,6,False,0.0,0.0,0.0,0.0,0.0,0.0,0.0,0.0,0.0,0.0,,,0.0,0,0
2026-07-19 22:08:45.541714,Anna_Salai_Teynampet,13.0455,80.25,28,32,1502,1314,0.967873,True,2026-07-19 22:00:00,0.0,0.0,29.1,12.5,True,22,6,False,0.0,0.0,0.0,0.0,0.0,0.0,0.0,0.0,0.0,0.0,,,0.0,0,0
2026-07-19 22:08:45.541714,Koyambedu,13.0694,80.1948,19,19,231,231,1.0,False,2026-07-19 22:00:00,0.0,0.0,29.1,12.5,True,22,6,False,0.0,0.0,0.0,0.0,0.0,0.0,0.0,0.0,0.0,0.0,,,0.0,0,0
2026-07-19 22:14:05.000000,Guindy,13.0067,80.2206,32,32,1343,1343,1.0,False,2026-07-19 22:00:00,0.0,0.0,29.1,12.5,True,22,6,False,0.0,0.0,0.0,0.0,0.0,0.0,0.0,0.0,0.0,0.0,,,0.0,0,0
2026-07-19 22:14:05.000000,Ashok_Nagar,13.0385,80.2107,35,35,2047,2047,1.0,False,2026-07-19 22:00:00,0.0,0.0,29.1,12.5,True,22,6,False,0.0,0.0,0.0,0.0,0.0,0.0,0.0,0.0,0.0,0.0,,,0.0,0,0
2026-07-19 22:14:05.000000,Vadapalani,13.0503,80.2121,30,30,276,276,1.0,False,2026-07-19 22:00:00,0.0,0.0,29.1,12.5,True,22,6,False,4.0,0.0,2.0,0.0,1.0,1.0,0.0,0.0,8.0,8.5,,,0.0,0,0
2026-07-19 22:14:05.000000,Koyambedu,13.0694,80.1948,19,19,231,231,1.0,False,2026-07-19 22:00:00,0.0,0.0,29.1,12.5,True,22,6,False,0.0,0.0,0.0,0.0,0.0,0.0,0.0,0.0,0.0,0.0,,,0.0,0,0
2026-07-19 22:14:05.000000,Tambaram,12.9249,80.1,28,28,966,966,1.0,False,2026-07-19 22:00:00,0.0,0.0,29.1,12.5,True,22,6,False,0.0,0.0,0.0,0.0,0.0,0.0,0.0,0.0,0.0,0.0,,,0.0,0,0
2026-07-19 22:14:05.000000,Egmore,13.0732,80.2609,25,25,1,1,1.0,False,2026-07-19 22:00:00,0.0,0.0,29.1,12.5,True,22,6,False,0.0,0.0,0.0,0.0,0.0,1.0,0.0,5.0,6.0,3.0,,,0.0,0,0
2026-07-19 22:14:05.000000,Anna_Salai_Teynampet,13.0455,80.25,32,32,1314,1314,0.924574,True,2026-07-19 22:00:00,0.0,0.0,29.1,12.5,True,22,6,False,0.0,0.0,0.0,0.0,0.0,0.0,0.0,0.0,0.0,0.0,,,0.0,0,0
2026-07-19 22:14:05.000000,T_Nagar_Panagal,13.0418,80.2341,32,32,242,242,1.0,False,2026-07-19 22:00:00,0.0,0.0,29.1,12.5,True,22,6,False,0.0,0.0,0.0,0.0,0.0,0.0,0.0,0.0,0.0,0.0,,,0.0,0,0
2026-07-19 22:14:05.000000,Velachery_Junction,12.9791,80.2211,32,32,1343,1343,1.0,False,2026-07-19 22:00:00,0.0,0.0,29.1,12.5,True,22,6,False,2.0,1.0,4.0,1.0,2.0,0.0,1.0,1.0,12.0,12.3,,,0.0,0,0
2026-07-19 22:14:05.000000,Central_Station,13.0827,80.2757,26,26,346,346,1.0,False,2026-07-19 22:00:00,0.0,0.0,29.1,12.5,True,22,6,False,0.0,0.0,1.0,3.0,0.0,1.0,0.0,0.0,5.0,13.0,,,0.0,0,0
2026-07-19 22:14:05.000000,Perungudi_OMR,12.9634,80.2431,25,25,99,99,1.0,False,2026-07-19 22:00:00,0.0,0.0,29.1,12.5,True,22,6,False,0.0,0.0,0.0,0.0,0.0,0.0,0.0,0.0,0.0,0.0,,,0.0,0,0
2026-07-19 22:14:05.000000,Porur,13.0381,80.1564,19,19,129,129,1.0,False,2026-07-19 22:00:00,0.0,0.0,29.1,12.5,True,22,6,False,4.0,1.0,0.0,2.0,0.0,2.0,0.0,2.0,11.0,14.8,,,0.0,0,0
2026-07-19 22:14:05.000000,Thoraipakkam_OMR,12.9407,80.235,20,20,523,523,1.0,False,2026-07-19 22:00:00,0.0,0.0,29.1,12.5,True,22,6,False,0.0,0.0,0.0,0.0,0.0,0.0,0.0,0.0,0.0,0.0,,,0.0,0,0
2026-07-19 22:14:05.000000,Adyar_Signal,13.0064,80.257,25,25,460,460,0.805688,True,2026-07-19 22:00:00,0.0,0.0,29.1,12.5,True,22,6,False,0.0,0.0,0.0,0.0,0.0,0.0,0.0,0.0,0.0,0.0,,,0.0,0,0
2026-07-19 22:14:05.000000,Kelambakkam_OMR,12.7925,80.2183,51,51,1338,1338,1.0,False,2026-07-19 22:00:00,0.0,0.0,29.1,12.5,True,22,6,False,0.0,0.0,0.0,0.0,0.0,0.0,0.0,0.0,0.0,0.0,,,0.0,0,0
2026-07-19 22:14:05.000000,Kathipara,13.0107,80.2016,25,25,177,177,0.69912,True,2026-07-19 22:00:00,0.0,0.0,29.1,12.5,True,22,6,False,0.0,0.0,0.0,0.0,0.0,0.0,0.0,0.0,0.0,0.0,,,0.0,0,0
2026-07-19 22:14:05.000000,Mylapore,13.0339,80.2698,17,17,443,443,0.513912,True,2026-07-19 22:00:00,0.0,0.0,29.1,12.5,True,22,6,False,0.0,0.0,0.0,0.0,0.0,0.0,0.0,0.0,0.0,0.0,,,0.0,0,0
2026-07-19 22:14:05.000000,Perambur,13.1141,80.2417,25,25,1036,1036,1.0,False,2026-07-19 22:00:00,0.0,0.0,29.1,12.5,True,22,6,False,0.0,0.0,0.0,0.0,0.0,0.0,0.0,0.0,0.0,0.0,,,0.0,0,0
2026-07-19 22:14:05.000000,Anna_Nagar_Roundtana,13.085,80.2101,15,15,66,66,1.0,False,2026-07-19 22:00:00,0.0,0.0,29.1,12.5,True,22,6,False,2.0,0.0,5.0,0.0,2.0,1.0,0.0,2.0,12.0,12.0,,,0.0,0,0
2026-07-19 22:14:05.000000,Chromepet,12.9516,80.1462,38,38,1878,1878,1.0,False,2026-07-19 22:00:00,0.0,0.0,29.1,12.5,True,22,6,False,0.0,0.0,0.0,0.0,0.0,0.0,0.0,0.0,0.0,0.0,,,0.0,0,0
2026-07-19 22:24:12.004678,Central_Station,13.0827,80.2757,26,26,346,346,1.0,False,2026-07-19 22:00:00,0.0,0.0,29.1,12.5,True,22,6,False,0.0,0.0,1.0,3.0,0.0,1.0,0.0,0.0,5.0,13.0,,,0.0,0,0
2026-07-19 22:24:12.004678,Perungudi_OMR,12.9634,80.2431,25,25,99,99,1.0,False,2026-07-19 22:00:00,0.0,0.0,29.1,12.5,True,22,6,False,0.0,0.0,0.0,0.0,0.0,0.0,0.0,0.0,0.0,0.0,,,0.0,0,0
2026-07-19 22:24:12.004678,Thoraipakkam_OMR,12.9407,80.235,20,20,523,523,1.0,False,2026-07-19 22:00:00,0.0,0.0,29.1,12.5,True,22,6,False,0.0,0.0,0.0,0.0,0.0,0.0,0.0,0.0,0.0,0.0,,,0.0,0,0
2026-07-19 22:24:12.004678,Porur,13.0381,80.1564,19,19,129,129,1.0,False,2026-07-19 22:00:00,0.0,0.0,29.1,12.5,True,22,6,False,4.0,1.0,0.0,2.0,0.0,2.0,0.0,2.0,11.0,14.8,,,0.0,0,0
2026-07-19 22:24:12.004678,Tambaram,12.9249,80.1,28,28,966,966,1.0,False,2026-07-19 22:00:00,0.0,0.0,29.1,12.5,True,22,6,False,0.0,0.0,0.0,0.0,0.0,0.0,0.0,0.0,0.0,0.0,,,0.0,0,0
2026-07-19 22:24:12.004678,Perambur,13.1141,80.2417,21,21,1233,1233,0.888836,True,2026-07-19 22:00:00,0.0,0.0,29.1,12.5,True,22,6,False,0.0,0.0,0.0,0.0,0.0,0.0,0.0,0.0,0.0,0.0,,,0.0,0,0
2026-07-19 22:24:12.004678,Mylapore,13.0339,80.2698,17,17,443,443,0.678993,True,2026-07-19 22:00:00,0.0,0.0,29.1,12.5,True,22,6,False,0.0,0.0,0.0,0.0,0.0,0.0,0.0,0.0,0.0,0.0,,,0.0,0,0
2026-07-19 22:24:12.004678,Chromepet,12.9516,80.1462,38,38,1878,1878,1.0,False,2026-07-19 22:00:00,0.0,0.0,29.1,12.5,True,22,6,False,0.0,0.0,0.0,0.0,0.0,0.0,0.0,0.0,0.0,0.0,,,0.0,0,0
2026-07-19 22:24:12.004678,Kelambakkam_OMR,12.7925,80.2183,51,51,1338,1338,1.0,False,2026-07-19 22:00:00,0.0,0.0,29.1,12.5,True,22,6,False,0.0,0.0,0.0,0.0,0.0,0.0,0.0,0.0,0.0,0.0,,,0.0,0,0
2026-07-19 22:24:12.004678,Anna_Nagar_Roundtana,13.085,80.2101,11,14,90,71,0.94,False,2026-07-19 22:00:00,0.0,0.0,29.1,12.5,True,22,6,False,2.0,0.0,5.0,0.0,2.0,1.0,0.0,2.0,12.0,12.0,,,0.0,0,0
2026-07-19 22:24:12.004678,Adyar_Signal,13.0064,80.257,21,25,548,460,0.948687,True,2026-07-19 22:00:00,0.0,0.0,29.1,12.5,True,22,6,False,0.0,0.0,0.0,0.0,0.0,0.0,0.0,0.0,0.0,0.0,,,0.0,0,0
2026-07-19 22:24:12.004678,Ashok_Nagar,13.0385,80.2107,35,35,2047,2047,1.0,False,2026-07-19 22:00:00,0.0,0.0,29.1,12.5,True,22,6,False,0.0,0.0,0.0,0.0,0.0,0.0,0.0,0.0,0.0,0.0,,,0.0,0,0
2026-07-19 22:24:12.004678,Guindy,13.0067,80.2206,32,32,1343,1343,1.0,False,2026-07-19 22:00:00,0.0,0.0,29.1,12.5,True,22,6,False,0.0,0.0,0.0,0.0,0.0,0.0,0.0,0.0,0.0,0.0,,,0.0,0,0
2026-07-19 22:24:12.004678,Velachery_Junction,12.9791,80.2211,32,32,1343,1343,1.0,False,2026-07-19 22:00:00,0.0,0.0,29.1,12.5,True,22,6,False,2.0,1.0,4.0,1.0,2.0,0.0,1.0,1.0,12.0,12.3,,,0.0,0,0
2026-07-19 22:24:12.004678,T_Nagar_Panagal,13.0418,80.2341,27,31,287,250,0.994082,False,2026-07-19 22:00:00,0.0,0.0,29.1,12.5,True,22,6,False,0.0,0.0,0.0,0.0,0.0,0.0,0.0,0.0,0.0,0.0,,,0.0,0,0
2026-07-19 22:24:12.004678,Kathipara,13.0107,80.2016,28,28,158,158,1.0,False,2026-07-19 22:00:00,0.0,0.0,29.1,12.5,True,22,6,False,0.0,0.0,0.0,0.0,0.0,0.0,0.0,0.0,0.0,0.0,,,0.0,0,0
2026-07-19 22:24:12.004678,Egmore,13.0732,80.2609,15,25,3,1,1.0,False,2026-07-19 22:00:00,0.0,0.0,29.1,12.5,True,22,6,False,0.0,0.0,0.0,0.0,0.0,1.0,0.0,5.0,6.0,3.0,,,0.0,0,0
2026-07-19 22:24:12.004678,Koyambedu,13.0694,80.1948,19,19,231,231,1.0,False,2026-07-19 22:00:00,0.0,0.0,29.1,12.5,True,22,6,False,0.0,0.0,0.0,0.0,0.0,0.0,0.0,0.0,0.0,0.0,,,0.0,0,0
2026-07-19 22:24:12.004678,Vadapalani,13.0503,80.2121,30,30,276,276,1.0,False,2026-07-19 22:00:00,0.0,0.0,29.1,12.5,True,22,6,False,4.0,0.0,2.0,0.0,1.0,1.0,0.0,0.0,8.0,8.5,,,0.0,0,0
2026-07-19 22:24:12.004678,Anna_Salai_Teynampet,13.0455,80.25,28,32,1502,1314,0.967873,True,2026-07-19 22:00:00,0.0,0.0,29.1,12.5,True,22,6,False,0.0,0.0,0.0,0.0,0.0,0.0,0.0,0.0,0.0,0.0,,,0.0,0,0
2026-07-19 22:39:40.437980,Thoraipakkam_OMR,12.9407,80.235,20,20,523,523,1.0,False,2026-07-19 22:00:00,0.0,0.0,29.1,12.5,True,22,6,False,0.0,0.0,0.0,0.0,0.0,0.0,0.0,0.0,0.0,0.0,,,0.0,0,0
2026-07-19 22:39:40.437980,T_Nagar_Panagal,13.0418,80.2341,32,32,242,242,1.0,False,2026-07-19 22:00:00,0.0,0.0,29.1,12.5,True,22,6,False,0.0,0.0,0.0,0.0,0.0,0.0,0.0,0.0,0.0,0.0,,,0.0,0,0
2026-07-19 22:39:40.437980,Guindy,13.0067,80.2206,32,32,1343,1343,1.0,False,2026-07-19 22:00:00,0.0,0.0,29.1,12.5,True,22,6,False,0.0,0.0,0.0,0.0,0.0,0.0,0.0,0.0,0.0,0.0,,,0.0,0,0
2026-07-19 22:39:40.437980,Kathipara,13.0107,80.2016,28,28,158,158,1.0,False,2026-07-19 22:00:00,0.0,0.0,29.1,12.5,True,22,6,False,0.0,0.0,0.0,0.0,0.0,0.0,0.0,0.0,0.0,0.0,,,0.0,0,0
2026-07-19 22:39:40.437980,Kelambakkam_OMR,12.7925,80.2183,51,51,1338,1338,1.0,False,2026-07-19 22:00:00,0.0,0.0,29.1,12.5,True,22,6,False,0.0,0.0,0.0,0.0,0.0,0.0,0.0,0.0,0.0,0.0,,,0.0,0,0
2026-07-19 22:39:40.437980,Chromepet,12.9516,80.1462,38,38,1878,1878,1.0,False,2026-07-19 22:00:00,0.0,0.0,29.1,12.5,True,22,6,False,0.0,0.0,0.0,0.0,0.0,0.0,0.0,0.0,0.0,0.0,,,0.0,0,0
2026-07-19 22:39:40.437980,Mylapore,13.0339,80.2698,17,17,443,443,0.696974,True,2026-07-19 22:00:00,0.0,0.0,29.1,12.5,True,22,6,False,0.0,0.0,0.0,0.0,0.0,0.0,0.0,0.0,0.0,0.0,,,0.0,0,0
2026-07-19 22:39:40.437980,Perambur,13.1141,80.2417,21,22,1233,1177,0.880063,True,2026-07-19 22:00:00,0.0,0.0,29.1,12.5,True,22,6,False,0.0,0.0,0.0,0.0,0.0,0.0,0.0,0.0,0.0,0.0,,,0.0,0,0
2026-07-19 22:39:40.437980,Anna_Nagar_Roundtana,13.085,80.2101,15,15,66,66,1.0,False,2026-07-19 22:00:00,0.0,0.0,29.1,12.5,True,22,6,False,2.0,0.0,5.0,0.0,2.0,1.0,0.0,2.0,12.0,12.0,,,0.0,0,0
2026-07-19 22:39:40.437980,Porur,13.0381,80.1564,19,19,129,129,1.0,False,2026-07-19 22:00:00,0.0,0.0,29.1,12.5,True,22,6,False,4.0,1.0,0.0,2.0,0.0,2.0,0.0,2.0,11.0,14.8,,,0.0,0,0
2026-07-19 22:39:40.437980,Egmore,13.0732,80.2609,25,25,1,1,1.0,False,2026-07-19 22:00:00,0.0,0.0,29.1,12.5,True,22,6,False,0.0,0.0,0.0,0.0,0.0,1.0,0.0,5.0,6.0,3.0,,,0.0,0,0
2026-07-19 22:39:40.437980,Perungudi_OMR,12.9634,80.2431,25,25,99,99,1.0,False,2026-07-19 22:00:00,0.0,0.0,29.1,12.5,True,22,6,False,0.0,0.0,0.0,0.0,0.0,0.0,0.0,0.0,0.0,0.0,,,0.0,0,0
2026-07-19 22:39:40.437980,Koyambedu,13.0694,80.1948,19,19,231,231,1.0,False,2026-07-19 22:00:00,0.0,0.0,29.1,12.5,True,22,6,False,0.0,0.0,0.0,0.0,0.0,0.0,0.0,0.0,0.0,0.0,,,0.0,0,0
2026-07-19 22:39:40.437980,Vadapalani,13.0503,80.2121,30,30,276,276,1.0,False,2026-07-19 22:00:00,0.0,0.0,29.1,12.5,True,22,6,False,4.0,0.0,2.0,0.0,1.0,1.0,0.0,0.0,8.0,8.5,,,0.0,0,0
2026-07-19 22:39:40.437980,Central_Station,13.0827,80.2757,26,26,346,346,1.0,False,2026-07-19 22:00:00,0.0,0.0,29.1,12.5,True,22,6,False,0.0,0.0,1.0,3.0,0.0,1.0,0.0,0.0,5.0,13.0,,,0.0,0,0
2026-07-19 22:39:40.437980,Adyar_Signal,13.0064,80.257,22,25,523,460,0.946122,True,2026-07-19 22:00:00,0.0,0.0,29.1,12.5,True,22,6,False,0.0,0.0,0.0,0.0,0.0,0.0,0.0,0.0,0.0,0.0,,,0.0,0,0
2026-07-19 22:39:40.437980,Velachery_Junction,12.9791,80.2211,32,32,1343,1343,1.0,False,2026-07-19 22:00:00,0.0,0.0,29.1,12.5,True,22,6,False,2.0,1.0,4.0,1.0,2.0,0.0,1.0,1.0,12.0,12.3,,,0.0,0,0
2026-07-19 22:39:40.437980,Ashok_Nagar,13.0385,80.2107,35,35,2047,2047,1.0,False,2026-07-19 22:00:00,0.0,0.0,29.1,12.5,True,22,6,False,0.0,0.0,0.0,0.0,0.0,0.0,0.0,0.0,0.0,0.0,,,0.0,0,0
2026-07-19 22:39:40.437980,Anna_Salai_Teynampet,13.0455,80.25,30,32,1402,1314,0.966434,True,2026-07-19 22:00:00,0.0,0.0,29.1,12.5,True,22,6,False,0.0,0.0,0.0,0.0,0.0,0.0,0.0,0.0,0.0,0.0,,,0.0,0,0
2026-07-19 22:39:40.437980,Tambaram,12.9249,80.1,28,28,966,966,1.0,False,2026-07-19 22:00:00,0.0,0.0,29.1,12.5,True,22,6,False,0.0,0.0,0.0,0.0,0.0,0.0,0.0,0.0,0.0,0.0,,,0.0,0,0
2026-07-19 22:55:07.740034,Thoraipakkam_OMR,12.9407,80.235,20,20,523,523,1.0,False,2026-07-19 22:00:00,0.0,0.0,29.1,12.5,True,22,6,False,0.0,0.0,0.0,0.0,0.0,0.0,0.0,0.0,0.0,0.0,,,0.0,0,0
2026-07-19 22:55:07.740034,Porur,13.0381,80.1564,19,19,129,129,1.0,False,2026-07-19 22:00:00,0.0,0.0,29.1,12.5,True,22,6,False,4.0,1.0,0.0,2.0,0.0,2.0,0.0,2.0,11.0,14.8,,,0.0,0,0
2026-07-19 22:55:07.740034,Anna_Nagar_Roundtana,13.085,80.2101,15,15,66,66,1.0,False,2026-07-19 22:00:00,0.0,0.0,29.1,12.5,True,22,6,False,2.0,0.0,5.0,0.0,2.0,1.0,0.0,2.0,12.0,12.0,,,0.0,0,0
2026-07-19 22:55:07.740034,Perambur,13.1141,80.2417,20,21,1295,1233,0.842827,True,2026-07-19 22:00:00,0.0,0.0,29.1,12.5,True,22,6,False,0.0,0.0,0.0,0.0,0.0,0.0,0.0,0.0,0.0,0.0,,,0.0,0,0
2026-07-19 22:55:07.740034,Kelambakkam_OMR,12.7925,80.2183,51,51,1338,1338,1.0,False,2026-07-19 22:00:00,0.0,0.0,29.1,12.5,True,22,6,False,0.0,0.0,0.0,0.0,0.0,0.0,0.0,0.0,0.0,0.0,,,0.0,0,0
2026-07-19 22:55:07.740034,Perungudi_OMR,12.9634,80.2431,16,24,155,103,0.97,False,2026-07-19 22:00:00,0.0,0.0,29.1,12.5,True,22,6,False,0.0,0.0,0.0,0.0,0.0,0.0,0.0,0.0,0.0,0.0,,,0.0,0,0
2026-07-19 22:55:07.740034,Chromepet,12.9516,80.1462,38,38,1878,1878,1.0,False,2026-07-19 22:00:00,0.0,0.0,29.1,12.5,True,22,6,False,0.0,0.0,0.0,0.0,0.0,0.0,0.0,0.0,0.0,0.0,,,0.0,0,0
2026-07-19 22:55:07.740034,Vadapalani,13.0503,80.2121,30,30,276,276,1.0,False,2026-07-19 22:00:00,0.0,0.0,29.1,12.5,True,22,6,False,4.0,0.0,2.0,0.0,1.0,1.0,0.0,0.0,8.0,8.5,,,0.0,0,0
2026-07-19 22:55:07.740034,Mylapore,13.0339,80.2698,17,17,443,443,0.635005,True,2026-07-19 22:00:00,0.0,0.0,29.1,12.5,True,22,6,False,0.0,0.0,0.0,0.0,0.0,0.0,0.0,0.0,0.0,0.0,,,0.0,0,0
2026-07-19 22:55:07.740034,Adyar_Signal,13.0064,80.257,22,25,523,460,0.943556,True,2026-07-19 22:00:00,0.0,0.0,29.1,12.5,True,22,6,False,0.0,0.0,0.0,0.0,0.0,0.0,0.0,0.0,0.0,0.0,,,0.0,0,0
2026-07-19 22:55:07.740034,Ashok_Nagar,13.0385,80.2107,35,35,2047,2047,1.0,False,2026-07-19 22:00:00,0.0,0.0,29.1,12.5,True,22,6,False,0.0,0.0,0.0,0.0,0.0,0.0,0.0,0.0,0.0,0.0,,,0.0,0,0
2026-07-19 22:55:07.740034,Kathipara,13.0107,80.2016,28,28,158,158,1.0,False,2026-07-19 22:00:00,0.0,0.0,29.1,12.5,True,22,6,False,0.0,0.0,0.0,0.0,0.0,0.0,0.0,0.0,0.0,0.0,,,0.0,0,0
2026-07-19 22:55:07.740034,Koyambedu,13.0694,80.1948,19,19,231,231,1.0,False,2026-07-19 22:00:00,0.0,0.0,29.1,12.5,True,22,6,False,0.0,0.0,0.0,0.0,0.0,0.0,0.0,0.0,0.0,0.0,,,0.0,0,0
2026-07-19 22:55:07.740034,T_Nagar_Panagal,13.0418,80.2341,32,32,242,242,1.0,False,2026-07-19 22:00:00,0.0,0.0,29.1,12.5,True,22,6,False,0.0,0.0,0.0,0.0,0.0,0.0,0.0,0.0,0.0,0.0,,,0.0,0,0
2026-07-19 22:55:07.740034,Tambaram,12.9249,80.1,28,28,966,966,1.0,False,2026-07-19 22:00:00,0.0,0.0,29.1,12.5,True,22,6,False,0.0,0.0,0.0,0.0,0.0,0.0,0.0,0.0,0.0,0.0,,,0.0,0,0
2026-07-19 22:55:07.740034,Velachery_Junction,12.9791,80.2211,32,32,1343,1343,1.0,False,2026-07-19 22:00:00,0.0,0.0,29.1,12.5,True,22,6,False,2.0,1.0,4.0,1.0,2.0,0.0,1.0,1.0,12.0,12.3,,,0.0,0,0
2026-07-19 22:55:07.740034,Guindy,13.0067,80.2206,32,32,1343,1343,1.0,False,2026-07-19 22:00:00,0.0,0.0,29.1,12.5,True,22,6,False,0.0,0.0,0.0,0.0,0.0,0.0,0.0,0.0,0.0,0.0,,,0.0,0,0
2026-07-19 22:55:07.740034,Anna_Salai_Teynampet,13.0455,80.25,31,32,1357,1314,0.966607,True,2026-07-19 22:00:00,0.0,0.0,29.1,12.5,True,22,6,False,0.0,0.0,0.0,0.0,0.0,0.0,0.0,0.0,0.0,0.0,,,0.0,0,0
2026-07-19 22:55:07.740034,Egmore,13.0732,80.2609,16,24,2,1,0.99,False,2026-07-19 22:00:00,0.0,0.0,29.1,12.5,True,22,6,False,0.0,0.0,0.0,0.0,0.0,1.0,0.0,5.0,6.0,3.0,,,0.0,0,0
2026-07-19 22:55:07.740034,Central_Station,13.0827,80.2757,26,26,346,346,1.0,False,2026-07-19 22:00:00,0.0,0.0,29.1,12.5,True,22,6,False,0.0,0.0,1.0,3.0,0.0,1.0,0.0,0.0,5.0,13.0,,,0.0,0,0
2026-07-19 23:10:33.846936,Guindy,13.0067,80.2206,32,32,1343,1343,1.0,False,2026-07-19 23:00:00,0.0,0.0,29.6,19.1,True,23,6,False,0.0,0.0,0.0,0.0,0.0,0.0,0.0,0.0,0.0,0.0,,,0.0,0,0
2026-07-19 23:10:33.846936,Kelambakkam_OMR,12.7925,80.2183,51,51,1338,1338,1.0,False,2026-07-19 23:00:00,0.0,0.0,29.6,19.1,True,23,6,False,0.0,0.0,0.0,0.0,0.0,0.0,0.0,0.0,0.0,0.0,,,0.0,0,0
2026-07-19 23:10:33.846936,Chromepet,12.9516,80.1462,38,38,1878,1878,1.0,False,2026-07-19 23:00:00,0.0,0.0,29.6,19.1,True,23,6,False,0.0,0.0,0.0,0.0,0.0,0.0,0.0,0.0,0.0,0.0,,,0.0,0,0
2026-07-19 23:10:33.846936,T_Nagar_Panagal,13.0418,80.2341,32,32,242,242,1.0,False,2026-07-19 23:00:00,0.0,0.0,29.6,19.1,True,23,6,False,0.0,0.0,0.0,0.0,0.0,0.0,0.0,0.0,0.0,0.0,,,0.0,0,0
2026-07-19 23:10:33.846936,Mylapore,13.0339,80.2698,17,17,443,443,0.644304,True,2026-07-19 23:00:00,0.0,0.0,29.6,19.1,True,23,6,False,0.0,0.0,0.0,0.0,0.0,0.0,0.0,0.0,0.0,0.0,,,0.0,0,0
2026-07-19 23:10:33.846936,Anna_Nagar_Roundtana,13.085,80.2101,15,15,66,66,1.0,False,2026-07-19 23:00:00,0.0,0.0,29.6,19.1,True,23,6,False,2.0,0.0,5.0,0.0,2.0,1.0,0.0,2.0,12.0,12.0,,,0.0,0,0
2026-07-19 23:10:33.846936,Porur,13.0381,80.1564,19,19,129,129,1.0,False,2026-07-19 23:00:00,0.0,0.0,29.6,19.1,True,23,6,False,4.0,1.0,0.0,2.0,0.0,2.0,0.0,2.0,11.0,14.8,,,0.0,0,0
2026-07-19 23:10:33.846936,Thoraipakkam_OMR,12.9407,80.235,20,20,523,523,1.0,False,2026-07-19 23:00:00,0.0,0.0,29.6,19.1,True,23,6,False,0.0,0.0,0.0,0.0,0.0,0.0,0.0,0.0,0.0,0.0,,,0.0,0,0
2026-07-19 23:10:33.846936,Perambur,13.1141,80.2417,21,21,1233,1233,0.863211,True,2026-07-19 23:00:00,0.0,0.0,29.6,19.1,True,23,6,False,0.0,0.0,0.0,0.0,0.0,0.0,0.0,0.0,0.0,0.0,,,0.0,0,0
2026-07-19 23:10:33.846936,Perungudi_OMR,12.9634,80.2431,25,25,99,99,1.0,False,2026-07-19 23:00:00,0.0,0.0,29.6,19.1,True,23,6,False,0.0,0.0,0.0,0.0,0.0,0.0,0.0,0.0,0.0,0.0,,,0.0,0,0
2026-07-19 23:10:33.846936,Kathipara,13.0107,80.2016,28,28,158,158,1.0,False,2026-07-19 23:00:00,0.0,0.0,29.6,19.1,True,23,6,False,0.0,0.0,0.0,0.0,0.0,0.0,0.0,0.0,0.0,0.0,,,0.0,0,0
2026-07-19 23:10:33.846936,Central_Station,13.0827,80.2757,26,26,346,346,1.0,False,2026-07-19 23:00:00,0.0,0.0,29.6,19.1,True,23,6,False,0.0,0.0,1.0,3.0,0.0,1.0,0.0,0.0,5.0,13.0,,,0.0,0,0
2026-07-19 23:10:33.846936,Ashok_Nagar,13.0385,80.2107,35,35,2047,2047,1.0,False,2026-07-19 23:00:00,0.0,0.0,29.6,19.1,True,23,6,False,0.0,0.0,0.0,0.0,0.0,0.0,0.0,0.0,0.0,0.0,,,0.0,0,0
2026-07-19 23:10:33.846936,Vadapalani,13.0503,80.2121,30,30,276,276,1.0,False,2026-07-19 23:00:00,0.0,0.0,29.6,19.1,True,23,6,False,4.0,0.0,2.0,0.0,1.0,1.0,0.0,0.0,8.0,8.5,,,0.0,0,0
2026-07-19 23:10:33.846936,Koyambedu,13.0694,80.1948,19,19,231,231,1.0,False,2026-07-19 23:00:00,0.0,0.0,29.6,19.1,True,23,6,False,0.0,0.0,0.0,0.0,0.0,0.0,0.0,0.0,0.0,0.0,,,0.0,0,0
2026-07-19 23:10:33.846936,Adyar_Signal,13.0064,80.257,23,25,500,460,0.939457,True,2026-07-19 23:00:00,0.0,0.0,29.6,19.1,True,23,6,False,0.0,0.0,0.0,0.0,0.0,0.0,0.0,0.0,0.0,0.0,,,0.0,0,0
2026-07-19 23:10:33.846936,Egmore,13.0732,80.2609,25,25,1,1,1.0,False,2026-07-19 23:00:00,0.0,0.0,29.6,19.1,True,23,6,False,0.0,0.0,0.0,0.0,0.0,1.0,0.0,5.0,6.0,3.0,,,0.0,0,0
2026-07-19 23:10:33.846936,Anna_Salai_Teynampet,13.0455,80.25,31,32,1357,1314,0.967873,True,2026-07-19 23:00:00,0.0,0.0,29.6,19.1,True,23,6,False,0.0,0.0,0.0,0.0,0.0,0.0,0.0,0.0,0.0,0.0,,,0.0,0,0
2026-07-19 23:10:33.846936,Velachery_Junction,12.9791,80.2211,32,32,1343,1343,1.0,False,2026-07-19 23:00:00,0.0,0.0,29.6,19.1,True,23,6,False,2.0,1.0,4.0,1.0,2.0,0.0,1.0,1.0,12.0,12.3,,,0.0,0,0
2026-07-19 23:10:33.846936,Tambaram,12.9249,80.1,28,28,966,966,1.0,False,2026-07-19 23:00:00,0.0,0.0,29.6,19.1,True,23,6,False,0.0,0.0,0.0,0.0,0.0,0.0,0.0,0.0,0.0,0.0,,,0.0,0,0
2026-07-19 23:12:10.000000,Anna_Nagar_Roundtana,13.085,80.2101,15,15,66,66,1.0,False,2026-07-19 23:00:00,0.0,0.0,29.6,19.1,True,23,6,False,2.0,0.0,5.0,0.0,2.0,1.0,0.0,2.0,12.0,12.0,,,0.0,0,0
2026-07-19 23:12:10.000000,Thoraipakkam_OMR,12.9407,80.235,20,20,523,523,1.0,False,2026-07-19 23:00:00,0.0,0.0,29.6,19.1,True,23,6,False,0.0,0.0,0.0,0.0,0.0,0.0,0.0,0.0,0.0,0.0,,,0.0,0,0
2026-07-19 23:12:10.000000,Kathipara,13.0107,80.2016,19,22,234,202,0.712862,True,2026-07-19 23:00:00,0.0,0.0,29.6,19.1,True,23,6,False,0.0,0.0,0.0,0.0,0.0,0.0,0.0,0.0,0.0,0.0,,,0.0,0,0
2026-07-19 23:12:10.000000,Porur,13.0381,80.1564,19,19,129,129,1.0,False,2026-07-19 23:00:00,0.0,0.0,29.6,19.1,True,23,6,False,4.0,1.0,0.0,2.0,0.0,2.0,0.0,2.0,11.0,14.8,,,0.0,0,0
2026-07-19 23:12:10.000000,Tambaram,12.9249,80.1,28,28,966,966,1.0,False,2026-07-19 23:00:00,0.0,0.0,29.6,19.1,True,23,6,False,0.0,0.0,0.0,0.0,0.0,0.0,0.0,0.0,0.0,0.0,,,0.0,0,0
2026-07-19 23:12:10.000000,Mylapore,13.0339,80.2698,17,17,443,443,0.523888,True,2026-07-19 23:00:00,0.0,0.0,29.6,19.1,True,23,6,False,0.0,0.0,0.0,0.0,0.0,0.0,0.0,0.0,0.0,0.0,,,0.0,0,0
2026-07-19 23:12:10.000000,Kelambakkam_OMR,12.7925,80.2183,51,51,1338,1338,1.0,False,2026-07-19 23:00:00,0.0,0.0,29.6,19.1,True,23,6,False,0.0,0.0,0.0,0.0,0.0,0.0,0.0,0.0,0.0,0.0,,,0.0,0,0
2026-07-19 23:12:10.000000,Perambur,13.1141,80.2417,25,25,1036,1036,1.0,False,2026-07-19 23:00:00,0.0,0.0,29.6,19.1,True,23,6,False,0.0,0.0,0.0,0.0,0.0,0.0,0.0,0.0,0.0,0.0,,,0.0,0,0
2026-07-19 23:12:10.000000,Adyar_Signal,13.0064,80.257,25,25,460,460,0.897334,True,2026-07-19 23:00:00,0.0,0.0,29.6,19.1,True,23,6,False,0.0,0.0,0.0,0.0,0.0,0.0,0.0,0.0,0.0,0.0,,,0.0,0,0
2026-07-19 23:12:10.000000,Chromepet,12.9516,80.1462,38,38,1878,1878,1.0,False,2026-07-19 23:00:00,0.0,0.0,29.6,19.1,True,23,6,False,0.0,0.0,0.0,0.0,0.0,0.0,0.0,0.0,0.0,0.0,,,0.0,0,0
2026-07-19 23:12:10.000000,Velachery_Junction,12.9791,80.2211,32,32,1343,1343,1.0,False,2026-07-19 23:00:00,0.0,0.0,29.6,19.1,True,23,6,False,2.0,1.0,4.0,1.0,2.0,0.0,1.0,1.0,12.0,12.3,,,0.0,0,0
2026-07-19 23:12:10.000000,Ashok_Nagar,13.0385,80.2107,35,35,2047,2047,1.0,False,2026-07-19 23:00:00,0.0,0.0,29.6,19.1,True,23,6,False,0.0,0.0,0.0,0.0,0.0,0.0,0.0,0.0,0.0,0.0,,,0.0,0,0
2026-07-19 23:12:10.000000,Guindy,13.0067,80.2206,32,32,1343,1343,1.0,False,2026-07-19 23:00:00,0.0,0.0,29.6,19.1,True,23,6,False,0.0,0.0,0.0,0.0,0.0,0.0,0.0,0.0,0.0,0.0,,,0.0,0,0
2026-07-19 23:12:10.000000,Anna_Salai_Teynampet,13.0455,80.25,32,32,1314,1314,0.964567,True,2026-07-19 23:00:00,0.0,0.0,29.6,19.1,True,23,6,False,0.0,0.0,0.0,0.0,0.0,0.0,0.0,0.0,0.0,0.0,,,0.0,0,0
2026-07-19 23:12:10.000000,Perungudi_OMR,12.9634,80.2431,25,25,99,99,1.0,False,2026-07-19 23:00:00,0.0,0.0,29.6,19.1,True,23,6,False,0.0,0.0,0.0,0.0,0.0,0.0,0.0,0.0,0.0,0.0,,,0.0,0,0
2026-07-19 23:12:10.000000,T_Nagar_Panagal,13.0418,80.2341,32,32,242,242,1.0,False,2026-07-19 23:00:00,0.0,0.0,29.6,19.1,True,23,6,False,0.0,0.0,0.0,0.0,0.0,0.0,0.0,0.0,0.0,0.0,,,0.0,0,0
2026-07-19 23:12:10.000000,Central_Station,13.0827,80.2757,26,26,346,346,1.0,False,2026-07-19 23:00:00,0.0,0.0,29.6,19.1,True,23,6,False,0.0,0.0,1.0,3.0,0.0,1.0,0.0,0.0,5.0,13.0,,,0.0,0,0
2026-07-19 23:12:10.000000,Koyambedu,13.0694,80.1948,19,19,231,231,1.0,False,2026-07-19 23:00:00,0.0,0.0,29.6,19.1,True,23,6,False,0.0,0.0,0.0,0.0,0.0,0.0,0.0,0.0,0.0,0.0,,,0.0,0,0
2026-07-19 23:12:10.000000,Vadapalani,13.0503,80.2121,30,30,276,276,1.0,False,2026-07-19 23:00:00,0.0,0.0,29.6,19.1,True,23,6,False,4.0,0.0,2.0,0.0,1.0,1.0,0.0,0.0,8.0,8.5,,,0.0,0,0
2026-07-19 23:12:10.000000,Egmore,13.0732,80.2609,25,25,1,1,1.0,False,2026-07-19 23:00:00,0.0,0.0,29.6,19.1,True,23,6,False,0.0,0.0,0.0,0.0,0.0,1.0,0.0,5.0,6.0,3.0,,,0.0,0,0
2026-07-19 23:26:00.414138,Mylapore,13.0339,80.2698,17,17,443,443,0.634446,True,2026-07-19 23:00:00,0.0,0.0,29.6,19.1,True,23,6,False,0.0,0.0,0.0,0.0,0.0,0.0,0.0,0.0,0.0,0.0,,,0.0,0,0
2026-07-19 23:26:00.414138,Velachery_Junction,12.9791,80.2211,32,32,1343,1343,1.0,False,2026-07-19 23:00:00,0.0,0.0,29.6,19.1,True,23,6,False,2.0,1.0,4.0,1.0,2.0,0.0,1.0,1.0,12.0,12.3,,,0.0,0,0
2026-07-19 23:26:00.414138,Tambaram,12.9249,80.1,28,28,966,966,1.0,False,2026-07-19 23:00:00,0.0,0.0,29.6,19.1,True,23,6,False,0.0,0.0,0.0,0.0,0.0,0.0,0.0,0.0,0.0,0.0,,,0.0,0,0
2026-07-19 23:26:00.414138,Perungudi_OMR,12.9634,80.2431,25,25,99,99,1.0,False,2026-07-19 23:00:00,0.0,0.0,29.6,19.1,True,23,6,False,0.0,0.0,0.0,0.0,0.0,0.0,0.0,0.0,0.0,0.0,,,0.0,0,0
2026-07-19 23:26:00.414138,Adyar_Signal,13.0064,80.257,23,25,500,460,0.936806,True,2026-07-19 23:00:00,0.0,0.0,29.6,19.1,True,23,6,False,0.0,0.0,0.0,0.0,0.0,0.0,0.0,0.0,0.0,0.0,,,0.0,0,0
2026-07-19 23:26:00.414138,Porur,13.0381,80.1564,19,19,129,129,1.0,False,2026-07-19 23:00:00,0.0,0.0,29.6,19.1,True,23,6,False,4.0,1.0,0.0,2.0,0.0,2.0,0.0,2.0,11.0,14.8,,,0.0,0,0
2026-07-19 23:26:00.414138,Anna_Nagar_Roundtana,13.085,80.2101,15,15,66,66,1.0,False,2026-07-19 23:00:00,0.0,0.0,29.6,19.1,True,23,6,False,2.0,0.0,5.0,0.0,2.0,1.0,0.0,2.0,12.0,12.0,,,0.0,0,0
2026-07-19 23:26:00.414138,Perambur,13.1141,80.2417,23,24,1126,1079,0.846404,True,2026-07-19 23:00:00,0.0,0.0,29.6,19.1,True,23,6,False,0.0,0.0,0.0,0.0,0.0,0.0,0.0,0.0,0.0,0.0,,,0.0,0,0
2026-07-19 23:26:00.414138,Kelambakkam_OMR,12.7925,80.2183,51,51,1338,1338,1.0,False,2026-07-19 23:00:00,0.0,0.0,29.6,19.1,True,23,6,False,0.0,0.0,0.0,0.0,0.0,0.0,0.0,0.0,0.0,0.0,,,0.0,0,0
2026-07-19 23:26:00.414138,Thoraipakkam_OMR,12.9407,80.235,20,20,523,523,1.0,False,2026-07-19 23:00:00,0.0,0.0,29.6,19.1,True,23,6,False,0.0,0.0,0.0,0.0,0.0,0.0,0.0,0.0,0.0,0.0,,,0.0,0,0
2026-07-19 23:26:00.414138,Vadapalani,13.0503,80.2121,30,30,276,276,1.0,False,2026-07-19 23:00:00,0.0,0.0,29.6,19.1,True,23,6,False,4.0,0.0,2.0,0.0,1.0,1.0,0.0,0.0,8.0,8.5,,,0.0,0,0
2026-07-19 23:26:00.414138,Koyambedu,13.0694,80.1948,19,19,231,231,1.0,False,2026-07-19 23:00:00,0.0,0.0,29.6,19.1,True,23,6,False,0.0,0.0,0.0,0.0,0.0,0.0,0.0,0.0,0.0,0.0,,,0.0,0,0
2026-07-19 23:26:00.414138,Ashok_Nagar,13.0385,80.2107,35,35,2047,2047,1.0,False,2026-07-19 23:00:00,0.0,0.0,29.6,19.1,True,23,6,False,0.0,0.0,0.0,0.0,0.0,0.0,0.0,0.0,0.0,0.0,,,0.0,0,0
2026-07-19 23:26:00.414138,Kathipara,13.0107,80.2016,28,28,158,158,1.0,False,2026-07-19 23:00:00,0.0,0.0,29.6,19.1,True,23,6,False,0.0,0.0,0.0,0.0,0.0,0.0,0.0,0.0,0.0,0.0,,,0.0,0,0
2026-07-19 23:26:00.414138,Guindy,13.0067,80.2206,32,32,1343,1343,1.0,False,2026-07-19 23:00:00,0.0,0.0,29.6,19.1,True,23,6,False,0.0,0.0,0.0,0.0,0.0,0.0,0.0,0.0,0.0,0.0,,,0.0,0,0
2026-07-19 23:26:00.414138,Chromepet,12.9516,80.1462,38,38,1878,1878,1.0,False,2026-07-19 23:00:00,0.0,0.0,29.6,19.1,True,23,6,False,0.0,0.0,0.0,0.0,0.0,0.0,0.0,0.0,0.0,0.0,,,0.0,0,0
2026-07-19 23:26:00.414138,Anna_Salai_Teynampet,13.0455,80.25,31,33,1357,1274,0.968595,True,2026-07-19 23:00:00,0.0,0.0,29.6,19.1,True,23,6,False,0.0,0.0,0.0,0.0,0.0,0.0,0.0,0.0,0.0,0.0,,,0.0,0,0
2026-07-19 23:26:00.414138,Egmore,13.0732,80.2609,25,25,1,1,1.0,False,2026-07-19 23:00:00,0.0,0.0,29.6,19.1,True,23,6,False,0.0,0.0,0.0,0.0,0.0,1.0,0.0,5.0,6.0,3.0,,,0.0,0,0
2026-07-19 23:26:00.414138,Central_Station,13.0827,80.2757,26,26,346,346,1.0,False,2026-07-19 23:00:00,0.0,0.0,29.6,19.1,True,23,6,False,0.0,0.0,1.0,3.0,0.0,1.0,0.0,0.0,5.0,13.0,,,0.0,0,0
2026-07-19 23:26:00.414138,T_Nagar_Panagal,13.0418,80.2341,32,32,242,242,1.0,False,2026-07-19 23:00:00,0.0,0.0,29.6,19.1,True,23,6,False,0.0,0.0,0.0,0.0,0.0,0.0,0.0,0.0,0.0,0.0,,,0.0,0,0
2026-07-19 23:41:27.437787,Adyar_Signal,13.0064,80.257,24,25,480,460,0.939741,True,2026-07-19 23:00:00,0.0,0.0,29.6,19.1,True,23,6,False,0.0,0.0,0.0,0.0,0.0,0.0,0.0,0.0,0.0,0.0,,,0.0,0,0
2026-07-19 23:41:27.437787,Chromepet,12.9516,80.1462,38,38,1878,1878,1.0,False,2026-07-19 23:00:00,0.0,0.0,29.6,19.1,True,23,6,False,0.0,0.0,0.0,0.0,0.0,0.0,0.0,0.0,0.0,0.0,,,0.0,0,0
2026-07-19 23:41:27.437787,Kelambakkam_OMR,12.7925,80.2183,51,51,1338,1338,1.0,False,2026-07-19 23:00:00,0.0,0.0,29.6,19.1,True,23,6,False,0.0,0.0,0.0,0.0,0.0,0.0,0.0,0.0,0.0,0.0,,,0.0,0,0
2026-07-19 23:41:27.437787,Mylapore,13.0339,80.2698,17,17,443,443,0.611452,True,2026-07-19 23:00:00,0.0,0.0,29.6,19.1,True,23,6,False,0.0,0.0,0.0,0.0,0.0,0.0,0.0,0.0,0.0,0.0,,,0.0,0,0
2026-07-19 23:41:27.437787,Perambur,13.1141,80.2417,24,25,1079,1036,0.876615,True,2026-07-19 23:00:00,0.0,0.0,29.6,19.1,True,23,6,False,0.0,0.0,0.0,0.0,0.0,0.0,0.0,0.0,0.0,0.0,,,0.0,0,0
2026-07-19 23:41:27.437787,Anna_Nagar_Roundtana,13.085,80.2101,15,15,66,66,1.0,False,2026-07-19 23:00:00,0.0,0.0,29.6,19.1,True,23,6,False,2.0,0.0,5.0,0.0,2.0,1.0,0.0,2.0,12.0,12.0,,,0.0,0,0
2026-07-19 23:41:27.437787,Porur,13.0381,80.1564,19,19,129,129,1.0,False,2026-07-19 23:00:00,0.0,0.0,29.6,19.1,True,23,6,False,4.0,1.0,0.0,2.0,0.0,2.0,0.0,2.0,11.0,14.8,,,0.0,0,0
2026-07-19 23:41:27.437787,Perungudi_OMR,12.9634,80.2431,25,25,99,99,1.0,False,2026-07-19 23:00:00,0.0,0.0,29.6,19.1,True,23,6,False,0.0,0.0,0.0,0.0,0.0,0.0,0.0,0.0,0.0,0.0,,,0.0,0,0
2026-07-19 23:41:27.437787,Tambaram,12.9249,80.1,28,28,966,966,1.0,False,2026-07-19 23:00:00,0.0,0.0,29.6,19.1,True,23,6,False,0.0,0.0,0.0,0.0,0.0,0.0,0.0,0.0,0.0,0.0,,,0.0,0,0
2026-07-19 23:41:27.437787,Velachery_Junction,12.9791,80.2211,32,32,1343,1343,1.0,False,2026-07-19 23:00:00,0.0,0.0,29.6,19.1,True,23,6,False,2.0,1.0,4.0,1.0,2.0,0.0,1.0,1.0,12.0,12.3,,,0.0,0,0
2026-07-19 23:41:27.437787,Ashok_Nagar,13.0385,80.2107,35,35,2047,2047,1.0,False,2026-07-19 23:00:00,0.0,0.0,29.6,19.1,True,23,6,False,0.0,0.0,0.0,0.0,0.0,0.0,0.0,0.0,0.0,0.0,,,0.0,0,0
2026-07-19 23:41:27.437787,Koyambedu,13.0694,80.1948,19,19,231,231,1.0,False,2026-07-19 23:00:00,0.0,0.0,29.6,19.1,True,23,6,False,0.0,0.0,0.0,0.0,0.0,0.0,0.0,0.0,0.0,0.0,,,0.0,0,0
2026-07-19 23:41:27.437787,Central_Station,13.0827,80.2757,26,26,346,346,1.0,False,2026-07-19 23:00:00,0.0,0.0,29.6,19.1,True,23,6,False,0.0,0.0,1.0,3.0,0.0,1.0,0.0,0.0,5.0,13.0,,,0.0,0,0
2026-07-19 23:41:27.437787,Egmore,13.0732,80.2609,25,25,1,1,1.0,False,2026-07-19 23:00:00,0.0,0.0,29.6,19.1,True,23,6,False,0.0,0.0,0.0,0.0,0.0,1.0,0.0,5.0,6.0,3.0,,,0.0,0,0
2026-07-19 23:41:27.437787,Anna_Salai_Teynampet,13.0455,80.25,32,32,1314,1314,0.966434,True,2026-07-19 23:00:00,0.0,0.0,29.6,19.1,True,23,6,False,0.0,0.0,0.0,0.0,0.0,0.0,0.0,0.0,0.0,0.0,,,0.0,0,0
2026-07-19 23:41:27.437787,T_Nagar_Panagal,13.0418,80.2341,32,32,242,242,1.0,False,2026-07-19 23:00:00,0.0,0.0,29.6,19.1,True,23,6,False,0.0,0.0,0.0,0.0,0.0,0.0,0.0,0.0,0.0,0.0,,,0.0,0,0
2026-07-19 23:41:27.437787,Guindy,13.0067,80.2206,32,32,1343,1343,1.0,False,2026-07-19 23:00:00,0.0,0.0,29.6,19.1,True,23,6,False,0.0,0.0,0.0,0.0,0.0,0.0,0.0,0.0,0.0,0.0,,,0.0,0,0
2026-07-19 23:41:27.437787,Kathipara,13.0107,80.2016,28,28,158,158,1.0,False,2026-07-19 23:00:00,0.0,0.0,29.6,19.1,True,23,6,False,0.0,0.0,0.0,0.0,0.0,0.0,0.0,0.0,0.0,0.0,,,0.0,0,0
2026-07-19 23:41:27.437787,Thoraipakkam_OMR,12.9407,80.235,20,20,523,523,1.0,False,2026-07-19 23:00:00,0.0,0.0,29.6,19.1,True,23,6,False,0.0,0.0,0.0,0.0,0.0,0.0,0.0,0.0,0.0,0.0,,,0.0,0,0
2026-07-19 23:41:27.437787,Vadapalani,13.0503,80.2121,30,30,276,276,1.0,False,2026-07-19 23:00:00,0.0,0.0,29.6,19.1,True,23,6,False,4.0,0.0,2.0,0.0,1.0,1.0,0.0,0.0,8.0,8.5,,,0.0,0,0
2026-07-20 00:11:17.000000,Thoraipakkam_OMR,12.9407,80.235,20,20,523,523,1.0,False,2026-07-20 00:00:00,0.0,0.0,29.4,13.5,True,0,0,False,0.0,0.0,0.0,0.0,0.0,0.0,0.0,0.0,0.0,0.0,,,0.0,0,0
2026-07-20 00:11:17.000000,Porur,13.0381,80.1564,19,19,129,129,1.0,False,2026-07-20 00:00:00,0.0,0.0,29.4,13.5,True,0,0,False,4.0,1.0,0.0,2.0,0.0,2.0,0.0,2.0,11.0,14.8,,,0.0,0,0
2026-07-20 00:11:17.000000,Anna_Nagar_Roundtana,13.085,80.2101,15,15,66,66,1.0,False,2026-07-20 00:00:00,0.0,0.0,29.4,13.5,True,0,0,False,2.0,0.0,5.0,0.0,2.0,1.0,0.0,2.0,12.0,12.0,,,0.0,0,0
2026-07-20 00:11:17.000000,Perungudi_OMR,12.9634,80.2431,25,25,99,99,1.0,False,2026-07-20 00:00:00,0.0,0.0,29.4,13.5,True,0,0,False,0.0,0.0,0.0,0.0,0.0,0.0,0.0,0.0,0.0,0.0,,,0.0,0,0
2026-07-20 00:11:17.000000,Mylapore,13.0339,80.2698,17,17,443,443,0.533817,True,2026-07-20 00:00:00,0.0,0.0,29.4,13.5,True,0,0,False,0.0,0.0,0.0,0.0,0.0,0.0,0.0,0.0,0.0,0.0,,,0.0,0,0
2026-07-20 00:11:17.000000,Chromepet,12.9516,80.1462,38,38,1878,1878,1.0,False,2026-07-20 00:00:00,0.0,0.0,29.4,13.5,True,0,0,False,0.0,0.0,0.0,0.0,0.0,0.0,0.0,0.0,0.0,0.0,,,0.0,0,0
2026-07-20 00:11:17.000000,Tambaram,12.9249,80.1,28,28,966,966,1.0,False,2026-07-20 00:00:00,0.0,0.0,29.4,13.5,True,0,0,False,0.0,0.0,0.0,0.0,0.0,0.0,0.0,0.0,0.0,0.0,,,0.0,0,0
2026-07-20 00:11:17.000000,Velachery_Junction,12.9791,80.2211,32,32,1343,1343,1.0,False,2026-07-20 00:00:00,0.0,0.0,29.4,13.5,True,0,0,False,2.0,1.0,4.0,1.0,2.0,0.0,1.0,1.0,12.0,12.3,,,0.0,0,0
2026-07-20 00:11:17.000000,Perambur,13.1141,80.2417,25,25,1036,1036,1.0,False,2026-07-20 00:00:00,0.0,0.0,29.4,13.5,True,0,0,False,0.0,0.0,0.0,0.0,0.0,0.0,0.0,0.0,0.0,0.0,,,0.0,0,0
2026-07-20 00:11:17.000000,Kelambakkam_OMR,12.7925,80.2183,51,51,1338,1338,1.0,False,2026-07-20 00:00:00,0.0,0.0,29.4,13.5,True,0,0,False,0.0,0.0,0.0,0.0,0.0,0.0,0.0,0.0,0.0,0.0,,,0.0,0,0
2026-07-20 00:11:17.000000,Egmore,13.0732,80.2609,25,25,1,1,1.0,False,2026-07-20 00:00:00,0.0,0.0,29.4,13.5,True,0,0,False,0.0,0.0,0.0,0.0,0.0,1.0,0.0,5.0,6.0,3.0,,,0.0,0,0
2026-07-20 00:11:17.000000,Adyar_Signal,13.0064,80.257,25,25,460,460,0.869055,True,2026-07-20 00:00:00,0.0,0.0,29.4,13.5,True,0,0,False,0.0,0.0,0.0,0.0,0.0,0.0,0.0,0.0,0.0,0.0,,,0.0,0,0
2026-07-20 00:11:17.000000,Guindy,13.0067,80.2206,32,32,1343,1343,1.0,False,2026-07-20 00:00:00,0.0,0.0,29.4,13.5,True,0,0,False,0.0,0.0,0.0,0.0,0.0,0.0,0.0,0.0,0.0,0.0,,,0.0,0,0
2026-07-20 00:11:17.000000,T_Nagar_Panagal,13.0418,80.2341,32,32,242,242,1.0,False,2026-07-20 00:00:00,0.0,0.0,29.4,13.5,True,0,0,False,0.0,0.0,0.0,0.0,0.0,0.0,0.0,0.0,0.0,0.0,,,0.0,0,0
2026-07-20 00:11:17.000000,Ashok_Nagar,13.0385,80.2107,35,35,2047,2047,1.0,False,2026-07-20 00:00:00,0.0,0.0,29.4,13.5,True,0,0,False,0.0,0.0,0.0,0.0,0.0,0.0,0.0,0.0,0.0,0.0,,,0.0,0,0
2026-07-20 00:11:17.000000,Vadapalani,13.0503,80.2121,30,30,276,276,1.0,False,2026-07-20 00:00:00,0.0,0.0,29.4,13.5,True,0,0,False,4.0,0.0,2.0,0.0,1.0,1.0,0.0,0.0,8.0,8.5,,,0.0,0,0
2026-07-20 00:11:17.000000,Central_Station,13.0827,80.2757,26,26,346,346,1.0,False,2026-07-20 00:00:00,0.0,0.0,29.4,13.5,True,0,0,False,0.0,0.0,1.0,3.0,0.0,1.0,0.0,0.0,5.0,13.0,,,0.0,0,0
2026-07-20 00:11:17.000000,Koyambedu,13.0694,80.1948,19,19,231,231,1.0,False,2026-07-20 00:00:00,0.0,0.0,29.4,13.5,True,0,0,False,0.0,0.0,0.0,0.0,0.0,0.0,0.0,0.0,0.0,0.0,,,0.0,0,0
2026-07-20 00:11:17.000000,Anna_Salai_Teynampet,13.0455,80.25,32,32,1314,1314,0.965909,True,2026-07-20 00:00:00,0.0,0.0,29.4,13.5,True,0,0,False,0.0,0.0,0.0,0.0,0.0,0.0,0.0,0.0,0.0,0.0,,,0.0,0,0
2026-07-20 00:11:17.000000,Kathipara,13.0107,80.2016,22,22,202,202,0.763758,True,2026-07-20 00:00:00,0.0,0.0,29.4,13.5,True,0,0,False,0.0,0.0,0.0,0.0,0.0,0.0,0.0,0.0,0.0,0.0,,,0.0,0,0
2026-07-20 04:02:21.000000,Velachery_Junction,12.9791,80.2211,23,33,1869,1302,0.990282,False,2026-07-20 04:00:00,0.0,0.0,26.3,3.0,True,4,0,False,2.0,1.0,4.0,1.0,2.0,0.0,1.0,1.0,12.0,12.3,,,0.0,0,0
2026-07-20 04:02:21.000000,Porur,13.0381,80.1564,19,19,129,129,1.0,False,2026-07-20 04:00:00,0.0,0.0,26.3,3.0,True,4,0,False,4.0,1.0,0.0,2.0,0.0,2.0,0.0,2.0,11.0,14.8,,,0.0,0,0
2026-07-20 04:02:21.000000,Tambaram,12.9249,80.1,28,28,966,966,1.0,False,2026-07-20 04:00:00,0.0,0.0,26.3,3.0,True,4,0,False,0.0,0.0,0.0,0.0,0.0,0.0,0.0,0.0,0.0,0.0,,,0.0,0,0
2026-07-20 04:02:21.000000,Perungudi_OMR,12.9634,80.2431,14,24,177,103,0.996981,False,2026-07-20 04:00:00,0.0,0.0,26.3,3.0,True,4,0,False,0.0,0.0,0.0,0.0,0.0,0.0,0.0,0.0,0.0,0.0,,,0.0,0,0
2026-07-20 04:02:21.000000,Thoraipakkam_OMR,12.9407,80.235,20,20,523,523,1.0,False,2026-07-20 04:00:00,0.0,0.0,26.3,3.0,True,4,0,False,0.0,0.0,0.0,0.0,0.0,0.0,0.0,0.0,0.0,0.0,,,0.0,0,0
2026-07-20 04:02:21.000000,Kelambakkam_OMR,12.7925,80.2183,42,51,1625,1338,1.0,False,2026-07-20 04:00:00,0.0,0.0,26.3,3.0,True,4,0,False,0.0,0.0,0.0,0.0,0.0,0.0,0.0,0.0,0.0,0.0,,,0.0,0,0
2026-07-20 04:02:21.000000,Perambur,13.1141,80.2417,25,25,1036,1036,1.0,False,2026-07-20 04:00:00,0.0,0.0,26.3,3.0,True,4,0,False,0.0,0.0,0.0,0.0,0.0,0.0,0.0,0.0,0.0,0.0,,,0.0,0,0
2026-07-20 04:02:21.000000,Mylapore,13.0339,80.2698,17,17,443,443,0.794311,True,2026-07-20 04:00:00,0.0,0.0,26.3,3.0,True,4,0,False,0.0,0.0,0.0,0.0,0.0,0.0,0.0,0.0,0.0,0.0,,,0.0,0,0
2026-07-20 04:02:21.000000,Chromepet,12.9516,80.1462,31,38,2302,1878,1.0,False,2026-07-20 04:00:00,0.0,0.0,26.3,3.0,True,4,0,False,0.0,0.0,0.0,0.0,0.0,0.0,0.0,0.0,0.0,0.0,,,0.0,0,0
2026-07-20 04:02:21.000000,Anna_Nagar_Roundtana,13.085,80.2101,15,15,66,66,1.0,False,2026-07-20 04:00:00,0.0,0.0,26.3,3.0,True,4,0,False,2.0,0.0,5.0,0.0,2.0,1.0,0.0,2.0,12.0,12.0,,,0.0,0,0
2026-07-20 04:02:21.000000,Ashok_Nagar,13.0385,80.2107,35,35,2047,2047,1.0,False,2026-07-20 04:00:00,0.0,0.0,26.3,3.0,True,4,0,False,0.0,0.0,0.0,0.0,0.0,0.0,0.0,0.0,0.0,0.0,,,0.0,0,0
2026-07-20 04:02:21.000000,T_Nagar_Panagal,13.0418,80.2341,24,32,323,242,1.0,False,2026-07-20 04:00:00,0.0,0.0,26.3,3.0,True,4,0,False,0.0,0.0,0.0,0.0,0.0,0.0,0.0,0.0,0.0,0.0,,,0.0,0,0
2026-07-20 04:02:21.000000,Egmore,13.0732,80.2609,25,25,1,1,1.0,False,2026-07-20 04:00:00,0.0,0.0,26.3,3.0,True,4,0,False,0.0,0.0,0.0,0.0,0.0,1.0,0.0,5.0,6.0,3.0,,,0.0,0,0
2026-07-20 04:02:21.000000,Vadapalani,13.0503,80.2121,24,31,345,267,1.0,False,2026-07-20 04:00:00,0.0,0.0,26.3,3.0,True,4,0,False,4.0,0.0,2.0,0.0,1.0,1.0,0.0,0.0,8.0,8.5,,,0.0,0,0
2026-07-20 04:02:21.000000,Koyambedu,13.0694,80.1948,19,19,231,231,1.0,False,2026-07-20 04:00:00,0.0,0.0,26.3,3.0,True,4,0,False,0.0,0.0,0.0,0.0,0.0,0.0,0.0,0.0,0.0,0.0,,,0.0,0,0
2026-07-20 04:02:21.000000,Guindy,13.0067,80.2206,23,33,1869,1302,0.990591,False,2026-07-20 04:00:00,0.0,0.0,26.3,3.0,True,4,0,False,0.0,0.0,0.0,0.0,0.0,0.0,0.0,0.0,0.0,0.0,,,0.0,0,0
2026-07-20 04:02:21.000000,Kathipara,13.0107,80.2016,28,28,158,158,1.0,False,2026-07-20 04:00:00,0.0,0.0,26.3,3.0,True,4,0,False,0.0,0.0,0.0,0.0,0.0,0.0,0.0,0.0,0.0,0.0,,,0.0,0,0
2026-07-20 04:02:21.000000,Adyar_Signal,13.0064,80.257,18,25,640,460,0.955941,True,2026-07-20 04:00:00,0.0,0.0,26.3,3.0,True,4,0,False,0.0,0.0,0.0,0.0,0.0,0.0,0.0,0.0,0.0,0.0,,,0.0,0,0
2026-07-20 04:02:21.000000,Anna_Salai_Teynampet,13.0455,80.25,24,32,1752,1314,0.966727,True,2026-07-20 04:00:00,0.0,0.0,26.3,3.0,True,4,0,False,0.0,0.0,0.0,0.0,0.0,0.0,0.0,0.0,0.0,0.0,,,0.0,0,0
2026-07-20 04:02:21.000000,Central_Station,13.0827,80.2757,26,26,346,346,1.0,False,2026-07-20 04:00:00,0.0,0.0,26.3,3.0,True,4,0,False,0.0,0.0,1.0,3.0,0.0,1.0,0.0,0.0,5.0,13.0,,,0.0,0,0
2026-07-20 06:44:46.000000,Tambaram,12.9249,80.1,24,28,1127,966,0.984926,False,2026-07-20 06:00:00,0.0,0.0,27.3,6.1,True,6,0,False,0.0,0.0,0.0,0.0,0.0,0.0,0.0,0.0,0.0,0.0,,,0.0,0,0
2026-07-20 06:44:46.000000,Perungudi_OMR,12.9634,80.2431,19,24,131,103,0.99,False,2026-07-20 06:00:00,0.0,0.0,27.3,6.1,True,6,0,False,0.0,0.0,0.0,0.0,0.0,0.0,0.0,0.0,0.0,0.0,,,0.0,0,0
2026-07-20 06:44:46.000000,Thoraipakkam_OMR,12.9407,80.235,20,20,523,523,1.0,False,2026-07-20 06:00:00,0.0,0.0,27.3,6.1,True,6,0,False,0.0,0.0,0.0,0.0,0.0,0.0,0.0,0.0,0.0,0.0,,,0.0,0,0
2026-07-20 06:44:46.000000,Porur,13.0381,80.1564,19,19,129,129,1.0,False,2026-07-20 06:00:00,0.0,0.0,27.3,6.1,True,6,0,False,4.0,1.0,0.0,2.0,0.0,2.0,0.0,2.0,11.0,14.8,,,0.0,0,0
2026-07-20 06:44:46.000000,Kelambakkam_OMR,12.7925,80.2183,42,51,1625,1338,1.0,False,2026-07-20 06:00:00,0.0,0.0,27.3,6.1,True,6,0,False,0.0,0.0,0.0,0.0,0.0,0.0,0.0,0.0,0.0,0.0,,,0.0,0,0
2026-07-20 06:44:46.000000,Perambur,13.1141,80.2417,19,25,1363,1036,0.999173,False,2026-07-20 06:00:00,0.0,0.0,27.3,6.1,True,6,0,False,0.0,0.0,0.0,0.0,0.0,0.0,0.0,0.0,0.0,0.0,,,0.0,0,0
2026-07-20 06:44:46.000000,Mylapore,13.0339,80.2698,12,17,628,443,0.824311,True,2026-07-20 06:00:00,0.0,0.0,27.3,6.1,True,6,0,False,0.0,0.0,0.0,0.0,0.0,0.0,0.0,0.0,0.0,0.0,,,0.0,0,0
2026-07-20 06:44:46.000000,Chromepet,12.9516,80.1462,32,38,2230,1878,1.0,False,2026-07-20 06:00:00,0.0,0.0,27.3,6.1,True,6,0,False,0.0,0.0,0.0,0.0,0.0,0.0,0.0,0.0,0.0,0.0,,,0.0,0,0
2026-07-20 06:44:46.000000,Velachery_Junction,12.9791,80.2211,27,33,1592,1302,0.997901,False,2026-07-20 06:00:00,0.0,0.0,27.3,6.1,True,6,0,False,2.0,1.0,4.0,1.0,2.0,0.0,1.0,1.0,12.0,12.3,,,0.0,0,0
2026-07-20 06:44:46.000000,Anna_Nagar_Roundtana,13.085,80.2101,11,15,90,66,1.0,False,2026-07-20 06:00:00,0.0,0.0,27.3,6.1,True,6,0,False,2.0,0.0,5.0,0.0,2.0,1.0,0.0,2.0,12.0,12.0,,,0.0,0,0
2026-07-20 06:44:46.000000,Ashok_Nagar,13.0385,80.2107,35,35,2047,2047,1.0,False,2026-07-20 06:00:00,0.0,0.0,27.3,6.1,True,6,0,False,0.0,0.0,0.0,0.0,0.0,0.0,0.0,0.0,0.0,0.0,,,0.0,0,0
2026-07-20 06:44:46.000000,Kathipara,13.0107,80.2016,28,28,158,158,1.0,False,2026-07-20 06:00:00,0.0,0.0,27.3,6.1,True,6,0,False,0.0,0.0,0.0,0.0,0.0,0.0,0.0,0.0,0.0,0.0,,,0.0,0,0
2026-07-20 06:44:46.000000,Vadapalani,13.0503,80.2121,23,30,360,276,1.0,False,2026-07-20 06:00:00,0.0,0.0,27.3,6.1,True,6,0,False,4.0,0.0,2.0,0.0,1.0,1.0,0.0,0.0,8.0,8.5,,,0.0,0,0
2026-07-20 06:44:46.000000,Koyambedu,13.0694,80.1948,19,19,231,231,1.0,False,2026-07-20 06:00:00,0.0,0.0,27.3,6.1,True,6,0,False,0.0,0.0,0.0,0.0,0.0,0.0,0.0,0.0,0.0,0.0,,,0.0,0,0
2026-07-20 06:44:46.000000,Central_Station,13.0827,80.2757,26,26,346,346,1.0,False,2026-07-20 06:00:00,0.0,0.0,27.3,6.1,True,6,0,False,0.0,0.0,1.0,3.0,0.0,1.0,0.0,0.0,5.0,13.0,,,0.0,0,0
2026-07-20 06:44:46.000000,Egmore,13.0732,80.2609,16,25,2,1,1.0,False,2026-07-20 06:00:00,0.0,0.0,27.3,6.1,True,6,0,False,0.0,0.0,0.0,0.0,0.0,1.0,0.0,5.0,6.0,3.0,,,0.0,0,0
2026-07-20 06:44:46.000000,Anna_Salai_Teynampet,13.0455,80.25,24,32,1752,1314,0.968595,True,2026-07-20 06:00:00,0.0,0.0,27.3,6.1,True,6,0,False,0.0,0.0,0.0,0.0,0.0,0.0,0.0,0.0,0.0,0.0,,,0.0,0,0
2026-07-20 06:44:46.000000,T_Nagar_Panagal,13.0418,80.2341,25,32,310,242,1.0,False,2026-07-20 06:00:00,0.0,0.0,27.3,6.1,True,6,0,False,0.0,0.0,0.0,0.0,0.0,0.0,0.0,0.0,0.0,0.0,,,0.0,0,0
2026-07-20 06:44:46.000000,Guindy,13.0067,80.2206,27,33,1592,1302,0.997901,False,2026-07-20 06:00:00,0.0,0.0,27.3,6.1,True,6,0,False,0.0,0.0,0.0,0.0,0.0,0.0,0.0,0.0,0.0,0.0,,,0.0,0,0
2026-07-20 06:44:46.000000,Adyar_Signal,13.0064,80.257,15,25,768,460,0.955941,True,2026-07-20 06:00:00,0.0,0.0,27.3,6.1,True,6,0,False,0.0,0.0,0.0,0.0,0.0,0.0,0.0,0.0,0.0,0.0,,,0.0,0,0
2026-07-20 07:26:12.000000,Velachery_Junction,12.9791,80.2211,27,32,1592,1343,0.999495,False,2026-07-20 07:00:00,0.0,0.0,28.1,6.2,True,7,0,False,2.0,1.0,4.0,1.0,2.0,0.0,1.0,1.0,12.0,12.3,,,0.0,0,0
2026-07-20 07:26:12.000000,Perungudi_OMR,12.9634,80.2431,25,25,99,99,1.0,False,2026-07-20 07:00:00,0.0,0.0,28.1,6.2,True,7,0,False,0.0,0.0,0.0,0.0,0.0,0.0,0.0,0.0,0.0,0.0,,,0.0,0,0
2026-07-20 07:26:12.000000,Thoraipakkam_OMR,12.9407,80.235,20,20,523,523,1.0,False,2026-07-20 07:00:00,0.0,0.0,28.1,6.2,True,7,0,False,0.0,0.0,0.0,0.0,0.0,0.0,0.0,0.0,0.0,0.0,,,0.0,0,0
2026-07-20 07:26:12.000000,Porur,13.0381,80.1564,19,19,129,129,1.0,False,2026-07-20 07:00:00,0.0,0.0,28.1,6.2,True,7,0,False,4.0,1.0,0.0,2.0,0.0,2.0,0.0,2.0,11.0,14.8,,,0.0,0,0
2026-07-20 07:26:12.000000,Kelambakkam_OMR,12.7925,80.2183,44,51,1551,1338,0.996393,False,2026-07-20 07:00:00,0.0,0.0,28.1,6.2,True,7,0,False,0.0,0.0,0.0,0.0,0.0,0.0,0.0,0.0,0.0,0.0,,,0.0,0,0
2026-07-20 07:26:12.000000,Perambur,13.1141,80.2417,20,25,1295,1036,0.99074,False,2026-07-20 07:00:00,0.0,0.0,28.1,6.2,True,7,0,False,0.0,0.0,0.0,0.0,0.0,0.0,0.0,0.0,0.0,0.0,,,0.0,0,0
2026-07-20 07:26:12.000000,Mylapore,13.0339,80.2698,16,17,471,443,0.806959,True,2026-07-20 07:00:00,0.0,0.0,28.1,6.2,True,7,0,False,0.0,0.0,0.0,0.0,0.0,0.0,0.0,0.0,0.0,0.0,,,0.0,0,0
2026-07-20 07:26:12.000000,Chromepet,12.9516,80.1462,33,38,2163,1878,1.0,False,2026-07-20 07:00:00,0.0,0.0,28.1,6.2,True,7,0,False,0.0,0.0,0.0,0.0,0.0,0.0,0.0,0.0,0.0,0.0,,,0.0,0,0
2026-07-20 07:26:12.000000,Tambaram,12.9249,80.1,28,28,966,966,1.0,False,2026-07-20 07:00:00,0.0,0.0,28.1,6.2,True,7,0,False,0.0,0.0,0.0,0.0,0.0,0.0,0.0,0.0,0.0,0.0,,,0.0,0,0
2026-07-20 07:26:12.000000,Anna_Nagar_Roundtana,13.085,80.2101,11,15,90,66,0.99,False,2026-07-20 07:00:00,0.0,0.0,28.1,6.2,True,7,0,False,2.0,0.0,5.0,0.0,2.0,1.0,0.0,2.0,12.0,12.0,,,0.0,0,0
2026-07-20 07:26:12.000000,Adyar_Signal,13.0064,80.257,15,25,768,460,0.952716,True,2026-07-20 07:00:00,0.0,0.0,28.1,6.2,True,7,0,False,0.0,0.0,0.0,0.0,0.0,0.0,0.0,0.0,0.0,0.0,,,0.0,0,0
2026-07-20 07:26:12.000000,Vadapalani,13.0503,80.2121,24,31,345,267,1.0,False,2026-07-20 07:00:00,0.0,0.0,28.1,6.2,True,7,0,False,4.0,0.0,2.0,0.0,1.0,1.0,0.0,0.0,8.0,8.5,,,0.0,0,0
2026-07-20 07:26:12.000000,Kathipara,13.0107,80.2016,28,28,158,158,1.0,False,2026-07-20 07:00:00,0.0,0.0,28.1,6.2,True,7,0,False,0.0,0.0,0.0,0.0,0.0,0.0,0.0,0.0,0.0,0.0,,,0.0,0,0
2026-07-20 07:26:12.000000,Guindy,13.0067,80.2206,27,32,1592,1343,0.999495,False,2026-07-20 07:00:00,0.0,0.0,28.1,6.2,True,7,0,False,0.0,0.0,0.0,0.0,0.0,0.0,0.0,0.0,0.0,0.0,,,0.0,0,0
2026-07-20 07:26:12.000000,T_Nagar_Panagal,13.0418,80.2341,32,32,242,242,1.0,False,2026-07-20 07:00:00,0.0,0.0,28.1,6.2,True,7,0,False,0.0,0.0,0.0,0.0,0.0,0.0,0.0,0.0,0.0,0.0,,,0.0,0,0
2026-07-20 07:26:12.000000,Ashok_Nagar,13.0385,80.2107,35,35,2047,2047,1.0,False,2026-07-20 07:00:00,0.0,0.0,28.1,6.2,True,7,0,False,0.0,0.0,0.0,0.0,0.0,0.0,0.0,0.0,0.0,0.0,,,0.0,0,0
2026-07-20 07:26:12.000000,Egmore,13.0732,80.2609,25,25,1,1,1.0,False,2026-07-20 07:00:00,0.0,0.0,28.1,6.2,True,7,0,False,0.0,0.0,0.0,0.0,0.0,1.0,0.0,5.0,6.0,3.0,,,0.0,0,0
2026-07-20 07:26:12.000000,Central_Station,13.0827,80.2757,18,26,500,346,1.0,False,2026-07-20 07:00:00,0.0,0.0,28.1,6.2,True,7,0,False,0.0,0.0,1.0,3.0,0.0,1.0,0.0,0.0,5.0,13.0,,,0.0,0,0
2026-07-20 07:26:12.000000,Koyambedu,13.0694,80.1948,19,19,231,231,1.0,False,2026-07-20 07:00:00,0.0,0.0,28.1,6.2,True,7,0,False,0.0,0.0,0.0,0.0,0.0,0.0,0.0,0.0,0.0,0.0,,,0.0,0,0
2026-07-20 07:26:12.000000,Anna_Salai_Teynampet,13.0455,80.25,22,32,1912,1314,0.968595,True,2026-07-20 07:00:00,0.0,0.0,28.1,6.2,True,7,0,False,0.0,0.0,0.0,0.0,0.0,0.0,0.0,0.0,0.0,0.0,,,0.0,0,0
2026-07-20 10:23:58.000000,Kelambakkam_OMR,12.7925,80.2183,42,51,1625,1338,0.99661,False,2026-07-20 10:00:00,0.0,0.0,31.0,11.0,True,10,0,True,0.0,0.0,0.0,0.0,0.0,0.0,0.0,0.0,0.0,0.0,,,0.0,0,0
2026-07-20 10:23:58.000000,Tambaram,12.9249,80.1,28,28,966,966,1.0,False,2026-07-20 10:00:00,0.0,0.0,31.0,11.0,True,10,0,True,0.0,0.0,0.0,0.0,0.0,0.0,0.0,0.0,0.0,0.0,,,0.0,0,0
2026-07-20 10:23:58.000000,Perungudi_OMR,12.9634,80.2431,25,25,99,99,1.0,False,2026-07-20 10:00:00,0.0,0.0,31.0,11.0,True,10,0,True,0.0,0.0,0.0,0.0,0.0,0.0,0.0,0.0,0.0,0.0,,,0.0,0,0
2026-07-20 10:23:58.000000,Thoraipakkam_OMR,12.9407,80.235,20,20,523,523,1.0,False,2026-07-20 10:00:00,0.0,0.0,31.0,11.0,True,10,0,True,0.0,0.0,0.0,0.0,0.0,0.0,0.0,0.0,0.0,0.0,,,0.0,0,0
2026-07-20 10:23:58.000000,Porur,13.0381,80.1564,19,19,129,129,1.0,False,2026-07-20 10:00:00,0.0,0.0,31.0,11.0,True,10,0,True,4.0,1.0,0.0,2.0,0.0,2.0,0.0,2.0,11.0,14.8,,,0.0,0,0
2026-07-20 10:23:58.000000,Chromepet,12.9516,80.1462,30,38,2379,1878,1.0,False,2026-07-20 10:00:00,0.0,0.0,31.0,11.0,True,10,0,True,0.0,0.0,0.0,0.0,0.0,0.0,0.0,0.0,0.0,0.0,,,0.0,0,0
2026-07-20 10:23:58.000000,Perambur,13.1141,80.2417,25,25,1036,1036,1.0,False,2026-07-20 10:00:00,0.0,0.0,31.0,11.0,True,10,0,True,0.0,0.0,0.0,0.0,0.0,0.0,0.0,0.0,0.0,0.0,,,0.0,0,0
2026-07-20 10:23:58.000000,Mylapore,13.0339,80.2698,13,17,580,443,0.80525,True,2026-07-20 10:00:00,0.0,0.0,31.0,11.0,True,10,0,True,0.0,0.0,0.0,0.0,0.0,0.0,0.0,0.0,0.0,0.0,,,0.0,0,0
2026-07-20 10:23:58.000000,Velachery_Junction,12.9791,80.2211,27,32,1592,1343,0.996947,False,2026-07-20 10:00:00,0.0,0.0,31.0,11.0,True,10,0,True,2.0,1.0,4.0,1.0,2.0,0.0,1.0,1.0,12.0,12.3,,,0.0,0,0
2026-07-20 10:23:58.000000,Anna_Nagar_Roundtana,13.085,80.2101,10,14,99,71,0.98,False,2026-07-20 10:00:00,0.0,0.0,31.0,11.0,True,10,0,True,2.0,0.0,5.0,0.0,2.0,1.0,0.0,2.0,12.0,12.0,,,0.0,0,0
2026-07-20 10:23:58.000000,Anna_Salai_Teynampet,13.0455,80.25,24,33,1752,1274,0.967873,True,2026-07-20 10:00:00,0.0,0.0,31.0,11.0,True,10,0,True,0.0,0.0,0.0,0.0,0.0,0.0,0.0,0.0,0.0,0.0,,,0.0,0,0
2026-07-20 10:23:58.000000,Kathipara,13.0107,80.2016,28,28,158,158,1.0,False,2026-07-20 10:00:00,0.0,0.0,31.0,11.0,True,10,0,True,0.0,0.0,0.0,0.0,0.0,0.0,0.0,0.0,0.0,0.0,,,0.0,0,0
2026-07-20 10:23:58.000000,Guindy,13.0067,80.2206,27,32,1592,1343,0.996947,False,2026-07-20 10:00:00,0.0,0.0,31.0,11.0,True,10,0,True,0.0,0.0,0.0,0.0,0.0,0.0,0.0,0.0,0.0,0.0,,,0.0,0,0
2026-07-20 10:23:58.000000,T_Nagar_Panagal,13.0418,80.2341,25,31,310,250,1.0,False,2026-07-20 10:00:00,0.0,0.0,31.0,11.0,True,10,0,True,0.0,0.0,0.0,0.0,0.0,0.0,0.0,0.0,0.0,0.0,,,0.0,0,0
2026-07-20 10:23:58.000000,Ashok_Nagar,13.0385,80.2107,35,35,2047,2047,1.0,False,2026-07-20 10:00:00,0.0,0.0,31.0,11.0,True,10,0,True,0.0,0.0,0.0,0.0,0.0,0.0,0.0,0.0,0.0,0.0,,,0.0,0,0
2026-07-20 10:23:58.000000,Egmore,13.0732,80.2609,17,25,2,1,1.0,False,2026-07-20 10:00:00,0.0,0.0,31.0,11.0,True,10,0,True,0.0,0.0,0.0,0.0,0.0,1.0,0.0,5.0,6.0,3.0,,,0.0,0,0
2026-07-20 10:23:58.000000,Central_Station,13.0827,80.2757,14,26,643,346,1.0,False,2026-07-20 10:00:00,0.0,0.0,31.0,11.0,True,10,0,True,0.0,0.0,1.0,3.0,0.0,1.0,0.0,0.0,5.0,13.0,,,0.0,0,0
2026-07-20 10:23:58.000000,Koyambedu,13.0694,80.1948,19,19,231,231,1.0,False,2026-07-20 10:00:00,0.0,0.0,31.0,11.0,True,10,0,True,0.0,0.0,0.0,0.0,0.0,0.0,0.0,0.0,0.0,0.0,,,0.0,0,0
2026-07-20 10:23:58.000000,Adyar_Signal,13.0064,80.257,18,25,640,460,0.953375,True,2026-07-20 10:00:00,0.0,0.0,31.0,11.0,True,10,0,True,0.0,0.0,0.0,0.0,0.0,0.0,0.0,0.0,0.0,0.0,,,0.0,0,0
2026-07-20 10:23:58.000000,Vadapalani,13.0503,80.2121,24,31,345,267,1.0,False,2026-07-20 10:00:00,0.0,0.0,31.0,11.0,True,10,0,True,4.0,0.0,2.0,0.0,1.0,1.0,0.0,0.0,8.0,8.5,,,0.0,0,0
2026-07-20 11:24:46.000000,Chromepet,12.9516,80.1462,30,38,2379,1878,1.0,False,2026-07-20 11:00:00,0.0,0.0,32.0,12.1,True,11,0,False,0.0,0.0,0.0,0.0,0.0,0.0,0.0,0.0,0.0,0.0,,,0.0,0,0
2026-07-20 11:24:46.000000,Mylapore,13.0339,80.2698,11,18,685,419,0.823357,True,2026-07-20 11:00:00,0.0,0.0,32.0,12.1,True,11,0,False,0.0,0.0,0.0,0.0,0.0,0.0,0.0,0.0,0.0,0.0,,,0.0,0,0
2026-07-20 11:24:46.000000,Perambur,13.1141,80.2417,17,25,1523,1036,0.98892,False,2026-07-20 11:00:00,0.0,0.0,32.0,12.1,True,11,0,False,0.0,0.0,0.0,0.0,0.0,0.0,0.0,0.0,0.0,0.0,,,0.0,0,0
2026-07-20 11:24:46.000000,Tambaram,12.9249,80.1,23,28,1177,966,0.992464,False,2026-07-20 11:00:00,0.0,0.0,32.0,12.1,True,11,0,False,0.0,0.0,0.0,0.0,0.0,0.0,0.0,0.0,0.0,0.0,,,0.0,0,0
2026-07-20 11:24:46.000000,Porur,13.0381,80.1564,19,19,129,129,1.0,False,2026-07-20 11:00:00,0.0,0.0,32.0,12.1,True,11,0,False,4.0,1.0,0.0,2.0,0.0,2.0,0.0,2.0,11.0,14.8,,,0.0,0,0
2026-07-20 11:24:46.000000,Thoraipakkam_OMR,12.9407,80.235,17,20,616,523,0.893261,False,2026-07-20 11:00:00,0.0,0.0,32.0,12.1,True,11,0,False,0.0,0.0,0.0,0.0,0.0,0.0,0.0,0.0,0.0,0.0,,,0.0,0,0
2026-07-20 11:24:46.000000,Perungudi_OMR,12.9634,80.2431,16,24,155,103,0.981884,False,2026-07-20 11:00:00,0.0,0.0,32.0,12.1,True,11,0,False,0.0,0.0,0.0,0.0,0.0,0.0,0.0,0.0,0.0,0.0,,,0.0,0,0
2026-07-20 11:24:46.000000,Kelambakkam_OMR,12.7925,80.2183,41,51,1664,1338,0.98873,False,2026-07-20 11:00:00,0.0,0.0,32.0,12.1,True,11,0,False,0.0,0.0,0.0,0.0,0.0,0.0,0.0,0.0,0.0,0.0,,,0.0,0,0
2026-07-20 11:24:46.000000,Velachery_Junction,12.9791,80.2211,25,32,1719,1343,0.997968,False,2026-07-20 11:00:00,0.0,0.0,32.0,12.1,True,11,0,False,2.0,1.0,4.0,1.0,2.0,0.0,1.0,1.0,12.0,12.3,,,0.0,0,0
2026-07-20 11:24:46.000000,Anna_Nagar_Roundtana,13.085,80.2101,12,15,83,66,0.99,False,2026-07-20 11:00:00,0.0,0.0,32.0,12.1,True,11,0,False,2.0,0.0,5.0,0.0,2.0,1.0,0.0,2.0,12.0,12.0,,,0.0,0,0
2026-07-20 11:24:46.000000,Ashok_Nagar,13.0385,80.2107,29,35,2471,2047,0.99853,False,2026-07-20 11:00:00,0.0,0.0,32.0,12.1,True,11,0,False,0.0,0.0,0.0,0.0,0.0,0.0,0.0,0.0,0.0,0.0,,,0.0,0,0
2026-07-20 11:24:46.000000,Guindy,13.0067,80.2206,25,33,1719,1302,0.996019,False,2026-07-20 11:00:00,0.0,0.0,32.0,12.1,True,11,0,False,0.0,0.0,0.0,0.0,0.0,0.0,0.0,0.0,0.0,0.0,,,0.0,0,0
2026-07-20 11:24:46.000000,T_Nagar_Panagal,13.0418,80.2341,26,32,298,242,1.0,False,2026-07-20 11:00:00,0.0,0.0,32.0,12.1,True,11,0,False,0.0,0.0,0.0,0.0,0.0,0.0,0.0,0.0,0.0,0.0,,,0.0,0,0
2026-07-20 11:24:46.000000,Anna_Salai_Teynampet,13.0455,80.25,23,32,1829,1314,0.968595,True,2026-07-20 11:00:00,0.0,0.0,32.0,12.1,True,11,0,False,0.0,0.0,0.0,0.0,0.0,0.0,0.0,0.0,0.0,0.0,,,0.0,0,0
2026-07-20 11:24:46.000000,Kathipara,13.0107,80.2016,25,28,177,158,0.991721,False,2026-07-20 11:00:00,0.0,0.0,32.0,12.1,True,11,0,False,0.0,0.0,0.0,0.0,0.0,0.0,0.0,0.0,0.0,0.0,,,0.0,0,0
2026-07-20 11:24:46.000000,Egmore,13.0732,80.2609,18,24,2,1,1.0,False,2026-07-20 11:00:00,0.0,0.0,32.0,12.1,True,11,0,False,0.0,0.0,0.0,0.0,0.0,1.0,0.0,5.0,6.0,3.0,,,0.0,0,0
2026-07-20 11:24:46.000000,Koyambedu,13.0694,80.1948,19,19,231,231,1.0,False,2026-07-20 11:00:00,0.0,0.0,32.0,12.1,True,11,0,False,0.0,0.0,0.0,0.0,0.0,0.0,0.0,0.0,0.0,0.0,,,0.0,0,0
2026-07-20 11:24:46.000000,Vadapalani,13.0503,80.2121,21,29,394,285,1.0,False,2026-07-20 11:00:00,0.0,0.0,32.0,12.1,True,11,0,False,4.0,0.0,2.0,0.0,1.0,1.0,0.0,0.0,8.0,8.5,,,0.0,0,0
2026-07-20 11:24:46.000000,Adyar_Signal,13.0064,80.257,15,25,768,460,0.952487,True,2026-07-20 11:00:00,0.0,0.0,32.0,12.1,True,11,0,False,0.0,0.0,0.0,0.0,0.0,0.0,0.0,0.0,0.0,0.0,,,0.0,0,0
2026-07-20 11:24:46.000000,Central_Station,13.0827,80.2757,15,26,600,346,0.996232,False,2026-07-20 11:00:00,0.0,0.0,32.0,12.1,True,11,0,False,0.0,0.0,1.0,3.0,0.0,1.0,0.0,0.0,5.0,13.0,,,0.0,0,0
2026-07-20 12:29:32.000000,Perungudi_OMR,12.9634,80.2431,25,25,99,99,1.0,False,2026-07-20 12:00:00,0.0,0.0,32.5,12.8,True,12,0,False,0.0,0.0,0.0,0.0,0.0,0.0,0.0,0.0,0.0,0.0,,,0.0,0,0
2026-07-20 12:29:32.000000,Thoraipakkam_OMR,12.9407,80.235,15,20,698,523,0.937331,False,2026-07-20 12:00:00,0.0,0.0,32.5,12.8,True,12,0,False,0.0,0.0,0.0,0.0,0.0,0.0,0.0,0.0,0.0,0.0,,,0.0,0,0
2026-07-20 12:29:32.000000,Porur,13.0381,80.1564,19,19,129,129,1.0,False,2026-07-20 12:00:00,0.0,0.0,32.5,12.8,True,12,0,False,4.0,1.0,0.0,2.0,0.0,2.0,0.0,2.0,11.0,14.8,,,0.0,0,0
2026-07-20 12:29:32.000000,Kelambakkam_OMR,12.7925,80.2183,42,51,1625,1338,1.0,False,2026-07-20 12:00:00,0.0,0.0,32.5,12.8,True,12,0,False,0.0,0.0,0.0,0.0,0.0,0.0,0.0,0.0,0.0,0.0,,,0.0,0,0
2026-07-20 12:29:32.000000,Perambur,13.1141,80.2417,16,25,1618,1036,0.996649,False,2026-07-20 12:00:00,0.0,0.0,32.5,12.8,True,12,0,False,0.0,0.0,0.0,0.0,0.0,0.0,0.0,0.0,0.0,0.0,,,0.0,0,0
2026-07-20 12:29:32.000000,Mylapore,13.0339,80.2698,13,18,580,419,0.815671,True,2026-07-20 12:00:00,0.0,0.0,32.5,12.8,True,12,0,False,0.0,0.0,0.0,0.0,0.0,0.0,0.0,0.0,0.0,0.0,,,0.0,0,0
2026-07-20 12:29:32.000000,Chromepet,12.9516,80.1462,27,38,2643,1878,1.0,False,2026-07-20 12:00:00,0.0,0.0,32.5,12.8,True,12,0,False,0.0,0.0,0.0,0.0,0.0,0.0,0.0,0.0,0.0,0.0,,,0.0,0,0
2026-07-20 12:29:32.000000,Velachery_Junction,12.9791,80.2211,24,32,1791,1343,0.997463,False,2026-07-20 12:00:00,0.0,0.0,32.5,12.8,True,12,0,False,2.0,1.0,4.0,1.0,2.0,0.0,1.0,1.0,12.0,12.3,,,0.0,0,0
2026-07-20 12:29:32.000000,Tambaram,12.9249,80.1,22,29,1230,933,0.991485,False,2026-07-20 12:00:00,0.0,0.0,32.5,12.8,True,12,0,False,0.0,0.0,0.0,0.0,0.0,0.0,0.0,0.0,0.0,0.0,,,0.0,0,0
2026-07-20 12:29:32.000000,Anna_Nagar_Roundtana,13.085,80.2101,9,15,110,66,0.98,False,2026-07-20 12:00:00,0.0,0.0,32.5,12.8,True,12,0,False,2.0,0.0,5.0,0.0,2.0,1.0,0.0,2.0,12.0,12.0,,,0.0,0,0
2026-07-20 12:29:32.000000,Adyar_Signal,13.0064,80.257,17,25,677,460,0.953375,True,2026-07-20 12:00:00,0.0,0.0,32.5,12.8,True,12,0,False,0.0,0.0,0.0,0.0,0.0,0.0,0.0,0.0,0.0,0.0,,,0.0,0,0
2026-07-20 12:29:32.000000,Kathipara,13.0107,80.2016,19,28,234,158,0.978504,False,2026-07-20 12:00:00,0.0,0.0,32.5,12.8,True,12,0,False,0.0,0.0,0.0,0.0,0.0,0.0,0.0,0.0,0.0,0.0,,,0.0,0,0
2026-07-20 12:29:32.000000,Guindy,13.0067,80.2206,24,32,1791,1343,0.997463,False,2026-07-20 12:00:00,0.0,0.0,32.5,12.8,True,12,0,False,0.0,0.0,0.0,0.0,0.0,0.0,0.0,0.0,0.0,0.0,,,0.0,0,0
2026-07-20 12:29:32.000000,T_Nagar_Panagal,13.0418,80.2341,23,32,337,242,1.0,False,2026-07-20 12:00:00,0.0,0.0,32.5,12.8,True,12,0,False,0.0,0.0,0.0,0.0,0.0,0.0,0.0,0.0,0.0,0.0,,,0.0,0,0
2026-07-20 12:29:32.000000,Anna_Salai_Teynampet,13.0455,80.25,20,32,2103,1314,0.966082,True,2026-07-20 12:00:00,0.0,0.0,32.5,12.8,True,12,0,False,0.0,0.0,0.0,0.0,0.0,0.0,0.0,0.0,0.0,0.0,,,0.0,0,0
2026-07-20 12:29:32.000000,Ashok_Nagar,13.0385,80.2107,27,35,2654,2047,0.998717,False,2026-07-20 12:00:00,0.0,0.0,32.5,12.8,True,12,0,False,0.0,0.0,0.0,0.0,0.0,0.0,0.0,0.0,0.0,0.0,,,0.0,0,0
2026-07-20 12:29:32.000000,Central_Station,13.0827,80.2757,14,26,643,346,1.0,False,2026-07-20 12:00:00,0.0,0.0,32.5,12.8,True,12,0,False,0.0,0.0,1.0,3.0,0.0,1.0,0.0,0.0,5.0,13.0,,,0.0,0,0
2026-07-20 12:29:32.000000,Koyambedu,13.0694,80.1948,19,19,231,231,1.0,False,2026-07-20 12:00:00,0.0,0.0,32.5,12.8,True,12,0,False,0.0,0.0,0.0,0.0,0.0,0.0,0.0,0.0,0.0,0.0,,,0.0,0,0
2026-07-20 12:29:32.000000,Vadapalani,13.0503,80.2121,20,31,414,267,1.0,False,2026-07-20 12:00:00,0.0,0.0,32.5,12.8,True,12,0,False,4.0,0.0,2.0,0.0,1.0,1.0,0.0,0.0,8.0,8.5,,,0.0,0,0
2026-07-20 12:29:32.000000,Egmore,13.0732,80.2609,11,25,4,1,1.0,False,2026-07-20 12:00:00,0.0,0.0,32.5,12.8,True,12,0,False,0.0,0.0,0.0,0.0,0.0,1.0,0.0,5.0,6.0,3.0,,,0.0,0,0
2026-07-20 14:39:03.000000,Velachery_Junction,12.9791,80.2211,25,33,1719,1302,0.994543,False,2026-07-20 14:00:00,0.1,0.1,33.0,8.5,True,14,0,False,2.0,1.0,4.0,1.0,2.0,0.0,1.0,1.0,12.0,12.3,,,0.0,0,0
2026-07-20 14:39:03.000000,Kelambakkam_OMR,12.7925,80.2183,42,51,1625,1338,0.998081,False,2026-07-20 14:00:00,0.1,0.1,33.0,8.5,True,14,0,False,0.0,0.0,0.0,0.0,0.0,0.0,0.0,0.0,0.0,0.0,,,0.0,0,0
2026-07-20 14:39:03.000000,Chromepet,12.9516,80.1462,24,38,2974,1878,1.0,False,2026-07-20 14:00:00,0.1,0.1,33.0,8.5,True,14,0,False,0.0,0.0,0.0,0.0,0.0,0.0,0.0,0.0,0.0,0.0,,,0.0,0,0
2026-07-20 14:39:03.000000,Mylapore,13.0339,80.2698,15,18,503,419,0.773502,True,2026-07-20 14:00:00,0.1,0.1,33.0,8.5,True,14,0,False,0.0,0.0,0.0,0.0,0.0,0.0,0.0,0.0,0.0,0.0,,,0.0,0,0
2026-07-20 14:39:03.000000,Anna_Nagar_Roundtana,13.085,80.2101,10,15,99,66,0.99,False,2026-07-20 14:00:00,0.1,0.1,33.0,8.5,True,14,0,False,2.0,0.0,5.0,0.0,2.0,1.0,0.0,2.0,12.0,12.0,,,0.0,0,0
2026-07-20 14:39:03.000000,Porur,13.0381,80.1564,15,18,164,136,0.98,False,2026-07-20 14:00:00,0.1,0.1,33.0,8.5,True,14,0,False,4.0,1.0,0.0,2.0,0.0,2.0,0.0,2.0,11.0,14.8,,,0.0,0,0
2026-07-20 14:39:03.000000,Thoraipakkam_OMR,12.9407,80.235,16,20,654,523,0.927829,False,2026-07-20 14:00:00,0.1,0.1,33.0,8.5,True,14,0,False,0.0,0.0,0.0,0.0,0.0,0.0,0.0,0.0,0.0,0.0,,,0.0,0,0
2026-07-20 14:39:03.000000,Tambaram,12.9249,80.1,19,28,1424,966,0.988767,False,2026-07-20 14:00:00,0.1,0.1,33.0,8.5,True,14,0,False,0.0,0.0,0.0,0.0,0.0,0.0,0.0,0.0,0.0,0.0,,,0.0,0,0
2026-07-20 14:39:03.000000,Perambur,13.1141,80.2417,17,25,1523,1036,0.997658,False,2026-07-20 14:00:00,0.1,0.1,33.0,8.5,True,14,0,False,0.0,0.0,0.0,0.0,0.0,0.0,0.0,0.0,0.0,0.0,,,0.0,0,0
2026-07-20 14:39:03.000000,Perungudi_OMR,12.9634,80.2431,15,24,166,103,0.984583,False,2026-07-20 14:00:00,0.1,0.1,33.0,8.5,True,14,0,False,0.0,0.0,0.0,0.0,0.0,0.0,0.0,0.0,0.0,0.0,,,0.0,0,0
2026-07-20 14:39:03.000000,Adyar_Signal,13.0064,80.257,15,24,768,480,0.949928,True,2026-07-20 14:00:00,0.1,0.1,33.0,8.5,True,14,0,False,0.0,0.0,0.0,0.0,0.0,0.0,0.0,0.0,0.0,0.0,,,0.0,0,0
2026-07-20 14:39:03.000000,Vadapalani,13.0503,80.2121,18,29,460,285,1.0,False,2026-07-20 14:00:00,0.1,0.1,33.0,8.5,True,14,0,False,4.0,0.0,2.0,0.0,1.0,1.0,0.0,0.0,8.0,8.5,,,0.0,0,0
2026-07-20 14:39:03.000000,Ashok_Nagar,13.0385,80.2107,27,34,2654,2107,1.0,False,2026-07-20 14:00:00,0.1,0.1,33.0,8.5,True,14,0,False,0.0,0.0,0.0,0.0,0.0,0.0,0.0,0.0,0.0,0.0,,,0.0,0,0
2026-07-20 14:39:03.000000,Kathipara,13.0107,80.2016,22,28,202,158,0.99724,False,2026-07-20 14:00:00,0.1,0.1,33.0,8.5,True,14,0,False,0.0,0.0,0.0,0.0,0.0,0.0,0.0,0.0,0.0,0.0,,,0.0,0,0
2026-07-20 14:39:03.000000,Guindy,13.0067,80.2206,25,33,1719,1302,0.994543,False,2026-07-20 14:00:00,0.1,0.1,33.0,8.5,True,14,0,False,0.0,0.0,0.0,0.0,0.0,0.0,0.0,0.0,0.0,0.0,,,0.0,0,0
2026-07-20 14:39:03.000000,T_Nagar_Panagal,13.0418,80.2341,23,31,337,250,1.0,False,2026-07-20 14:00:00,0.1,0.1,33.0,8.5,True,14,0,False,0.0,0.0,0.0,0.0,0.0,0.0,0.0,0.0,0.0,0.0,,,0.0,0,0
2026-07-20 14:39:03.000000,Egmore,13.0732,80.2609,15,25,3,1,0.99,False,2026-07-20 14:00:00,0.1,0.1,33.0,8.5,True,14,0,False,0.0,0.0,0.0,0.0,0.0,1.0,0.0,5.0,6.0,3.0,,,0.0,0,0
2026-07-20 14:39:03.000000,Central_Station,13.0827,80.2757,11,26,819,346,0.997063,False,2026-07-20 14:00:00,0.1,0.1,33.0,8.5,True,14,0,False,0.0,0.0,1.0,3.0,0.0,1.0,0.0,0.0,5.0,13.0,,,0.0,0,0
2026-07-20 14:39:03.000000,Koyambedu,13.0694,80.1948,19,19,231,231,1.0,False,2026-07-20 14:00:00,0.1,0.1,33.0,8.5,True,14,0,False,0.0,0.0,0.0,0.0,0.0,0.0,0.0,0.0,0.0,0.0,,,0.0,0,0
2026-07-20 14:39:03.000000,Anna_Salai_Teynampet,13.0455,80.25,22,33,1912,1274,0.966082,True,2026-07-20 14:00:00,0.1,0.1,33.0,8.5,True,14,0,False,0.0,0.0,0.0,0.0,0.0,0.0,0.0,0.0,0.0,0.0,,,0.0,0,0
2026-07-20 16:12:57.000000,Kelambakkam_OMR,12.7925,80.2183,42,51,1625,1338,0.996124,False,2026-07-20 16:00:00,0.3,0.3,31.8,3.9,True,16,0,False,0.0,0.0,0.0,0.0,0.0,0.0,0.0,0.0,0.0,0.0,,,0.0,0,0
2026-07-20 16:12:57.000000,Perambur,13.1141,80.2417,16,24,1618,1079,0.983711,False,2026-07-20 16:00:00,0.3,0.3,31.8,3.9,True,16,0,False,0.0,0.0,0.0,0.0,0.0,0.0,0.0,0.0,0.0,0.0,,,0.0,0,0
2026-07-20 16:12:57.000000,Chromepet,12.9516,80.1462,31,38,2302,1878,1.0,False,2026-07-20 16:00:00,0.3,0.3,31.8,3.9,True,16,0,False,0.0,0.0,0.0,0.0,0.0,0.0,0.0,0.0,0.0,0.0,,,0.0,0,0
2026-07-20 16:12:57.000000,Mylapore,13.0339,80.2698,14,17,538,443,0.776189,True,2026-07-20 16:00:00,0.3,0.3,31.8,3.9,True,16,0,False,0.0,0.0,0.0,0.0,0.0,0.0,0.0,0.0,0.0,0.0,,,0.0,0,0
2026-07-20 16:12:57.000000,Velachery_Junction,12.9791,80.2211,27,33,1592,1302,0.995876,False,2026-07-20 16:00:00,0.3,0.3,31.8,3.9,True,16,0,False,2.0,1.0,4.0,1.0,2.0,0.0,1.0,1.0,12.0,12.3,,,0.0,0,0
2026-07-20 16:12:57.000000,Porur,13.0381,80.1564,19,19,129,129,1.0,False,2026-07-20 16:00:00,0.3,0.3,31.8,3.9,True,16,0,False,4.0,1.0,0.0,2.0,0.0,2.0,0.0,2.0,11.0,14.8,,,0.0,0,0
2026-07-20 16:12:57.000000,Thoraipakkam_OMR,12.9407,80.235,20,20,523,523,1.0,False,2026-07-20 16:00:00,0.3,0.3,31.8,3.9,True,16,0,False,0.0,0.0,0.0,0.0,0.0,0.0,0.0,0.0,0.0,0.0,,,0.0,0,0
2026-07-20 16:12:57.000000,Perungudi_OMR,12.9634,80.2431,24,24,103,103,1.0,False,2026-07-20 16:00:00,0.3,0.3,31.8,3.9,True,16,0,False,0.0,0.0,0.0,0.0,0.0,0.0,0.0,0.0,0.0,0.0,,,0.0,0,0
2026-07-20 16:12:57.000000,Anna_Nagar_Roundtana,13.085,80.2101,15,15,66,66,1.0,False,2026-07-20 16:00:00,0.3,0.3,31.8,3.9,True,16,0,False,2.0,0.0,5.0,0.0,2.0,1.0,0.0,2.0,12.0,12.0,,,0.0,0,0
2026-07-20 16:12:57.000000,Tambaram,12.9249,80.1,28,28,966,966,1.0,False,2026-07-20 16:00:00,0.3,0.3,31.8,3.9,True,16,0,False,0.0,0.0,0.0,0.0,0.0,0.0,0.0,0.0,0.0,0.0,,,0.0,0,0
2026-07-20 16:12:57.000000,Vadapalani,13.0503,80.2121,23,30,360,276,0.997389,False,2026-07-20 16:00:00,0.3,0.3,31.8,3.9,True,16,0,False,4.0,0.0,2.0,0.0,1.0,1.0,0.0,0.0,8.0,8.5,,,0.0,0,0
2026-07-20 16:12:57.000000,Guindy,13.0067,80.2206,27,33,1592,1302,0.995876,False,2026-07-20 16:00:00,0.3,0.3,31.8,3.9,True,16,0,False,0.0,0.0,0.0,0.0,0.0,0.0,0.0,0.0,0.0,0.0,,,0.0,0,0
2026-07-20 16:12:57.000000,Egmore,13.0732,80.2609,18,24,2,1,1.0,False,2026-07-20 16:00:00,0.3,0.3,31.8,3.9,True,16,0,False,0.0,0.0,0.0,0.0,0.0,1.0,0.0,5.0,6.0,3.0,,,0.0,0,0
2026-07-20 16:12:57.000000,Ashok_Nagar,13.0385,80.2107,26,34,2756,2107,0.997007,False,2026-07-20 16:00:00,0.3,0.3,31.8,3.9,True,16,0,False,0.0,0.0,0.0,0.0,0.0,0.0,0.0,0.0,0.0,0.0,,,0.0,0,0
2026-07-20 16:12:57.000000,Koyambedu,13.0694,80.1948,18,18,243,243,1.0,False,2026-07-20 16:00:00,0.3,0.3,31.8,3.9,True,16,0,False,0.0,0.0,0.0,0.0,0.0,0.0,0.0,0.0,0.0,0.0,,,0.0,0,0
2026-07-20 16:12:57.000000,Adyar_Signal,13.0064,80.257,15,24,768,480,0.949124,True,2026-07-20 16:00:00,0.3,0.3,31.8,3.9,True,16,0,False,0.0,0.0,0.0,0.0,0.0,0.0,0.0,0.0,0.0,0.0,,,0.0,0,0
2026-07-20 16:12:57.000000,Kathipara,13.0107,80.2016,28,28,158,158,1.0,False,2026-07-20 16:00:00,0.3,0.3,31.8,3.9,True,16,0,False,0.0,0.0,0.0,0.0,0.0,0.0,0.0,0.0,0.0,0.0,,,0.0,0,0
2026-07-20 16:12:57.000000,Anna_Salai_Teynampet,13.0455,80.25,24,32,1752,1314,0.963799,True,2026-07-20 16:00:00,0.3,0.3,31.8,3.9,True,16,0,False,0.0,0.0,0.0,0.0,0.0,0.0,0.0,0.0,0.0,0.0,,,0.0,0,0
2026-07-20 16:12:57.000000,T_Nagar_Panagal,13.0418,80.2341,32,32,242,242,1.0,False,2026-07-20 16:00:00,0.3,0.3,31.8,3.9,True,16,0,False,0.0,0.0,0.0,0.0,0.0,0.0,0.0,0.0,0.0,0.0,,,0.0,0,0
2026-07-20 16:12:57.000000,Central_Station,13.0827,80.2757,16,26,563,346,1.0,False,2026-07-20 16:00:00,0.3,0.3,31.8,3.9,True,16,0,False,0.0,0.0,1.0,3.0,0.0,1.0,0.0,0.0,5.0,13.0,,,0.0,0,0
2026-07-20 18:19:00.000000,Kelambakkam_OMR,12.7925,80.2183,51,51,1338,1338,1.0,False,2026-07-20 18:00:00,0.0,0.0,29.9,11.3,True,18,0,True,0.0,0.0,0.0,0.0,0.0,0.0,0.0,0.0,0.0,0.0,,,0.0,0,0
2026-07-20 18:19:00.000000,Thoraipakkam_OMR,12.9407,80.235,20,20,523,523,1.0,False,2026-07-20 18:00:00,0.0,0.0,29.9,11.3,True,18,0,True,0.0,0.0,0.0,0.0,0.0,0.0,0.0,0.0,0.0,0.0,,,0.0,0,0
2026-07-20 18:19:00.000000,Porur,13.0381,80.1564,19,19,129,129,1.0,False,2026-07-20 18:00:00,0.0,0.0,29.9,11.3,True,18,0,True,4.0,1.0,0.0,2.0,0.0,2.0,0.0,2.0,11.0,14.8,,,0.0,0,0
2026-07-20 18:19:00.000000,Anna_Nagar_Roundtana,13.085,80.2101,15,15,66,66,1.0,False,2026-07-20 18:00:00,0.0,0.0,29.9,11.3,True,18,0,True,2.0,0.0,5.0,0.0,2.0,1.0,0.0,2.0,12.0,12.0,,,0.0,0,0
2026-07-20 18:19:00.000000,Velachery_Junction,12.9791,80.2211,33,33,1302,1302,1.0,False,2026-07-20 18:00:00,0.0,0.0,29.9,11.3,True,18,0,True,2.0,1.0,4.0,1.0,2.0,0.0,1.0,1.0,12.0,12.3,,,0.0,0,0
2026-07-20 18:19:00.000000,Mylapore,13.0339,80.2698,17,17,443,443,0.597381,True,2026-07-20 18:00:00,0.0,0.0,29.9,11.3,True,18,0,True,0.0,0.0,0.0,0.0,0.0,0.0,0.0,0.0,0.0,0.0,,,0.0,0,0
2026-07-20 18:19:00.000000,Chromepet,12.9516,80.1462,38,38,1878,1878,1.0,False,2026-07-20 18:00:00,0.0,0.0,29.9,11.3,True,18,0,True,0.0,0.0,0.0,0.0,0.0,0.0,0.0,0.0,0.0,0.0,,,0.0,0,0
2026-07-20 18:19:00.000000,Tambaram,12.9249,80.1,28,28,966,966,1.0,False,2026-07-20 18:00:00,0.0,0.0,29.9,11.3,True,18,0,True,0.0,0.0,0.0,0.0,0.0,0.0,0.0,0.0,0.0,0.0,,,0.0,0,0
2026-07-20 18:19:00.000000,Perungudi_OMR,12.9634,80.2431,24,24,103,103,1.0,False,2026-07-20 18:00:00,0.0,0.0,29.9,11.3,True,18,0,True,0.0,0.0,0.0,0.0,0.0,0.0,0.0,0.0,0.0,0.0,,,0.0,0,0
2026-07-20 18:19:00.000000,Perambur,13.1141,80.2417,25,25,1036,1036,1.0,False,2026-07-20 18:00:00,0.0,0.0,29.9,11.3,True,18,0,True,0.0,0.0,0.0,0.0,0.0,0.0,0.0,0.0,0.0,0.0,,,0.0,0,0
2026-07-20 18:19:00.000000,Koyambedu,13.0694,80.1948,18,18,243,243,1.0,False,2026-07-20 18:00:00,0.0,0.0,29.9,11.3,True,18,0,True,0.0,0.0,0.0,0.0,0.0,0.0,0.0,0.0,0.0,0.0,,,0.0,0,0
2026-07-20 18:19:00.000000,Ashok_Nagar,13.0385,80.2107,34,34,2107,2107,1.0,False,2026-07-20 18:00:00,0.0,0.0,29.9,11.3,True,18,0,True,0.0,0.0,0.0,0.0,0.0,0.0,0.0,0.0,0.0,0.0,,,0.0,0,0
2026-07-20 18:19:00.000000,Kathipara,13.0107,80.2016,28,28,158,158,1.0,False,2026-07-20 18:00:00,0.0,0.0,29.9,11.3,True,18,0,True,0.0,0.0,0.0,0.0,0.0,0.0,0.0,0.0,0.0,0.0,,,0.0,0,0
2026-07-20 18:19:00.000000,Guindy,13.0067,80.2206,33,33,1302,1302,1.0,False,2026-07-20 18:00:00,0.0,0.0,29.9,11.3,True,18,0,True,0.0,0.0,0.0,0.0,0.0,0.0,0.0,0.0,0.0,0.0,,,0.0,0,0
2026-07-20 18:19:00.000000,T_Nagar_Panagal,13.0418,80.2341,32,32,242,242,1.0,False,2026-07-20 18:00:00,0.0,0.0,29.9,11.3,True,18,0,True,0.0,0.0,0.0,0.0,0.0,0.0,0.0,0.0,0.0,0.0,,,0.0,0,0
2026-07-20 18:19:00.000000,Adyar_Signal,13.0064,80.257,24,25,480,460,0.910102,True,2026-07-20 18:00:00,0.0,0.0,29.9,11.3,True,18,0,True,0.0,0.0,0.0,0.0,0.0,0.0,0.0,0.0,0.0,0.0,,,0.0,0,0
2026-07-20 18:19:00.000000,Egmore,13.0732,80.2609,25,25,1,1,1.0,False,2026-07-20 18:00:00,0.0,0.0,29.9,11.3,True,18,0,True,0.0,0.0,0.0,0.0,0.0,1.0,0.0,5.0,6.0,3.0,,,0.0,0,0
2026-07-20 18:19:00.000000,Central_Station,13.0827,80.2757,26,26,346,346,1.0,False,2026-07-20 18:00:00,0.0,0.0,29.9,11.3,True,18,0,True,0.0,0.0,1.0,3.0,0.0,1.0,0.0,0.0,5.0,13.0,,,0.0,0,0
2026-07-20 18:19:00.000000,Vadapalani,13.0503,80.2121,30,30,276,276,1.0,False,2026-07-20 18:00:00,0.0,0.0,29.9,11.3,True,18,0,True,4.0,0.0,2.0,0.0,1.0,1.0,0.0,0.0,8.0,8.5,,,0.0,0,0
2026-07-20 18:19:00.000000,Anna_Salai_Teynampet,13.0455,80.25,31,32,1357,1314,0.9655,True,2026-07-20 18:00:00,0.0,0.0,29.9,11.3,True,18,0,True,0.0,0.0,0.0,0.0,0.0,0.0,0.0,0.0,0.0,0.0,,,0.0,0,0
2026-07-20 20:03:10.000000,Velachery_Junction,12.9791,80.2211,33,33,1302,1302,1.0,False,2026-07-20 20:00:00,0.1,0.1,29.6,7.1,True,20,0,True,2.0,1.0,4.0,1.0,2.0,0.0,1.0,1.0,12.0,12.3,,,0.0,0,0
2026-07-20 20:03:10.000000,Kelambakkam_OMR,12.7925,80.2183,51,51,1338,1338,1.0,False,2026-07-20 20:00:00,0.1,0.1,29.6,7.1,True,20,0,True,0.0,0.0,0.0,0.0,0.0,0.0,0.0,0.0,0.0,0.0,,,0.0,0,0
2026-07-20 20:03:10.000000,Perungudi_OMR,12.9634,80.2431,24,24,103,103,1.0,False,2026-07-20 20:00:00,0.1,0.1,29.6,7.1,True,20,0,True,0.0,0.0,0.0,0.0,0.0,0.0,0.0,0.0,0.0,0.0,,,0.0,0,0
2026-07-20 20:03:10.000000,Thoraipakkam_OMR,12.9407,80.235,20,20,523,523,1.0,False,2026-07-20 20:00:00,0.1,0.1,29.6,7.1,True,20,0,True,0.0,0.0,0.0,0.0,0.0,0.0,0.0,0.0,0.0,0.0,,,0.0,0,0
2026-07-20 20:03:10.000000,Porur,13.0381,80.1564,19,19,129,129,1.0,False,2026-07-20 20:00:00,0.1,0.1,29.6,7.1,True,20,0,True,4.0,1.0,0.0,2.0,0.0,2.0,0.0,2.0,11.0,14.8,,,0.0,0,0
2026-07-20 20:03:10.000000,Tambaram,12.9249,80.1,28,28,966,966,1.0,False,2026-07-20 20:00:00,0.1,0.1,29.6,7.1,True,20,0,True,0.0,0.0,0.0,0.0,0.0,0.0,0.0,0.0,0.0,0.0,,,0.0,0,0
2026-07-20 20:03:10.000000,Perambur,13.1141,80.2417,25,25,1036,1036,1.0,False,2026-07-20 20:00:00,0.1,0.1,29.6,7.1,True,20,0,True,0.0,0.0,0.0,0.0,0.0,0.0,0.0,0.0,0.0,0.0,,,0.0,0,0
2026-07-20 20:03:10.000000,Mylapore,13.0339,80.2698,16,17,471,443,0.593701,True,2026-07-20 20:00:00,0.1,0.1,29.6,7.1,True,20,0,True,0.0,0.0,0.0,0.0,0.0,0.0,0.0,0.0,0.0,0.0,,,0.0,0,0
2026-07-20 20:03:10.000000,Chromepet,12.9516,80.1462,38,38,1878,1878,1.0,False,2026-07-20 20:00:00,0.1,0.1,29.6,7.1,True,20,0,True,0.0,0.0,0.0,0.0,0.0,0.0,0.0,0.0,0.0,0.0,,,0.0,0,0
2026-07-20 20:03:10.000000,Anna_Nagar_Roundtana,13.085,80.2101,15,15,66,66,1.0,False,2026-07-20 20:00:00,0.1,0.1,29.6,7.1,True,20,0,True,2.0,0.0,5.0,0.0,2.0,1.0,0.0,2.0,12.0,12.0,,,0.0,0,0
2026-07-20 20:03:10.000000,Anna_Salai_Teynampet,13.0455,80.25,32,32,1314,1314,0.957526,True,2026-07-20 20:00:00,0.1,0.1,29.6,7.1,True,20,0,True,0.0,0.0,0.0,0.0,0.0,0.0,0.0,0.0,0.0,0.0,,,0.0,0,0
2026-07-20 20:03:10.000000,Kathipara,13.0107,80.2016,28,28,158,158,1.0,False,2026-07-20 20:00:00,0.1,0.1,29.6,7.1,True,20,0,True,0.0,0.0,0.0,0.0,0.0,0.0,0.0,0.0,0.0,0.0,,,0.0,0,0
2026-07-20 20:03:10.000000,Guindy,13.0067,80.2206,33,33,1302,1302,1.0,False,2026-07-20 20:00:00,0.1,0.1,29.6,7.1,True,20,0,True,0.0,0.0,0.0,0.0,0.0,0.0,0.0,0.0,0.0,0.0,,,0.0,0,0
2026-07-20 20:03:10.000000,T_Nagar_Panagal,13.0418,80.2341,32,32,242,242,1.0,False,2026-07-20 20:00:00,0.1,0.1,29.6,7.1,True,20,0,True,0.0,0.0,0.0,0.0,0.0,0.0,0.0,0.0,0.0,0.0,,,0.0,0,0
2026-07-20 20:03:10.000000,Adyar_Signal,13.0064,80.257,25,25,460,460,0.791529,True,2026-07-20 20:00:00,0.1,0.1,29.6,7.1,True,20,0,True,0.0,0.0,0.0,0.0,0.0,0.0,0.0,0.0,0.0,0.0,,,0.0,0,0
2026-07-20 20:03:10.000000,Egmore,13.0732,80.2609,25,25,1,1,1.0,False,2026-07-20 20:00:00,0.1,0.1,29.6,7.1,True,20,0,True,0.0,0.0,0.0,0.0,0.0,1.0,0.0,5.0,6.0,3.0,,,0.0,0,0
2026-07-20 20:03:10.000000,Koyambedu,13.0694,80.1948,18,18,243,243,1.0,False,2026-07-20 20:00:00,0.1,0.1,29.6,7.1,True,20,0,True,0.0,0.0,0.0,0.0,0.0,0.0,0.0,0.0,0.0,0.0,,,0.0,0,0
2026-07-20 20:03:10.000000,Vadapalani,13.0503,80.2121,30,30,276,276,1.0,False,2026-07-20 20:00:00,0.1,0.1,29.6,7.1,True,20,0,True,4.0,0.0,2.0,0.0,1.0,1.0,0.0,0.0,8.0,8.5,,,0.0,0,0
2026-07-20 20:03:10.000000,Central_Station,13.0827,80.2757,26,26,346,346,1.0,False,2026-07-20 20:00:00,0.1,0.1,29.6,7.1,True,20,0,True,0.0,0.0,1.0,3.0,0.0,1.0,0.0,0.0,5.0,13.0,,,0.0,0,0
2026-07-20 20:03:10.000000,Ashok_Nagar,13.0385,80.2107,34,34,2107,2107,1.0,False,2026-07-20 20:00:00,0.1,0.1,29.6,7.1,True,20,0,True,0.0,0.0,0.0,0.0,0.0,0.0,0.0,0.0,0.0,0.0,,,0.0,0,0
2026-07-20 21:22:03.000000,Chromepet,12.9516,80.1462,38,38,1878,1878,1.0,False,2026-07-20 21:00:00,0.0,0.0,29.4,5.6,True,21,0,False,0.0,0.0,0.0,0.0,0.0,0.0,0.0,0.0,0.0,0.0,,,0.0,0,0
2026-07-20 21:22:03.000000,Mylapore,13.0339,80.2698,17,17,443,443,0.5,True,2026-07-20 21:00:00,0.0,0.0,29.4,5.6,True,21,0,False,0.0,0.0,0.0,0.0,0.0,0.0,0.0,0.0,0.0,0.0,,,0.0,0,0
2026-07-20 21:22:03.000000,Velachery_Junction,12.9791,80.2211,33,33,1302,1302,1.0,False,2026-07-20 21:00:00,0.0,0.0,29.4,5.6,True,21,0,False,2.0,1.0,4.0,1.0,2.0,0.0,1.0,1.0,12.0,12.3,,,0.0,0,0
2026-07-20 21:22:03.000000,Perungudi_OMR,12.9634,80.2431,24,24,103,103,1.0,False,2026-07-20 21:00:00,0.0,0.0,29.4,5.6,True,21,0,False,0.0,0.0,0.0,0.0,0.0,0.0,0.0,0.0,0.0,0.0,,,0.0,0,0
2026-07-20 21:22:03.000000,Porur,13.0381,80.1564,19,19,129,129,1.0,False,2026-07-20 21:00:00,0.0,0.0,29.4,5.6,True,21,0,False,4.0,1.0,0.0,2.0,0.0,2.0,0.0,2.0,11.0,14.8,,,0.0,0,0
2026-07-20 21:22:03.000000,Perambur,13.1141,80.2417,25,25,1036,1036,1.0,False,2026-07-20 21:00:00,0.0,0.0,29.4,5.6,True,21,0,False,0.0,0.0,0.0,0.0,0.0,0.0,0.0,0.0,0.0,0.0,,,0.0,0,0
2026-07-20 21:22:03.000000,Thoraipakkam_OMR,12.9407,80.235,20,20,523,523,1.0,False,2026-07-20 21:00:00,0.0,0.0,29.4,5.6,True,21,0,False,0.0,0.0,0.0,0.0,0.0,0.0,0.0,0.0,0.0,0.0,,,0.0,0,0
2026-07-20 21:22:03.000000,Anna_Nagar_Roundtana,13.085,80.2101,15,15,66,66,1.0,False,2026-07-20 21:00:00,0.0,0.0,29.4,5.6,True,21,0,False,2.0,0.0,5.0,0.0,2.0,1.0,0.0,2.0,12.0,12.0,,,0.0,0,0
2026-07-20 21:22:03.000000,Tambaram,12.9249,80.1,28,28,966,966,1.0,False,2026-07-20 21:00:00,0.0,0.0,29.4,5.6,True,21,0,False,0.0,0.0,0.0,0.0,0.0,0.0,0.0,0.0,0.0,0.0,,,0.0,0,0
2026-07-20 21:22:03.000000,Kelambakkam_OMR,12.7925,80.2183,51,51,1338,1338,1.0,False,2026-07-20 21:00:00,0.0,0.0,29.4,5.6,True,21,0,False,0.0,0.0,0.0,0.0,0.0,0.0,0.0,0.0,0.0,0.0,,,0.0,0,0
2026-07-20 21:22:03.000000,Kathipara,13.0107,80.2016,28,28,158,158,1.0,False,2026-07-20 21:00:00,0.0,0.0,29.4,5.6,True,21,0,False,0.0,0.0,0.0,0.0,0.0,0.0,0.0,0.0,0.0,0.0,,,0.0,0,0
2026-07-20 21:22:03.000000,Koyambedu,13.0694,80.1948,18,18,243,243,1.0,False,2026-07-20 21:00:00,0.0,0.0,29.4,5.6,True,21,0,False,0.0,0.0,0.0,0.0,0.0,0.0,0.0,0.0,0.0,0.0,,,0.0,0,0
2026-07-20 21:22:03.000000,Central_Station,13.0827,80.2757,26,26,346,346,1.0,False,2026-07-20 21:00:00,0.0,0.0,29.4,5.6,True,21,0,False,0.0,0.0,1.0,3.0,0.0,1.0,0.0,0.0,5.0,13.0,,,0.0,0,0
2026-07-20 21:22:03.000000,Egmore,13.0732,80.2609,25,25,1,1,1.0,False,2026-07-20 21:00:00,0.0,0.0,29.4,5.6,True,21,0,False,0.0,0.0,0.0,0.0,0.0,1.0,0.0,5.0,6.0,3.0,,,0.0,0,0
2026-07-20 21:22:03.000000,Ashok_Nagar,13.0385,80.2107,34,34,2107,2107,0.937819,True,2026-07-20 21:00:00,0.0,0.0,29.4,5.6,True,21,0,False,0.0,0.0,0.0,0.0,0.0,0.0,0.0,0.0,0.0,0.0,,,0.0,0,0
2026-07-20 21:22:03.000000,Vadapalani,13.0503,80.2121,30,30,276,276,1.0,False,2026-07-20 21:00:00,0.0,0.0,29.4,5.6,True,21,0,False,4.0,0.0,2.0,0.0,1.0,1.0,0.0,0.0,8.0,8.5,,,0.0,0,0
2026-07-20 21:22:03.000000,Guindy,13.0067,80.2206,33,33,1302,1302,1.0,False,2026-07-20 21:00:00,0.0,0.0,29.4,5.6,True,21,0,False,0.0,0.0,0.0,0.0,0.0,0.0,0.0,0.0,0.0,0.0,,,0.0,0,0
2026-07-20 21:22:03.000000,Adyar_Signal,13.0064,80.257,25,25,460,460,0.667951,True,2026-07-20 21:00:00,0.0,0.0,29.4,5.6,True,21,0,False,0.0,0.0,0.0,0.0,0.0,0.0,0.0,0.0,0.0,0.0,,,0.0,0,0
2026-07-20 21:22:03.000000,T_Nagar_Panagal,13.0418,80.2341,32,32,242,242,1.0,False,2026-07-20 21:00:00,0.0,0.0,29.4,5.6,True,21,0,False,0.0,0.0,0.0,0.0,0.0,0.0,0.0,0.0,0.0,0.0,,,0.0,0,0
2026-07-20 21:22:03.000000,Anna_Salai_Teynampet,13.0455,80.25,30,32,1402,1314,0.920834,True,2026-07-20 21:00:00,0.0,0.0,29.4,5.6,True,21,0,False,0.0,0.0,0.0,0.0,0.0,0.0,0.0,0.0,0.0,0.0,,,0.0,0,0
2026-07-20 22:28:59.000000,Tambaram,12.9249,80.1,28,28,966,966,1.0,False,2026-07-20 22:00:00,0.0,0.0,28.8,7.2,True,22,0,False,0.0,0.0,0.0,0.0,0.0,0.0,0.0,0.0,0.0,0.0,,,0.0,0,0
2026-07-20 22:28:59.000000,Kelambakkam_OMR,12.7925,80.2183,51,51,1338,1338,1.0,False,2026-07-20 22:00:00,0.0,0.0,28.8,7.2,True,22,0,False,0.0,0.0,0.0,0.0,0.0,0.0,0.0,0.0,0.0,0.0,,,0.0,0,0
2026-07-20 22:28:59.000000,Chromepet,12.9516,80.1462,38,38,1878,1878,1.0,False,2026-07-20 22:00:00,0.0,0.0,28.8,7.2,True,22,0,False,0.0,0.0,0.0,0.0,0.0,0.0,0.0,0.0,0.0,0.0,,,0.0,0,0
2026-07-20 22:28:59.000000,Mylapore,13.0339,80.2698,17,17,443,443,0.5,True,2026-07-20 22:00:00,0.0,0.0,28.8,7.2,True,22,0,False,0.0,0.0,0.0,0.0,0.0,0.0,0.0,0.0,0.0,0.0,,,0.0,0,0
2026-07-20 22:28:59.000000,Perungudi_OMR,12.9634,80.2431,24,24,103,103,1.0,False,2026-07-20 22:00:00,0.0,0.0,28.8,7.2,True,22,0,False,0.0,0.0,0.0,0.0,0.0,0.0,0.0,0.0,0.0,0.0,,,0.0,0,0
2026-07-20 22:28:59.000000,Anna_Nagar_Roundtana,13.085,80.2101,15,15,66,66,1.0,False,2026-07-20 22:00:00,0.0,0.0,28.8,7.2,True,22,0,False,2.0,0.0,5.0,0.0,2.0,1.0,0.0,2.0,12.0,12.0,,,0.0,0,0
2026-07-20 22:28:59.000000,Porur,13.0381,80.1564,19,19,129,129,1.0,False,2026-07-20 22:00:00,0.0,0.0,28.8,7.2,True,22,0,False,4.0,1.0,0.0,2.0,0.0,2.0,0.0,2.0,11.0,14.8,,,0.0,0,0
2026-07-20 22:28:59.000000,Velachery_Junction,12.9791,80.2211,33,33,1302,1302,1.0,False,2026-07-20 22:00:00,0.0,0.0,28.8,7.2,True,22,0,False,2.0,1.0,4.0,1.0,2.0,0.0,1.0,1.0,12.0,12.3,,,0.0,0,0
2026-07-20 22:28:59.000000,Perambur,13.1141,80.2417,25,25,1036,1036,1.0,False,2026-07-20 22:00:00,0.0,0.0,28.8,7.2,True,22,0,False,0.0,0.0,0.0,0.0,0.0,0.0,0.0,0.0,0.0,0.0,,,0.0,0,0
2026-07-20 22:28:59.000000,Thoraipakkam_OMR,12.9407,80.235,20,20,523,523,1.0,False,2026-07-20 22:00:00,0.0,0.0,28.8,7.2,True,22,0,False,0.0,0.0,0.0,0.0,0.0,0.0,0.0,0.0,0.0,0.0,,,0.0,0,0
2026-07-20 22:28:59.000000,Kathipara,13.0107,80.2016,28,28,158,158,1.0,False,2026-07-20 22:00:00,0.0,0.0,28.8,7.2,True,22,0,False,0.0,0.0,0.0,0.0,0.0,0.0,0.0,0.0,0.0,0.0,,,0.0,0,0
2026-07-20 22:28:59.000000,Vadapalani,13.0503,80.2121,30,30,276,276,1.0,False,2026-07-20 22:00:00,0.0,0.0,28.8,7.2,True,22,0,False,4.0,0.0,2.0,0.0,1.0,1.0,0.0,0.0,8.0,8.5,,,0.0,0,0
2026-07-20 22:28:59.000000,Guindy,13.0067,80.2206,33,33,1302,1302,1.0,False,2026-07-20 22:00:00,0.0,0.0,28.8,7.2,True,22,0,False,0.0,0.0,0.0,0.0,0.0,0.0,0.0,0.0,0.0,0.0,,,0.0,0,0
2026-07-20 22:28:59.000000,T_Nagar_Panagal,13.0418,80.2341,32,32,242,242,1.0,False,2026-07-20 22:00:00,0.0,0.0,28.8,7.2,True,22,0,False,0.0,0.0,0.0,0.0,0.0,0.0,0.0,0.0,0.0,0.0,,,0.0,0,0
2026-07-20 22:28:59.000000,Anna_Salai_Teynampet,13.0455,80.25,32,32,1314,1314,0.919878,True,2026-07-20 22:00:00,0.0,0.0,28.8,7.2,True,22,0,False,0.0,0.0,0.0,0.0,0.0,0.0,0.0,0.0,0.0,0.0,,,0.0,0,0
2026-07-20 22:28:59.000000,Adyar_Signal,13.0064,80.257,25,25,460,460,0.804947,True,2026-07-20 22:00:00,0.0,0.0,28.8,7.2,True,22,0,False,0.0,0.0,0.0,0.0,0.0,0.0,0.0,0.0,0.0,0.0,,,0.0,0,0
2026-07-20 22:28:59.000000,Central_Station,13.0827,80.2757,26,26,346,346,1.0,False,2026-07-20 22:00:00,0.0,0.0,28.8,7.2,True,22,0,False,0.0,0.0,1.0,3.0,0.0,1.0,0.0,0.0,5.0,13.0,,,0.0,0,0
2026-07-20 22:28:59.000000,Koyambedu,13.0694,80.1948,18,18,243,243,1.0,False,2026-07-20 22:00:00,0.0,0.0,28.8,7.2,True,22,0,False,0.0,0.0,0.0,0.0,0.0,0.0,0.0,0.0,0.0,0.0,,,0.0,0,0
2026-07-20 22:28:59.000000,Ashok_Nagar,13.0385,80.2107,34,34,2107,2107,0.912054,True,2026-07-20 22:00:00,0.0,0.0,28.8,7.2,True,22,0,False,0.0,0.0,0.0,0.0,0.0,0.0,0.0,0.0,0.0,0.0,,,0.0,0,0
2026-07-20 22:28:59.000000,Egmore,13.0732,80.2609,25,25,1,1,1.0,False,2026-07-20 22:00:00,0.0,0.0,28.8,7.2,True,22,0,False,0.0,0.0,0.0,0.0,0.0,1.0,0.0,5.0,6.0,3.0,,,0.0,0,0
2026-07-20 23:31:21.000000,Anna_Nagar_Roundtana,13.085,80.2101,15,15,66,66,1.0,False,2026-07-20 23:00:00,0.0,0.0,29.0,3.5,True,23,0,False,2.0,0.0,5.0,0.0,2.0,1.0,0.0,2.0,12.0,12.0,,,0.0,0,0
2026-07-20 23:31:21.000000,Chromepet,12.9516,80.1462,38,38,1878,1878,1.0,False,2026-07-20 23:00:00,0.0,0.0,29.0,3.5,True,23,0,False,0.0,0.0,0.0,0.0,0.0,0.0,0.0,0.0,0.0,0.0,,,0.0,0,0
2026-07-20 23:31:21.000000,Tambaram,12.9249,80.1,28,28,966,966,1.0,False,2026-07-20 23:00:00,0.0,0.0,29.0,3.5,True,23,0,False,0.0,0.0,0.0,0.0,0.0,0.0,0.0,0.0,0.0,0.0,,,0.0,0,0
2026-07-20 23:31:21.000000,Mylapore,13.0339,80.2698,17,17,443,443,0.529928,True,2026-07-20 23:00:00,0.0,0.0,29.0,3.5,True,23,0,False,0.0,0.0,0.0,0.0,0.0,0.0,0.0,0.0,0.0,0.0,,,0.0,0,0
2026-07-20 23:31:21.000000,Perambur,13.1141,80.2417,25,25,1036,1036,1.0,False,2026-07-20 23:00:00,0.0,0.0,29.0,3.5,True,23,0,False,0.0,0.0,0.0,0.0,0.0,0.0,0.0,0.0,0.0,0.0,,,0.0,0,0
2026-07-20 23:31:21.000000,Perungudi_OMR,12.9634,80.2431,24,24,103,103,1.0,False,2026-07-20 23:00:00,0.0,0.0,29.0,3.5,True,23,0,False,0.0,0.0,0.0,0.0,0.0,0.0,0.0,0.0,0.0,0.0,,,0.0,0,0
2026-07-20 23:31:21.000000,Porur,13.0381,80.1564,19,19,129,129,1.0,False,2026-07-20 23:00:00,0.0,0.0,29.0,3.5,True,23,0,False,4.0,1.0,0.0,2.0,0.0,2.0,0.0,2.0,11.0,14.8,,,0.0,0,0
2026-07-20 23:31:21.000000,Thoraipakkam_OMR,12.9407,80.235,20,20,523,523,1.0,False,2026-07-20 23:00:00,0.0,0.0,29.0,3.5,True,23,0,False,0.0,0.0,0.0,0.0,0.0,0.0,0.0,0.0,0.0,0.0,,,0.0,0,0
2026-07-20 23:31:21.000000,Velachery_Junction,12.9791,80.2211,33,33,1302,1302,1.0,False,2026-07-20 23:00:00,0.0,0.0,29.0,3.5,True,23,0,False,2.0,1.0,4.0,1.0,2.0,0.0,1.0,1.0,12.0,12.3,,,0.0,0,0
2026-07-20 23:31:21.000000,Kelambakkam_OMR,12.7925,80.2183,51,51,1338,1338,1.0,False,2026-07-20 23:00:00,0.0,0.0,29.0,3.5,True,23,0,False,0.0,0.0,0.0,0.0,0.0,0.0,0.0,0.0,0.0,0.0,,,0.0,0,0
2026-07-20 23:31:21.000000,Kathipara,13.0107,80.2016,28,28,158,158,1.0,False,2026-07-20 23:00:00,0.0,0.0,29.0,3.5,True,23,0,False,0.0,0.0,0.0,0.0,0.0,0.0,0.0,0.0,0.0,0.0,,,0.0,0,0
2026-07-20 23:31:21.000000,Vadapalani,13.0503,80.2121,30,30,276,276,1.0,False,2026-07-20 23:00:00,0.0,0.0,29.0,3.5,True,23,0,False,4.0,0.0,2.0,0.0,1.0,1.0,0.0,0.0,8.0,8.5,,,0.0,0,0
2026-07-20 23:31:21.000000,Central_Station,13.0827,80.2757,26,26,346,346,1.0,False,2026-07-20 23:00:00,0.0,0.0,29.0,3.5,True,23,0,False,0.0,0.0,1.0,3.0,0.0,1.0,0.0,0.0,5.0,13.0,,,0.0,0,0
2026-07-20 23:31:21.000000,Adyar_Signal,13.0064,80.257,25,25,460,460,0.906453,True,2026-07-20 23:00:00,0.0,0.0,29.0,3.5,True,23,0,False,0.0,0.0,0.0,0.0,0.0,0.0,0.0,0.0,0.0,0.0,,,0.0,0,0
2026-07-20 23:31:21.000000,Guindy,13.0067,80.2206,33,33,1302,1302,1.0,False,2026-07-20 23:00:00,0.0,0.0,29.0,3.5,True,23,0,False,0.0,0.0,0.0,0.0,0.0,0.0,0.0,0.0,0.0,0.0,,,0.0,0,0
2026-07-20 23:31:21.000000,Ashok_Nagar,13.0385,80.2107,34,34,2107,2107,0.952111,True,2026-07-20 23:00:00,0.0,0.0,29.0,3.5,True,23,0,False,0.0,0.0,0.0,0.0,0.0,0.0,0.0,0.0,0.0,0.0,,,0.0,0,0
2026-07-20 23:31:21.000000,Anna_Salai_Teynampet,13.0455,80.25,32,32,1314,1314,0.957606,True,2026-07-20 23:00:00,0.0,0.0,29.0,3.5,True,23,0,False,0.0,0.0,0.0,0.0,0.0,0.0,0.0,0.0,0.0,0.0,,,0.0,0,0
2026-07-20 23:31:21.000000,Egmore,13.0732,80.2609,25,25,1,1,1.0,False,2026-07-20 23:00:00,0.0,0.0,29.0,3.5,True,23,0,False,0.0,0.0,0.0,0.0,0.0,1.0,0.0,5.0,6.0,3.0,,,0.0,0,0
2026-07-20 23:31:21.000000,Koyambedu,13.0694,80.1948,13,18,337,243,0.745976,False,2026-07-20 23:00:00,0.0,0.0,29.0,3.5,True,23,0,False,0.0,0.0,0.0,0.0,0.0,0.0,0.0,0.0,0.0,0.0,,,0.0,0,0
2026-07-20 23:31:21.000000,T_Nagar_Panagal,13.0418,80.2341,32,32,242,242,1.0,False,2026-07-20 23:00:00,0.0,0.0,29.0,3.5,True,23,0,False,0.0,0.0,0.0,0.0,0.0,0.0,0.0,0.0,0.0,0.0,,,0.0,0,0
2026-07-21 04:29:14.000000,Thoraipakkam_OMR,12.9407,80.235,20,20,523,523,1.0,False,2026-07-21 04:00:00,0.0,0.0,27.3,3.5,True,4,1,False,0.0,0.0,0.0,0.0,0.0,0.0,0.0,0.0,0.0,0.0,,,0.0,0,0
2026-07-21 04:29:14.000000,Chromepet,12.9516,80.1462,30,38,2379,1878,0.999974,False,2026-07-21 04:00:00,0.0,0.0,27.3,3.5,True,4,1,False,0.0,0.0,0.0,0.0,0.0,0.0,0.0,0.0,0.0,0.0,,,0.0,0,0
2026-07-21 04:29:14.000000,Perambur,13.1141,80.2417,25,25,1036,1036,1.0,False,2026-07-21 04:00:00,0.0,0.0,27.3,3.5,True,4,1,False,0.0,0.0,0.0,0.0,0.0,0.0,0.0,0.0,0.0,0.0,,,0.0,0,0
2026-07-21 04:29:14.000000,Anna_Nagar_Roundtana,13.085,80.2101,12,15,83,66,0.99,False,2026-07-21 04:00:00,0.0,0.0,27.3,3.5,True,4,1,False,2.0,0.0,5.0,0.0,2.0,1.0,0.0,2.0,12.0,12.0,,,0.0,0,0
2026-07-21 04:29:14.000000,Tambaram,12.9249,80.1,28,28,966,966,1.0,False,2026-07-21 04:00:00,0.0,0.0,27.3,3.5,True,4,1,False,0.0,0.0,0.0,0.0,0.0,0.0,0.0,0.0,0.0,0.0,,,0.0,0,0
2026-07-21 04:29:14.000000,Perungudi_OMR,12.9634,80.2431,8,24,311,103,0.994944,False,2026-07-21 04:00:00,0.0,0.0,27.3,3.5,True,4,1,False,0.0,0.0,0.0,0.0,0.0,0.0,0.0,0.0,0.0,0.0,,,0.0,0,0
2026-07-21 04:29:14.000000,Mylapore,13.0339,80.2698,16,17,471,443,0.825676,True,2026-07-21 04:00:00,0.0,0.0,27.3,3.5,True,4,1,False,0.0,0.0,0.0,0.0,0.0,0.0,0.0,0.0,0.0,0.0,,,0.0,0,0
2026-07-21 04:29:14.000000,Kelambakkam_OMR,12.7925,80.2183,42,51,1625,1338,1.0,False,2026-07-21 04:00:00,0.0,0.0,27.3,3.5,True,4,1,False,0.0,0.0,0.0,0.0,0.0,0.0,0.0,0.0,0.0,0.0,,,0.0,0,0
2026-07-21 04:29:14.000000,Velachery_Junction,12.9791,80.2211,23,32,1869,1343,0.995997,False,2026-07-21 04:00:00,0.0,0.0,27.3,3.5,True,4,1,False,2.0,1.0,4.0,1.0,2.0,0.0,1.0,1.0,12.0,12.3,,,0.0,0,0
2026-07-21 04:29:14.000000,Porur,13.0381,80.1564,19,19,129,129,1.0,False,2026-07-21 04:00:00,0.0,0.0,27.3,3.5,True,4,1,False,4.0,1.0,0.0,2.0,0.0,2.0,0.0,2.0,11.0,14.8,,,0.0,0,0
2026-07-21 04:29:14.000000,Ashok_Nagar,13.0385,80.2107,34,34,2107,2107,1.0,False,2026-07-21 04:00:00,0.0,0.0,27.3,3.5,True,4,1,False,0.0,0.0,0.0,0.0,0.0,0.0,0.0,0.0,0.0,0.0,,,0.0,0,0
2026-07-21 04:29:14.000000,Adyar_Signal,13.0064,80.257,14,24,822,480,0.952484,True,2026-07-21 04:00:00,0.0,0.0,27.3,3.5,True,4,1,False,0.0,0.0,0.0,0.0,0.0,0.0,0.0,0.0,0.0,0.0,,,0.0,0,0
2026-07-21 04:29:14.000000,Kathipara,13.0107,80.2016,28,28,158,158,1.0,False,2026-07-21 04:00:00,0.0,0.0,27.3,3.5,True,4,1,False,0.0,0.0,0.0,0.0,0.0,0.0,0.0,0.0,0.0,0.0,,,0.0,0,0
2026-07-21 04:29:14.000000,Guindy,13.0067,80.2206,23,32,1869,1343,0.995997,False,2026-07-21 04:00:00,0.0,0.0,27.3,3.5,True,4,1,False,0.0,0.0,0.0,0.0,0.0,0.0,0.0,0.0,0.0,0.0,,,0.0,0,0
2026-07-21 04:29:14.000000,T_Nagar_Panagal,13.0418,80.2341,21,32,369,242,1.0,False,2026-07-21 04:00:00,0.0,0.0,27.3,3.5,True,4,1,False,0.0,0.0,0.0,0.0,0.0,0.0,0.0,0.0,0.0,0.0,,,0.0,0,0
2026-07-21 04:29:14.000000,Vadapalani,13.0503,80.2121,18,30,460,276,1.0,False,2026-07-21 04:00:00,0.0,0.0,27.3,3.5,True,4,1,False,4.0,0.0,2.0,0.0,1.0,1.0,0.0,0.0,8.0,8.5,,,0.0,0,0
2026-07-21 04:29:14.000000,Egmore,13.0732,80.2609,25,25,1,1,1.0,False,2026-07-21 04:00:00,0.0,0.0,27.3,3.5,True,4,1,False,0.0,0.0,0.0,0.0,0.0,1.0,0.0,5.0,6.0,3.0,,,0.0,0,0
2026-07-21 04:29:14.000000,Koyambedu,13.0694,80.1948,18,18,243,243,1.0,False,2026-07-21 04:00:00,0.0,0.0,27.3,3.5,True,4,1,False,0.0,0.0,0.0,0.0,0.0,0.0,0.0,0.0,0.0,0.0,,,0.0,0,0
2026-07-21 04:29:14.000000,Central_Station,13.0827,80.2757,26,26,346,346,1.0,False,2026-07-21 04:00:00,0.0,0.0,27.3,3.5,True,4,1,False,0.0,0.0,1.0,3.0,0.0,1.0,0.0,0.0,5.0,13.0,,,0.0,0,0
2026-07-21 04:29:14.000000,Anna_Salai_Teynampet,13.0455,80.25,23,32,1829,1314,0.96775,True,2026-07-21 04:00:00,0.0,0.0,27.3,3.5,True,4,1,False,0.0,0.0,0.0,0.0,0.0,0.0,0.0,0.0,0.0,0.0,,,0.0,0,0
2026-07-21 07:08:30.000000,Tambaram,12.9249,80.1,28,28,966,966,1.0,False,2026-07-21 07:00:00,0.0,0.0,28.7,6.8,True,7,1,False,0.0,0.0,0.0,0.0,0.0,0.0,0.0,0.0,0.0,0.0,,,0.0,0,0
2026-07-21 07:08:30.000000,Porur,13.0381,80.1564,15,19,164,129,0.95,False,2026-07-21 07:00:00,0.0,0.0,28.7,6.8,True,7,1,False,4.0,1.0,0.0,2.0,0.0,2.0,0.0,2.0,11.0,14.8,,,0.0,0,0
2026-07-21 07:08:30.000000,Velachery_Junction,12.9791,80.2211,26,32,1653,1343,0.999493,False,2026-07-21 07:00:00,0.0,0.0,28.7,6.8,True,7,1,False,2.0,1.0,4.0,1.0,2.0,0.0,1.0,1.0,12.0,12.3,,,0.0,0,0
2026-07-21 07:08:30.000000,Perambur,13.1141,80.2417,20,24,1295,1079,0.999711,False,2026-07-21 07:00:00,0.0,0.0,28.7,6.8,True,7,1,False,0.0,0.0,0.0,0.0,0.0,0.0,0.0,0.0,0.0,0.0,,,0.0,0,0
2026-07-21 07:08:30.000000,Egmore,13.0732,80.2609,25,25,1,1,1.0,False,2026-07-21 07:00:00,0.0,0.0,28.7,6.8,True,7,1,False,0.0,0.0,0.0,0.0,0.0,1.0,0.0,5.0,6.0,3.0,,,0.0,0,0
2026-07-21 07:08:30.000000,Mylapore,13.0339,80.2698,13,16,580,471,0.78484,True,2026-07-21 07:00:00,0.0,0.0,28.7,6.8,True,7,1,False,0.0,0.0,0.0,0.0,0.0,0.0,0.0,0.0,0.0,0.0,,,0.0,0,0
2026-07-21 07:08:30.000000,Thoraipakkam_OMR,12.9407,80.235,17,20,616,523,0.936526,False,2026-07-21 07:00:00,0.0,0.0,28.7,6.8,True,7,1,False,0.0,0.0,0.0,0.0,0.0,0.0,0.0,0.0,0.0,0.0,,,0.0,0,0
2026-07-21 07:08:30.000000,Perungudi_OMR,12.9634,80.2431,18,24,138,103,0.985264,False,2026-07-21 07:00:00,0.0,0.0,28.7,6.8,True,7,1,False,0.0,0.0,0.0,0.0,0.0,0.0,0.0,0.0,0.0,0.0,,,0.0,0,0
2026-07-21 07:08:30.000000,Adyar_Signal,13.0064,80.257,16,25,720,460,0.953375,True,2026-07-21 07:00:00,0.0,0.0,28.7,6.8,True,7,1,False,0.0,0.0,0.0,0.0,0.0,0.0,0.0,0.0,0.0,0.0,,,0.0,0,0
2026-07-21 07:08:30.000000,Anna_Nagar_Roundtana,13.085,80.2101,15,15,66,66,1.0,False,2026-07-21 07:00:00,0.0,0.0,28.7,6.8,True,7,1,False,2.0,0.0,5.0,0.0,2.0,1.0,0.0,2.0,12.0,12.0,,,0.0,0,0
2026-07-21 07:08:30.000000,Vadapalani,13.0503,80.2121,24,31,345,267,1.0,False,2026-07-21 07:00:00,0.0,0.0,28.7,6.8,True,7,1,False,4.0,0.0,2.0,0.0,1.0,1.0,0.0,0.0,8.0,8.5,,,0.0,0,0
2026-07-21 07:08:30.000000,Koyambedu,13.0694,80.1948,18,18,243,243,1.0,False,2026-07-21 07:00:00,0.0,0.0,28.7,6.8,True,7,1,False,0.0,0.0,0.0,0.0,0.0,0.0,0.0,0.0,0.0,0.0,,,0.0,0,0
2026-07-21 07:08:30.000000,Ashok_Nagar,13.0385,80.2107,34,34,2107,2107,1.0,False,2026-07-21 07:00:00,0.0,0.0,28.7,6.8,True,7,1,False,0.0,0.0,0.0,0.0,0.0,0.0,0.0,0.0,0.0,0.0,,,0.0,0,0
2026-07-21 07:08:30.000000,Chromepet,12.9516,80.1462,28,38,2549,1878,1.0,False,2026-07-21 07:00:00,0.0,0.0,28.7,6.8,True,7,1,False,0.0,0.0,0.0,0.0,0.0,0.0,0.0,0.0,0.0,0.0,,,0.0,0,0
2026-07-21 07:08:30.000000,Kathipara,13.0107,80.2016,28,28,158,158,1.0,False,2026-07-21 07:00:00,0.0,0.0,28.7,6.8,True,7,1,False,0.0,0.0,0.0,0.0,0.0,0.0,0.0,0.0,0.0,0.0,,,0.0,0,0
2026-07-21 07:08:30.000000,Kelambakkam_OMR,12.7925,80.2183,43,51,1587,1338,0.999981,False,2026-07-21 07:00:00,0.0,0.0,28.7,6.8,True,7,1,False,0.0,0.0,0.0,0.0,0.0,0.0,0.0,0.0,0.0,0.0,,,0.0,0,0
2026-07-21 07:08:30.000000,T_Nagar_Panagal,13.0418,80.2341,26,31,298,250,1.0,False,2026-07-21 07:00:00,0.0,0.0,28.7,6.8,True,7,1,False,0.0,0.0,0.0,0.0,0.0,0.0,0.0,0.0,0.0,0.0,,,0.0,0,0
2026-07-21 07:08:30.000000,Anna_Salai_Teynampet,13.0455,80.25,22,32,1912,1314,0.968595,True,2026-07-21 07:00:00,0.0,0.0,28.7,6.8,True,7,1,False,0.0,0.0,0.0,0.0,0.0,0.0,0.0,0.0,0.0,0.0,,,0.0,0,0
2026-07-21 07:08:30.000000,Central_Station,13.0827,80.2757,18,26,500,346,1.0,False,2026-07-21 07:00:00,0.0,0.0,28.7,6.8,True,7,1,False,0.0,0.0,1.0,3.0,0.0,1.0,0.0,0.0,5.0,13.0,,,0.0,0,0
2026-07-21 07:08:30.000000,Guindy,13.0067,80.2206,26,32,1653,1343,0.999493,False,2026-07-21 07:00:00,0.0,0.0,28.7,6.8,True,7,1,False,0.0,0.0,0.0,0.0,0.0,0.0,0.0,0.0,0.0,0.0,,,0.0,0,0
2026-07-22 23:05:13.040108,Adyar_Signal,13.0064,80.257,22,24,523,480,0.945679,True,2026-07-22 23:00:00,0.0,0.0,28.0,9.4,True,23,2,False,0.0,0.0,0.0,0.0,0.0,0.0,0.0,0.0,0.0,0.0,,,0.0,0,0
2026-07-22 23:05:13.040108,Kathipara,13.0107,80.2016,28,28,158,158,1.0,False,2026-07-22 23:00:00,0.0,0.0,28.0,9.4,True,23,2,False,0.0,0.0,0.0,0.0,0.0,0.0,0.0,0.0,0.0,0.0,,,0.0,0,0
2026-07-22 23:05:13.040108,Guindy,13.0067,80.2206,33,33,1302,1302,1.0,False,2026-07-22 23:00:00,0.0,0.0,28.0,9.4,True,23,2,False,0.0,0.0,0.0,0.0,0.0,0.0,0.0,0.0,0.0,0.0,,,0.0,0,0
2026-07-22 23:05:13.040108,T_Nagar_Panagal,13.0418,80.2341,32,32,242,242,1.0,False,2026-07-22 23:00:00,0.0,0.0,28.0,9.4,True,23,2,False,0.0,0.0,0.0,0.0,0.0,0.0,0.0,0.0,0.0,0.0,,,0.0,0,0
2026-07-22 23:05:13.040108,Anna_Salai_Teynampet,13.0455,80.25,30,32,1402,1314,0.964592,True,2026-07-22 23:00:00,0.0,0.0,28.0,9.4,True,23,2,False,0.0,0.0,0.0,0.0,0.0,0.0,0.0,0.0,0.0,0.0,,,0.0,0,0
2026-07-22 23:05:13.040108,Egmore,13.0732,80.2609,25,25,1,1,1.0,False,2026-07-22 23:00:00,0.0,0.0,28.0,9.4,True,23,2,False,0.0,0.0,0.0,0.0,0.0,1.0,0.0,5.0,6.0,3.0,,,0.0,0,0
2026-07-22 23:05:13.040108,Central_Station,13.0827,80.2757,26,26,346,346,1.0,False,2026-07-22 23:00:00,0.0,0.0,28.0,9.4,True,23,2,False,0.0,0.0,1.0,3.0,0.0,1.0,0.0,0.0,5.0,13.0,,,0.0,0,0
2026-07-22 23:05:13.040108,Koyambedu,13.0694,80.1948,18,18,243,243,1.0,False,2026-07-22 23:00:00,0.0,0.0,28.0,9.4,True,23,2,False,0.0,0.0,0.0,0.0,0.0,0.0,0.0,0.0,0.0,0.0,,,0.0,0,0
2026-07-22 23:05:13.040108,Vadapalani,13.0503,80.2121,30,30,276,276,1.0,False,2026-07-22 23:00:00,0.0,0.0,28.0,9.4,True,23,2,False,4.0,0.0,2.0,0.0,1.0,1.0,0.0,0.0,8.0,8.5,,,0.0,0,0
2026-07-22 23:05:13.040108,Ashok_Nagar,13.0385,80.2107,34,34,2107,2107,1.0,False,2026-07-22 23:00:00,0.0,0.0,28.0,9.4,True,23,2,False,0.0,0.0,0.0,0.0,0.0,0.0,0.0,0.0,0.0,0.0,,,0.0,0,0
2026-07-22 23:05:13.040108,Kelambakkam_OMR,12.7925,80.2183,51,51,1338,1338,1.0,False,2026-07-22 23:00:00,0.0,0.0,28.0,9.4,True,23,2,False,0.0,0.0,0.0,0.0,0.0,0.0,0.0,0.0,0.0,0.0,,,0.0,0,0
2026-07-22 23:05:13.040108,Perungudi_OMR,12.9634,80.2431,24,24,103,103,1.0,False,2026-07-22 23:00:00,0.0,0.0,28.0,9.4,True,23,2,False,0.0,0.0,0.0,0.0,0.0,0.0,0.0,0.0,0.0,0.0,,,0.0,0,0
2026-07-22 23:05:13.040108,Thoraipakkam_OMR,12.9407,80.235,17,20,616,523,0.706755,False,2026-07-22 23:00:00,0.0,0.0,28.0,9.4,True,23,2,False,0.0,0.0,0.0,0.0,0.0,0.0,0.0,0.0,0.0,0.0,,,0.0,0,0
2026-07-22 23:05:13.040108,Porur,13.0381,80.1564,19,19,129,129,1.0,False,2026-07-22 23:00:00,0.0,0.0,28.0,9.4,True,23,2,False,4.0,1.0,0.0,2.0,0.0,2.0,0.0,2.0,11.0,14.8,,,0.0,0,0
2026-07-22 23:05:13.040108,Anna_Nagar_Roundtana,13.085,80.2101,15,15,66,66,1.0,False,2026-07-22 23:00:00,0.0,0.0,28.0,9.4,True,23,2,False,2.0,0.0,5.0,0.0,2.0,1.0,0.0,2.0,12.0,12.0,,,0.0,0,0
2026-07-22 23:05:13.040108,Perambur,13.1141,80.2417,25,25,1036,1036,1.0,False,2026-07-22 23:00:00,0.0,0.0,28.0,9.4,True,23,2,False,0.0,0.0,0.0,0.0,0.0,0.0,0.0,0.0,0.0,0.0,,,0.0,0,0
2026-07-22 23:05:13.040108,Mylapore,13.0339,80.2698,14,17,538,443,0.707676,True,2026-07-22 23:00:00,0.0,0.0,28.0,9.4,True,23,2,False,0.0,0.0,0.0,0.0,0.0,0.0,0.0,0.0,0.0,0.0,,,0.0,0,0
2026-07-22 23:05:13.040108,Chromepet,12.9516,80.1462,38,38,1878,1878,1.0,False,2026-07-22 23:00:00,0.0,0.0,28.0,9.4,True,23,2,False,0.0,0.0,0.0,0.0,0.0,0.0,0.0,0.0,0.0,0.0,,,0.0,0,0
2026-07-22 23:05:13.040108,Velachery_Junction,12.9791,80.2211,33,33,1302,1302,1.0,False,2026-07-22 23:00:00,0.0,0.0,28.0,9.4,True,23,2,False,2.0,1.0,4.0,1.0,2.0,0.0,1.0,1.0,12.0,12.3,,,0.0,0,0
2026-07-22 23:05:13.040108,Tambaram,12.9249,80.1,28,28,966,966,1.0,False,2026-07-22 23:00:00,0.0,0.0,28.0,9.4,True,23,2,False,0.0,0.0,0.0,0.0,0.0,0.0,0.0,0.0,0.0,0.0,,,0.0,0,0
2026-07-22 23:10:26.209175,Vadapalani,13.0503,80.2121,30,30,276,276,1.0,False,2026-07-22 23:00:00,0.0,0.0,28.0,9.4,True,23,2,False,4.0,0.0,2.0,0.0,1.0,1.0,0.0,0.0,8.0,8.5,,,0.0,0,0
2026-07-22 23:10:26.209175,Koyambedu,13.0694,80.1948,18,18,243,243,1.0,False,2026-07-22 23:00:00,0.0,0.0,28.0,9.4,True,23,2,False,0.0,0.0,0.0,0.0,0.0,0.0,0.0,0.0,0.0,0.0,,,0.0,0,0
2026-07-22 23:10:26.209175,Central_Station,13.0827,80.2757,26,26,346,346,1.0,False,2026-07-22 23:00:00,0.0,0.0,28.0,9.4,True,23,2,False,0.0,0.0,1.0,3.0,0.0,1.0,0.0,0.0,5.0,13.0,,,0.0,0,0
2026-07-22 23:10:26.209175,Ashok_Nagar,13.0385,80.2107,34,34,2107,2107,1.0,False,2026-07-22 23:00:00,0.0,0.0,28.0,9.4,True,23,2,False,0.0,0.0,0.0,0.0,0.0,0.0,0.0,0.0,0.0,0.0,,,0.0,0,0
2026-07-22 23:10:26.209175,Anna_Salai_Teynampet,13.0455,80.25,31,32,1357,1314,0.966301,True,2026-07-22 23:00:00,0.0,0.0,28.0,9.4,True,23,2,False,0.0,0.0,0.0,0.0,0.0,0.0,0.0,0.0,0.0,0.0,,,0.0,0,0
2026-07-22 23:10:26.209175,Adyar_Signal,13.0064,80.257,24,24,480,480,0.945679,True,2026-07-22 23:00:00,0.0,0.0,28.0,9.4,True,23,2,False,0.0,0.0,0.0,0.0,0.0,0.0,0.0,0.0,0.0,0.0,,,0.0,0,0
2026-07-22 23:10:26.209175,Guindy,13.0067,80.2206,33,33,1302,1302,1.0,False,2026-07-22 23:00:00,0.0,0.0,28.0,9.4,True,23,2,False,0.0,0.0,0.0,0.0,0.0,0.0,0.0,0.0,0.0,0.0,,,0.0,0,0
2026-07-22 23:10:26.209175,Egmore,13.0732,80.2609,25,25,1,1,1.0,False,2026-07-22 23:00:00,0.0,0.0,28.0,9.4,True,23,2,False,0.0,0.0,0.0,0.0,0.0,1.0,0.0,5.0,6.0,3.0,,,0.0,0,0
2026-07-22 23:10:26.209175,T_Nagar_Panagal,13.0418,80.2341,32,32,242,242,1.0,False,2026-07-22 23:00:00,0.0,0.0,28.0,9.4,True,23,2,False,0.0,0.0,0.0,0.0,0.0,0.0,0.0,0.0,0.0,0.0,,,0.0,0,0
2026-07-22 23:10:26.209175,Thoraipakkam_OMR,12.9407,80.235,20,20,523,523,1.0,False,2026-07-22 23:00:00,0.0,0.0,28.0,9.4,True,23,2,False,0.0,0.0,0.0,0.0,0.0,0.0,0.0,0.0,0.0,0.0,,,0.0,0,0
2026-07-22 23:10:26.209175,Anna_Nagar_Roundtana,13.085,80.2101,15,15,66,66,1.0,False,2026-07-22 23:00:00,0.0,0.0,28.0,9.4,True,23,2,False,2.0,0.0,5.0,0.0,2.0,1.0,0.0,2.0,12.0,12.0,,,0.0,0,0
2026-07-22 23:10:26.209175,Kelambakkam_OMR,12.7925,80.2183,51,51,1338,1338,1.0,False,2026-07-22 23:00:00,0.0,0.0,28.0,9.4,True,23,2,False,0.0,0.0,0.0,0.0,0.0,0.0,0.0,0.0,0.0,0.0,,,0.0,0,0
2026-07-22 23:10:26.209175,Chromepet,12.9516,80.1462,38,38,1878,1878,1.0,False,2026-07-22 23:00:00,0.0,0.0,28.0,9.4,True,23,2,False,0.0,0.0,0.0,0.0,0.0,0.0,0.0,0.0,0.0,0.0,,,0.0,0,0
2026-07-22 23:10:26.209175,Mylapore,13.0339,80.2698,15,17,503,443,0.738985,True,2026-07-22 23:00:00,0.0,0.0,28.0,9.4,True,23,2,False,0.0,0.0,0.0,0.0,0.0,0.0,0.0,0.0,0.0,0.0,,,0.0,0,0
2026-07-22 23:10:26.209175,Tambaram,12.9249,80.1,28,28,966,966,1.0,False,2026-07-22 23:00:00,0.0,0.0,28.0,9.4,True,23,2,False,0.0,0.0,0.0,0.0,0.0,0.0,0.0,0.0,0.0,0.0,,,0.0,0,0
2026-07-22 23:10:26.209175,Porur,13.0381,80.1564,19,19,129,129,1.0,False,2026-07-22 23:00:00,0.0,0.0,28.0,9.4,True,23,2,False,4.0,1.0,0.0,2.0,0.0,2.0,0.0,2.0,11.0,14.8,,,0.0,0,0
2026-07-22 23:10:26.209175,Velachery_Junction,12.9791,80.2211,33,33,1302,1302,1.0,False,2026-07-22 23:00:00,0.0,0.0,28.0,9.4,True,23,2,False,2.0,1.0,4.0,1.0,2.0,0.0,1.0,1.0,12.0,12.3,,,0.0,0,0
2026-07-22 23:10:26.209175,Perungudi_OMR,12.9634,80.2431,24,24,103,103,1.0,False,2026-07-22 23:00:00,0.0,0.0,28.0,9.4,True,23,2,False,0.0,0.0,0.0,0.0,0.0,0.0,0.0,0.0,0.0,0.0,,,0.0,0,0
2026-07-23 09:55:26.035328,Koyambedu,13.0694,80.1948,13,18,337,243,0.919497,False,2026-07-23 09:00:00,0.0,0.0,31.7,8.9,True,9,3,True,0.0,0.0,0.0,0.0,0.0,0.0,0.0,0.0,0.0,0.0,,,0.0,0,0
2026-07-23 09:55:26.035328,Central_Station,13.0827,80.2757,26,26,346,346,1.0,False,2026-07-23 09:00:00,0.0,0.0,31.7,8.9,True,9,3,True,0.0,0.0,1.0,3.0,0.0,1.0,0.0,0.0,5.0,13.0,,,0.0,0,0
2026-07-23 09:55:26.035328,Egmore,13.0732,80.2609,25,25,1,1,1.0,False,2026-07-23 09:00:00,0.0,0.0,31.7,8.9,True,9,3,True,0.0,0.0,0.0,0.0,0.0,1.0,0.0,5.0,6.0,3.0,,,0.0,0,0
2026-07-23 09:55:26.035328,Adyar_Signal,13.0064,80.257,19,25,606,460,0.955941,True,2026-07-23 09:00:00,0.0,0.0,31.7,8.9,True,9,3,True,0.0,0.0,0.0,0.0,0.0,0.0,0.0,0.0,0.0,0.0,,,0.0,0,0
2026-07-23 09:55:26.035328,T_Nagar_Panagal,13.0418,80.2341,20,32,388,242,1.0,False,2026-07-23 09:00:00,0.0,0.0,31.7,8.9,True,9,3,True,0.0,0.0,0.0,0.0,0.0,0.0,0.0,0.0,0.0,0.0,,,0.0,0,0
2026-07-23 09:55:26.035328,Guindy,13.0067,80.2206,22,32,1954,1343,0.996737,False,2026-07-23 09:00:00,0.0,0.0,31.7,8.9,True,9,3,True,0.0,0.0,0.0,0.0,0.0,0.0,0.0,0.0,0.0,0.0,,,0.0,0,0
2026-07-23 09:55:26.035328,Vadapalani,13.0503,80.2121,23,31,360,267,1.0,False,2026-07-23 09:00:00,0.0,0.0,31.7,8.9,True,9,3,True,4.0,0.0,2.0,0.0,1.0,1.0,0.0,0.0,8.0,8.5,,,0.0,0,0
2026-07-23 09:55:26.035328,Anna_Salai_Teynampet,13.0455,80.25,23,32,1829,1314,0.96744,True,2026-07-23 09:00:00,0.0,0.0,31.7,8.9,True,9,3,True,0.0,0.0,0.0,0.0,0.0,0.0,0.0,0.0,0.0,0.0,,,0.0,0,0
2026-07-23 09:55:26.035328,Ashok_Nagar,13.0385,80.2107,31,35,2311,2047,0.99915,False,2026-07-23 09:00:00,0.0,0.0,31.7,8.9,True,9,3,True,0.0,0.0,0.0,0.0,0.0,0.0,0.0,0.0,0.0,0.0,,,0.0,0,0
2026-07-23 09:55:26.035328,Kathipara,13.0107,80.2016,28,28,158,158,1.0,False,2026-07-23 09:00:00,0.0,0.0,31.7,8.9,True,9,3,True,0.0,0.0,0.0,0.0,0.0,0.0,0.0,0.0,0.0,0.0,,,0.0,0,0
2026-07-23 09:55:26.035328,Thoraipakkam_OMR,12.9407,80.235,14,20,748,523,0.934636,False,2026-07-23 09:00:00,0.0,0.0,31.7,8.9,True,9,3,True,0.0,0.0,0.0,0.0,0.0,0.0,0.0,0.0,0.0,0.0,,,0.0,0,0
2026-07-23 09:55:26.035328,Tambaram,12.9249,80.1,28,28,966,966,1.0,False,2026-07-23 09:00:00,0.0,0.0,31.7,8.9,True,9,3,True,0.0,0.0,0.0,0.0,0.0,0.0,0.0,0.0,0.0,0.0,,,0.0,0,0
2026-07-23 09:55:26.035328,Perambur,13.1141,80.2417,20,25,1295,1036,1.0,False,2026-07-23 09:00:00,0.0,0.0,31.7,8.9,True,9,3,True,0.0,0.0,0.0,0.0,0.0,0.0,0.0,0.0,0.0,0.0,,,0.0,0,0
2026-07-23 09:55:26.035328,Perungudi_OMR,12.9634,80.2431,10,24,249,103,0.996981,False,2026-07-23 09:00:00,0.0,0.0,31.7,8.9,True,9,3,True,0.0,0.0,0.0,0.0,0.0,0.0,0.0,0.0,0.0,0.0,,,0.0,0,0
2026-07-23 09:55:26.035328,Chromepet,12.9516,80.1462,31,38,2302,1878,0.999942,False,2026-07-23 09:00:00,0.0,0.0,31.7,8.9,True,9,3,True,0.0,0.0,0.0,0.0,0.0,0.0,0.0,0.0,0.0,0.0,,,0.0,0,0
2026-07-23 09:55:26.035328,Mylapore,13.0339,80.2698,16,17,471,443,0.794091,True,2026-07-23 09:00:00,0.0,0.0,31.7,8.9,True,9,3,True,0.0,0.0,0.0,0.0,0.0,0.0,0.0,0.0,0.0,0.0,,,0.0,0,0
2026-07-23 09:55:26.035328,Kelambakkam_OMR,12.7925,80.2183,51,51,1338,1338,1.0,False,2026-07-23 09:00:00,0.0,0.0,31.7,8.9,True,9,3,True,0.0,0.0,0.0,0.0,0.0,0.0,0.0,0.0,0.0,0.0,,,0.0,0,0
2026-07-23 09:55:26.035328,Anna_Nagar_Roundtana,13.085,80.2101,12,15,83,66,0.99,False,2026-07-23 09:00:00,0.0,0.0,31.7,8.9,True,9,3,True,2.0,0.0,5.0,0.0,2.0,1.0,0.0,2.0,12.0,12.0,,,0.0,0,0
2026-07-23 09:55:26.035328,Porur,13.0381,80.1564,19,19,129,129,1.0,False,2026-07-23 09:00:00,0.0,0.0,31.7,8.9,True,9,3,True,4.0,1.0,0.0,2.0,0.0,2.0,0.0,2.0,11.0,14.8,,,0.0,0,0
2026-07-23 09:55:26.035328,Velachery_Junction,12.9791,80.2211,22,32,1954,1343,0.996737,False,2026-07-23 09:00:00,0.0,0.0,31.7,8.9,True,9,3,True,2.0,1.0,4.0,1.0,2.0,0.0,1.0,1.0,12.0,12.3,,,0.0,0,0
2026-07-23 10:35:26.220608,Vadapalani,13.0503,80.2121,22,31,376,267,1.0,False,2026-07-23 10:00:00,0.0,0.0,32.7,9.7,True,10,3,True,4.0,0.0,2.0,0.0,1.0,1.0,0.0,0.0,8.0,8.5,,,0.0,0,0
2026-07-23 10:35:26.220608,Koyambedu,13.0694,80.1948,18,18,243,243,1.0,False,2026-07-23 10:00:00,0.0,0.0,32.7,9.7,True,10,3,True,0.0,0.0,0.0,0.0,0.0,0.0,0.0,0.0,0.0,0.0,,,0.0,0,0
2026-07-23 10:35:26.220608,Central_Station,13.0827,80.2757,20,26,450,346,1.0,False,2026-07-23 10:00:00,0.0,0.0,32.7,9.7,True,10,3,True,0.0,0.0,1.0,3.0,0.0,1.0,0.0,0.0,5.0,13.0,,,0.0,0,0
2026-07-23 10:35:26.220608,Egmore,13.0732,80.2609,17,25,2,1,1.0,False,2026-07-23 10:00:00,0.0,0.0,32.7,9.7,True,10,3,True,0.0,0.0,0.0,0.0,0.0,1.0,0.0,5.0,6.0,3.0,,,0.0,0,0
2026-07-23 10:35:26.220608,Ashok_Nagar,13.0385,80.2107,34,34,2107,2107,1.0,False,2026-07-23 10:00:00,0.0,0.0,32.7,9.7,True,10,3,True,0.0,0.0,0.0,0.0,0.0,0.0,0.0,0.0,0.0,0.0,,,0.0,0,0
2026-07-23 10:35:26.220608,T_Nagar_Panagal,13.0418,80.2341,20,31,388,250,1.0,False,2026-07-23 10:00:00,0.0,0.0,32.7,9.7,True,10,3,True,0.0,0.0,0.0,0.0,0.0,0.0,0.0,0.0,0.0,0.0,,,0.0,0,0
2026-07-23 10:35:26.220608,Guindy,13.0067,80.2206,23,33,1869,1302,0.998706,False,2026-07-23 10:00:00,0.0,0.0,32.7,9.7,True,10,3,True,0.0,0.0,0.0,0.0,0.0,0.0,0.0,0.0,0.0,0.0,,,0.0,0,0
2026-07-23 10:35:26.220608,Adyar_Signal,13.0064,80.257,17,24,677,480,0.955941,True,2026-07-23 10:00:00,0.0,0.0,32.7,9.7,True,10,3,True,0.0,0.0,0.0,0.0,0.0,0.0,0.0,0.0,0.0,0.0,,,0.0,0,0
2026-07-23 10:35:26.220608,Anna_Salai_Teynampet,13.0455,80.25,22,32,1912,1314,0.968595,True,2026-07-23 10:00:00,0.0,0.0,32.7,9.7,True,10,3,True,0.0,0.0,0.0,0.0,0.0,0.0,0.0,0.0,0.0,0.0,,,0.0,0,0
2026-07-23 10:35:26.220608,Kathipara,13.0107,80.2016,22,28,202,158,0.99724,False,2026-07-23 10:00:00,0.0,0.0,32.7,9.7,True,10,3,True,0.0,0.0,0.0,0.0,0.0,0.0,0.0,0.0,0.0,0.0,,,0.0,0,0
2026-07-23 10:35:26.220608,Perungudi_OMR,12.9634,80.2431,12,23,207,108,1.0,False,2026-07-23 10:00:00,0.0,0.0,32.7,9.7,True,10,3,True,0.0,0.0,0.0,0.0,0.0,0.0,0.0,0.0,0.0,0.0,,,0.0,0,0
2026-07-23 10:35:26.220608,Perambur,13.1141,80.2417,25,25,1036,1036,1.0,False,2026-07-23 10:00:00,0.0,0.0,32.7,9.7,True,10,3,True,0.0,0.0,0.0,0.0,0.0,0.0,0.0,0.0,0.0,0.0,,,0.0,0,0
2026-07-23 10:35:26.220608,Kelambakkam_OMR,12.7925,80.2183,51,51,1338,1338,1.0,False,2026-07-23 10:00:00,0.0,0.0,32.7,9.7,True,10,3,True,0.0,0.0,0.0,0.0,0.0,0.0,0.0,0.0,0.0,0.0,,,0.0,0,0
2026-07-23 10:35:26.220608,Chromepet,12.9516,80.1462,30,38,2379,1878,0.99998,False,2026-07-23 10:00:00,0.0,0.0,32.7,9.7,True,10,3,True,0.0,0.0,0.0,0.0,0.0,0.0,0.0,0.0,0.0,0.0,,,0.0,0,0
2026-07-23 10:35:26.220608,Mylapore,13.0339,80.2698,14,17,538,443,0.817016,True,2026-07-23 10:00:00,0.0,0.0,32.7,9.7,True,10,3,True,0.0,0.0,0.0,0.0,0.0,0.0,0.0,0.0,0.0,0.0,,,0.0,0,0
2026-07-23 10:35:26.220608,Tambaram,12.9249,80.1,28,28,966,966,1.0,False,2026-07-23 10:00:00,0.0,0.0,32.7,9.7,True,10,3,True,0.0,0.0,0.0,0.0,0.0,0.0,0.0,0.0,0.0,0.0,,,0.0,0,0
2026-07-23 10:35:26.220608,Anna_Nagar_Roundtana,13.085,80.2101,15,15,66,66,1.0,False,2026-07-23 10:00:00,0.0,0.0,32.7,9.7,True,10,3,True,2.0,0.0,5.0,0.0,2.0,1.0,0.0,2.0,12.0,12.0,,,0.0,0,0
2026-07-23 10:35:26.220608,Porur,13.0381,80.1564,14,19,175,129,0.98,False,2026-07-23 10:00:00,0.0,0.0,32.7,9.7,True,10,3,True,4.0,1.0,0.0,2.0,0.0,2.0,0.0,2.0,11.0,14.8,,,0.0,0,0
2026-07-23 10:35:26.220608,Thoraipakkam_OMR,12.9407,80.235,20,20,523,523,1.0,False,2026-07-23 10:00:00,0.0,0.0,32.7,9.7,True,10,3,True,0.0,0.0,0.0,0.0,0.0,0.0,0.0,0.0,0.0,0.0,,,0.0,0,0
2026-07-23 10:35:26.220608,Velachery_Junction,12.9791,80.2211,23,33,1869,1302,0.998706,False,2026-07-23 10:00:00,0.0,0.0,32.7,9.7,True,10,3,True,2.0,1.0,4.0,1.0,2.0,0.0,1.0,1.0,12.0,12.3,,,0.0,0,0
2026-07-23 13:55:26.228627,Guindy,13.0067,80.2206,28,32,1535,1343,0.996941,False,2026-07-23 13:00:00,0.5,0.5,32.8,11.0,True,13,3,False,0.0,0.0,0.0,0.0,0.0,0.0,0.0,0.0,0.0,0.0,,,0.0,0,0
2026-07-23 13:55:26.228627,T_Nagar_Panagal,13.0418,80.2341,26,32,298,242,1.0,False,2026-07-23 13:00:00,0.5,0.5,32.8,11.0,True,13,3,False,0.0,0.0,0.0,0.0,0.0,0.0,0.0,0.0,0.0,0.0,,,0.0,0,0
2026-07-23 13:55:26.228627,Anna_Salai_Teynampet,13.0455,80.25,23,32,1829,1314,0.967433,True,2026-07-23 13:00:00,0.5,0.5,32.8,11.0,True,13,3,False,0.0,0.0,0.0,0.0,0.0,0.0,0.0,0.0,0.0,0.0,,,0.0,0,0
2026-07-23 13:55:26.228627,Adyar_Signal,13.0064,80.257,16,24,720,480,0.953375,True,2026-07-23 13:00:00,0.5,0.5,32.8,11.0,True,13,3,False,0.0,0.0,0.0,0.0,0.0,0.0,0.0,0.0,0.0,0.0,,,0.0,0,0
2026-07-23 13:55:26.228627,Egmore,13.0732,80.2609,17,25,2,1,1.0,False,2026-07-23 13:00:00,0.5,0.5,32.8,11.0,True,13,3,False,0.0,0.0,0.0,0.0,0.0,1.0,0.0,5.0,6.0,3.0,,,0.0,0,0
2026-07-23 13:55:26.228627,Koyambedu,13.0694,80.1948,18,18,243,243,1.0,False,2026-07-23 13:00:00,0.5,0.5,32.8,11.0,True,13,3,False,0.0,0.0,0.0,0.0,0.0,0.0,0.0,0.0,0.0,0.0,,,0.0,0,0
2026-07-23 13:55:26.228627,Vadapalani,13.0503,80.2121,21,28,394,295,1.0,False,2026-07-23 13:00:00,0.5,0.5,32.8,11.0,True,13,3,False,4.0,0.0,2.0,0.0,1.0,1.0,0.0,0.0,8.0,8.5,,,0.0,0,0
2026-07-23 13:55:26.228627,Ashok_Nagar,13.0385,80.2107,34,34,2107,2107,1.0,False,2026-07-23 13:00:00,0.5,0.5,32.8,11.0,True,13,3,False,0.0,0.0,0.0,0.0,0.0,0.0,0.0,0.0,0.0,0.0,,,0.0,0,0
2026-07-23 13:55:26.228627,Central_Station,13.0827,80.2757,17,26,529,346,1.0,False,2026-07-23 13:00:00,0.5,0.5,32.8,11.0,True,13,3,False,0.0,0.0,1.0,3.0,0.0,1.0,0.0,0.0,5.0,13.0,,,0.0,0,0
2026-07-23 13:55:26.228627,Kathipara,13.0107,80.2016,28,28,158,158,1.0,False,2026-07-23 13:00:00,0.5,0.5,32.8,11.0,True,13,3,False,0.0,0.0,0.0,0.0,0.0,0.0,0.0,0.0,0.0,0.0,,,0.0,0,0
2026-07-23 13:55:26.228627,Perungudi_OMR,12.9634,80.2431,18,24,138,103,0.963961,False,2026-07-23 13:00:00,0.5,0.5,32.8,11.0,True,13,3,False,0.0,0.0,0.0,0.0,0.0,0.0,0.0,0.0,0.0,0.0,,,0.0,0,0
2026-07-23 13:55:26.228627,Perambur,13.1141,80.2417,25,25,1036,1036,1.0,False,2026-07-23 13:00:00,0.5,0.5,32.8,11.0,True,13,3,False,0.0,0.0,0.0,0.0,0.0,0.0,0.0,0.0,0.0,0.0,,,0.0,0,0
2026-07-23 13:55:26.228627,Thoraipakkam_OMR,12.9407,80.235,20,20,523,523,1.0,False,2026-07-23 13:00:00,0.5,0.5,32.8,11.0,True,13,3,False,0.0,0.0,0.0,0.0,0.0,0.0,0.0,0.0,0.0,0.0,,,0.0,0,0
2026-07-23 13:55:26.228627,Porur,13.0381,80.1564,19,19,129,129,1.0,False,2026-07-23 13:00:00,0.5,0.5,32.8,11.0,True,13,3,False,4.0,1.0,0.0,2.0,0.0,2.0,0.0,2.0,11.0,14.8,,,0.0,0,0
2026-07-23 13:55:26.228627,Anna_Nagar_Roundtana,13.085,80.2101,10,15,99,66,0.99,False,2026-07-23 13:00:00,0.5,0.5,32.8,11.0,True,13,3,False,2.0,0.0,5.0,0.0,2.0,1.0,0.0,2.0,12.0,12.0,,,0.0,0,0
2026-07-23 13:55:26.228627,Velachery_Junction,12.9791,80.2211,28,32,1535,1343,0.996941,False,2026-07-23 13:00:00,0.5,0.5,32.8,11.0,True,13,3,False,2.0,1.0,4.0,1.0,2.0,0.0,1.0,1.0,12.0,12.3,,,0.0,0,0
2026-07-23 13:55:26.228627,Mylapore,13.0339,80.2698,14,17,538,443,0.783952,True,2026-07-23 13:00:00,0.5,0.5,32.8,11.0,True,13,3,False,0.0,0.0,0.0,0.0,0.0,0.0,0.0,0.0,0.0,0.0,,,0.0,0,0
2026-07-23 13:55:26.228627,Chromepet,12.9516,80.1462,31,38,2302,1878,1.0,False,2026-07-23 13:00:00,0.5,0.5,32.8,11.0,True,13,3,False,0.0,0.0,0.0,0.0,0.0,0.0,0.0,0.0,0.0,0.0,,,0.0,0,0
2026-07-23 13:55:26.228627,Tambaram,12.9249,80.1,28,28,966,966,1.0,False,2026-07-23 13:00:00,0.5,0.5,32.8,11.0,True,13,3,False,0.0,0.0,0.0,0.0,0.0,0.0,0.0,0.0,0.0,0.0,,,0.0,0,0
2026-07-23 13:55:26.228627,Kelambakkam_OMR,12.7925,80.2183,51,51,1338,1338,1.0,False,2026-07-23 13:00:00,0.5,0.5,32.8,11.0,True,13,3,False,0.0,0.0,0.0,0.0,0.0,0.0,0.0,0.0,0.0,0.0,,,0.0,0,0
2026-07-23 14:00:26.129768,Vadapalani,13.0503,80.2121,22,30,376,276,1.0,False,2026-07-23 14:00:00,0.2,0.2,32.0,13.2,True,14,3,False,4.0,0.0,2.0,0.0,1.0,1.0,0.0,0.0,8.0,8.5,,,0.0,0,0
2026-07-23 14:00:26.129768,Kathipara,13.0107,80.2016,28,28,158,158,1.0,False,2026-07-23 14:00:00,0.2,0.2,32.0,13.2,True,14,3,False,0.0,0.0,0.0,0.0,0.0,0.0,0.0,0.0,0.0,0.0,,,0.0,0,0
2026-07-23 14:00:26.129768,Guindy,13.0067,80.2206,33,33,1302,1302,1.0,False,2026-07-23 14:00:00,0.2,0.2,32.0,13.2,True,14,3,False,0.0,0.0,0.0,0.0,0.0,0.0,0.0,0.0,0.0,0.0,,,0.0,0,0
2026-07-23 14:00:26.129768,T_Nagar_Panagal,13.0418,80.2341,26,31,298,250,1.0,False,2026-07-23 14:00:00,0.2,0.2,32.0,13.2,True,14,3,False,0.0,0.0,0.0,0.0,0.0,0.0,0.0,0.0,0.0,0.0,,,0.0,0,0
2026-07-23 14:00:26.129768,Anna_Salai_Teynampet,13.0455,80.25,23,32,1829,1314,0.9663,True,2026-07-23 14:00:00,0.2,0.2,32.0,13.2,True,14,3,False,0.0,0.0,0.0,0.0,0.0,0.0,0.0,0.0,0.0,0.0,,,0.0,0,0
2026-07-23 14:00:26.129768,Egmore,13.0732,80.2609,10,24,4,1,1.0,False,2026-07-23 14:00:00,0.2,0.2,32.0,13.2,True,14,3,False,0.0,0.0,0.0,0.0,0.0,1.0,0.0,5.0,6.0,3.0,,,0.0,0,0
2026-07-23 14:00:26.129768,Central_Station,13.0827,80.2757,18,25,500,360,1.0,False,2026-07-23 14:00:00,0.2,0.2,32.0,13.2,True,14,3,False,0.0,0.0,1.0,3.0,0.0,1.0,0.0,0.0,5.0,13.0,,,0.0,0,0
2026-07-23 14:00:26.129768,Koyambedu,13.0694,80.1948,18,18,243,243,1.0,False,2026-07-23 14:00:00,0.2,0.2,32.0,13.2,True,14,3,False,0.0,0.0,0.0,0.0,0.0,0.0,0.0,0.0,0.0,0.0,,,0.0,0,0
2026-07-23 14:00:26.129768,Adyar_Signal,13.0064,80.257,18,25,640,460,0.953375,True,2026-07-23 14:00:00,0.2,0.2,32.0,13.2,True,14,3,False,0.0,0.0,0.0,0.0,0.0,0.0,0.0,0.0,0.0,0.0,,,0.0,0,0
2026-07-23 14:00:26.129768,Ashok_Nagar,13.0385,80.2107,34,34,2107,2107,1.0,False,2026-07-23 14:00:00,0.2,0.2,32.0,13.2,True,14,3,False,0.0,0.0,0.0,0.0,0.0,0.0,0.0,0.0,0.0,0.0,,,0.0,0,0
2026-07-23 14:00:26.129768,Kelambakkam_OMR,12.7925,80.2183,51,51,1338,1338,1.0,False,2026-07-23 14:00:00,0.2,0.2,32.0,13.2,True,14,3,False,0.0,0.0,0.0,0.0,0.0,0.0,0.0,0.0,0.0,0.0,,,0.0,0,0
2026-07-23 14:00:26.129768,Perungudi_OMR,12.9634,80.2431,18,25,138,99,0.970942,False,2026-07-23 14:00:00,0.2,0.2,32.0,13.2,True,14,3,False,0.0,0.0,0.0,0.0,0.0,0.0,0.0,0.0,0.0,0.0,,,0.0,0,0
2026-07-23 14:00:26.129768,Thoraipakkam_OMR,12.9407,80.235,20,20,523,523,1.0,False,2026-07-23 14:00:00,0.2,0.2,32.0,13.2,True,14,3,False,0.0,0.0,0.0,0.0,0.0,0.0,0.0,0.0,0.0,0.0,,,0.0,0,0
2026-07-23 14:00:26.129768,Porur,13.0381,80.1564,14,19,175,129,0.97,False,2026-07-23 14:00:00,0.2,0.2,32.0,13.2,True,14,3,False,4.0,1.0,0.0,2.0,0.0,2.0,0.0,2.0,11.0,14.8,,,0.0,0,0
2026-07-23 14:00:26.129768,Anna_Nagar_Roundtana,13.085,80.2101,7,14,142,71,1.0,False,2026-07-23 14:00:00,0.2,0.2,32.0,13.2,True,14,3,False,2.0,0.0,5.0,0.0,2.0,1.0,0.0,2.0,12.0,12.0,,,0.0,0,0
2026-07-23 14:00:26.129768,Perambur,13.1141,80.2417,25,25,1036,1036,1.0,False,2026-07-23 14:00:00,0.2,0.2,32.0,13.2,True,14,3,False,0.0,0.0,0.0,0.0,0.0,0.0,0.0,0.0,0.0,0.0,,,0.0,0,0
2026-07-23 14:00:26.129768,Mylapore,13.0339,80.2698,16,17,471,443,0.767759,True,2026-07-23 14:00:00,0.2,0.2,32.0,13.2,True,14,3,False,0.0,0.0,0.0,0.0,0.0,0.0,0.0,0.0,0.0,0.0,,,0.0,0,0
2026-07-23 14:00:26.129768,Chromepet,12.9516,80.1462,31,38,2302,1878,1.0,False,2026-07-23 14:00:00,0.2,0.2,32.0,13.2,True,14,3,False,0.0,0.0,0.0,0.0,0.0,0.0,0.0,0.0,0.0,0.0,,,0.0,0,0
2026-07-23 14:00:26.129768,Tambaram,12.9249,80.1,28,28,966,966,1.0,False,2026-07-23 14:00:00,0.2,0.2,32.0,13.2,True,14,3,False,0.0,0.0,0.0,0.0,0.0,0.0,0.0,0.0,0.0,0.0,,,0.0,0,0
2026-07-23 14:00:26.129768,Velachery_Junction,12.9791,80.2211,33,33,1302,1302,1.0,False,2026-07-23 14:00:00,0.2,0.2,32.0,13.2,True,14,3,False,2.0,1.0,4.0,1.0,2.0,0.0,1.0,1.0,12.0,12.3,,,0.0,0,0
2026-07-23 14:20:26.300558,Kathipara,13.0107,80.2016,28,28,158,158,1.0,False,2026-07-23 14:00:00,0.2,0.2,32.0,13.2,True,14,3,False,0.0,0.0,0.0,0.0,0.0,0.0,0.0,0.0,0.0,0.0,,,0.0,0,0
2026-07-23 14:20:26.300558,Guindy,13.0067,80.2206,28,33,1535,1302,0.998091,False,2026-07-23 14:00:00,0.2,0.2,32.0,13.2,True,14,3,False,0.0,0.0,0.0,0.0,0.0,0.0,0.0,0.0,0.0,0.0,,,0.0,0,0
2026-07-23 14:20:26.300558,T_Nagar_Panagal,13.0418,80.2341,24,31,323,250,1.0,False,2026-07-23 14:00:00,0.2,0.2,32.0,13.2,True,14,3,False,0.0,0.0,0.0,0.0,0.0,0.0,0.0,0.0,0.0,0.0,,,0.0,0,0
2026-07-23 14:20:26.300558,Adyar_Signal,13.0064,80.257,18,24,640,480,0.953375,True,2026-07-23 14:00:00,0.2,0.2,32.0,13.2,True,14,3,False,0.0,0.0,0.0,0.0,0.0,0.0,0.0,0.0,0.0,0.0,,,0.0,0,0
2026-07-23 14:20:26.300558,Ashok_Nagar,13.0385,80.2107,34,34,2107,2107,1.0,False,2026-07-23 14:00:00,0.2,0.2,32.0,13.2,True,14,3,False,0.0,0.0,0.0,0.0,0.0,0.0,0.0,0.0,0.0,0.0,,,0.0,0,0
2026-07-23 14:20:26.300558,Koyambedu,13.0694,80.1948,18,18,243,243,1.0,False,2026-07-23 14:00:00,0.2,0.2,32.0,13.2,True,14,3,False,0.0,0.0,0.0,0.0,0.0,0.0,0.0,0.0,0.0,0.0,,,0.0,0,0
2026-07-23 14:20:26.300558,Vadapalani,13.0503,80.2121,22,31,376,267,1.0,False,2026-07-23 14:00:00,0.2,0.2,32.0,13.2,True,14,3,False,4.0,0.0,2.0,0.0,1.0,1.0,0.0,0.0,8.0,8.5,,,0.0,0,0
2026-07-23 14:20:26.300558,Egmore,13.0732,80.2609,18,25,2,1,1.0,False,2026-07-23 14:00:00,0.2,0.2,32.0,13.2,True,14,3,False,0.0,0.0,0.0,0.0,0.0,1.0,0.0,5.0,6.0,3.0,,,0.0,0,0
2026-07-23 14:20:26.300558,Central_Station,13.0827,80.2757,15,25,600,360,1.0,False,2026-07-23 14:00:00,0.2,0.2,32.0,13.2,True,14,3,False,0.0,0.0,1.0,3.0,0.0,1.0,0.0,0.0,5.0,13.0,,,0.0,0,0
2026-07-23 14:20:26.300558,Anna_Salai_Teynampet,13.0455,80.25,23,32,1829,1314,0.967661,True,2026-07-23 14:00:00,0.2,0.2,32.0,13.2,True,14,3,False,0.0,0.0,0.0,0.0,0.0,0.0,0.0,0.0,0.0,0.0,,,0.0,0,0
2026-07-23 14:20:26.300558,Anna_Nagar_Roundtana,13.085,80.2101,9,14,110,71,0.99,False,2026-07-23 14:00:00,0.2,0.2,32.0,13.2,True,14,3,False,2.0,0.0,5.0,0.0,2.0,1.0,0.0,2.0,12.0,12.0,,,0.0,0,0
2026-07-23 14:20:26.300558,Perambur,13.1141,80.2417,25,25,1036,1036,1.0,False,2026-07-23 14:00:00,0.2,0.2,32.0,13.2,True,14,3,False,0.0,0.0,0.0,0.0,0.0,0.0,0.0,0.0,0.0,0.0,,,0.0,0,0
2026-07-23 14:20:26.300558,Perungudi_OMR,12.9634,80.2431,24,24,103,103,1.0,False,2026-07-23 14:00:00,0.2,0.2,32.0,13.2,True,14,3,False,0.0,0.0,0.0,0.0,0.0,0.0,0.0,0.0,0.0,0.0,,,0.0,0,0
2026-07-23 14:20:26.300558,Thoraipakkam_OMR,12.9407,80.235,17,20,616,523,0.823759,False,2026-07-23 14:00:00,0.2,0.2,32.0,13.2,True,14,3,False,0.0,0.0,0.0,0.0,0.0,0.0,0.0,0.0,0.0,0.0,,,0.0,0,0
2026-07-23 14:20:26.300558,Porur,13.0381,80.1564,19,19,129,129,1.0,False,2026-07-23 14:00:00,0.2,0.2,32.0,13.2,True,14,3,False,4.0,1.0,0.0,2.0,0.0,2.0,0.0,2.0,11.0,14.8,,,0.0,0,0
2026-07-23 14:20:26.300558,Velachery_Junction,12.9791,80.2211,28,33,1535,1302,0.998091,False,2026-07-23 14:00:00,0.2,0.2,32.0,13.2,True,14,3,False,2.0,1.0,4.0,1.0,2.0,0.0,1.0,1.0,12.0,12.3,,,0.0,0,0
2026-07-23 14:20:26.300558,Mylapore,13.0339,80.2698,13,17,580,443,0.767866,True,2026-07-23 14:00:00,0.2,0.2,32.0,13.2,True,14,3,False,0.0,0.0,0.0,0.0,0.0,0.0,0.0,0.0,0.0,0.0,,,0.0,0,0
2026-07-23 14:20:26.300558,Chromepet,12.9516,80.1462,38,38,1878,1878,1.0,False,2026-07-23 14:00:00,0.2,0.2,32.0,13.2,True,14,3,False,0.0,0.0,0.0,0.0,0.0,0.0,0.0,0.0,0.0,0.0,,,0.0,0,0
2026-07-23 14:20:26.300558,Kelambakkam_OMR,12.7925,80.2183,51,51,1338,1338,1.0,False,2026-07-23 14:00:00,0.2,0.2,32.0,13.2,True,14,3,False,0.0,0.0,0.0,0.0,0.0,0.0,0.0,0.0,0.0,0.0,,,0.0,0,0
2026-07-23 14:20:26.300558,Tambaram,12.9249,80.1,28,28,966,966,1.0,False,2026-07-23 14:00:00,0.2,0.2,32.0,13.2,True,14,3,False,0.0,0.0,0.0,0.0,0.0,0.0,0.0,0.0,0.0,0.0,,,0.0,0,0
2026-07-23 14:25:26.122981,Vadapalani,13.0503,80.2121,23,31,360,267,1.0,False,2026-07-23 14:00:00,0.2,0.2,32.0,13.2,True,14,3,False,4.0,0.0,2.0,0.0,1.0,1.0,0.0,0.0,8.0,8.5,,,0.0,0,0
2026-07-23 14:25:26.122981,Kathipara,13.0107,80.2016,28,28,158,158,1.0,False,2026-07-23 14:00:00,0.2,0.2,32.0,13.2,True,14,3,False,0.0,0.0,0.0,0.0,0.0,0.0,0.0,0.0,0.0,0.0,,,0.0,0,0
2026-07-23 14:25:26.122981,Guindy,13.0067,80.2206,28,33,1535,1302,0.998033,False,2026-07-23 14:00:00,0.2,0.2,32.0,13.2,True,14,3,False,0.0,0.0,0.0,0.0,0.0,0.0,0.0,0.0,0.0,0.0,,,0.0,0,0
2026-07-23 14:25:26.122981,T_Nagar_Panagal,13.0418,80.2341,25,32,310,242,1.0,False,2026-07-23 14:00:00,0.2,0.2,32.0,13.2,True,14,3,False,0.0,0.0,0.0,0.0,0.0,0.0,0.0,0.0,0.0,0.0,,,0.0,0,0
2026-07-23 14:25:26.122981,Anna_Salai_Teynampet,13.0455,80.25,23,33,1829,1274,0.968595,True,2026-07-23 14:00:00,0.2,0.2,32.0,13.2,True,14,3,False,0.0,0.0,0.0,0.0,0.0,0.0,0.0,0.0,0.0,0.0,,,0.0,0,0
2026-07-23 14:25:26.122981,Egmore,13.0732,80.2609,13,24,3,1,1.0,False,2026-07-23 14:00:00,0.2,0.2,32.0,13.2,True,14,3,False,0.0,0.0,0.0,0.0,0.0,1.0,0.0,5.0,6.0,3.0,,,0.0,0,0
2026-07-23 14:25:26.122981,Central_Station,13.0827,80.2757,17,25,529,360,1.0,False,2026-07-23 14:00:00,0.2,0.2,32.0,13.2,True,14,3,False,0.0,0.0,1.0,3.0,0.0,1.0,0.0,0.0,5.0,13.0,,,0.0,0,0
2026-07-23 14:25:26.122981,Koyambedu,13.0694,80.1948,18,18,243,243,1.0,False,2026-07-23 14:00:00,0.2,0.2,32.0,13.2,True,14,3,False,0.0,0.0,0.0,0.0,0.0,0.0,0.0,0.0,0.0,0.0,,,0.0,0,0
2026-07-23 14:25:26.122981,Ashok_Nagar,13.0385,80.2107,34,34,2107,2107,1.0,False,2026-07-23 14:00:00,0.2,0.2,32.0,13.2,True,14,3,False,0.0,0.0,0.0,0.0,0.0,0.0,0.0,0.0,0.0,0.0,,,0.0,0,0
2026-07-23 14:25:26.122981,Adyar_Signal,13.0064,80.257,17,25,677,460,0.953375,True,2026-07-23 14:00:00,0.2,0.2,32.0,13.2,True,14,3,False,0.0,0.0,0.0,0.0,0.0,0.0,0.0,0.0,0.0,0.0,,,0.0,0,0
2026-07-23 14:25:26.122981,Velachery_Junction,12.9791,80.2211,33,33,1302,1302,1.0,False,2026-07-23 14:00:00,0.2,0.2,32.0,13.2,True,14,3,False,2.0,1.0,4.0,1.0,2.0,0.0,1.0,1.0,12.0,12.3,,,0.0,0,0
2026-07-23 14:25:26.122981,Tambaram,12.9249,80.1,22,29,1230,933,0.972257,False,2026-07-23 14:00:00,0.2,0.2,32.0,13.2,True,14,3,False,0.0,0.0,0.0,0.0,0.0,0.0,0.0,0.0,0.0,0.0,,,0.0,0,0
2026-07-23 14:25:26.122981,Thoraipakkam_OMR,12.9407,80.235,17,20,616,523,0.836304,False,2026-07-23 14:00:00,0.2,0.2,32.0,13.2,True,14,3,False,0.0,0.0,0.0,0.0,0.0,0.0,0.0,0.0,0.0,0.0,,,0.0,0,0
2026-07-23 14:25:26.122981,Porur,13.0381,80.1564,19,19,129,129,1.0,False,2026-07-23 14:00:00,0.2,0.2,32.0,13.2,True,14,3,False,4.0,1.0,0.0,2.0,0.0,2.0,0.0,2.0,11.0,14.8,,,0.0,0,0
2026-07-23 14:25:26.122981,Anna_Nagar_Roundtana,13.085,80.2101,12,15,83,66,0.99,False,2026-07-23 14:00:00,0.2,0.2,32.0,13.2,True,14,3,False,2.0,0.0,5.0,0.0,2.0,1.0,0.0,2.0,12.0,12.0,,,0.0,0,0
2026-07-23 14:25:26.122981,Perambur,13.1141,80.2417,25,25,1036,1036,1.0,False,2026-07-23 14:00:00,0.2,0.2,32.0,13.2,True,14,3,False,0.0,0.0,0.0,0.0,0.0,0.0,0.0,0.0,0.0,0.0,,,0.0,0,0
2026-07-23 14:25:26.122981,Mylapore,13.0339,80.2698,14,17,538,443,0.791232,True,2026-07-23 14:00:00,0.2,0.2,32.0,13.2,True,14,3,False,0.0,0.0,0.0,0.0,0.0,0.0,0.0,0.0,0.0,0.0,,,0.0,0,0
2026-07-23 14:25:26.122981,Chromepet,12.9516,80.1462,38,38,1878,1878,1.0,False,2026-07-23 14:00:00,0.2,0.2,32.0,13.2,True,14,3,False,0.0,0.0,0.0,0.0,0.0,0.0,0.0,0.0,0.0,0.0,,,0.0,0,0
2026-07-23 14:25:26.122981,Kelambakkam_OMR,12.7925,80.2183,51,51,1338,1338,1.0,False,2026-07-23 14:00:00,0.2,0.2,32.0,13.2,True,14,3,False,0.0,0.0,0.0,0.0,0.0,0.0,0.0,0.0,0.0,0.0,,,0.0,0,0
2026-07-23 14:25:26.122981,Perungudi_OMR,12.9634,80.2431,19,23,131,108,0.97,False,2026-07-23 14:00:00,0.2,0.2,32.0,13.2,True,14,3,False,0.0,0.0,0.0,0.0,0.0,0.0,0.0,0.0,0.0,0.0,,,0.0,0,0
2026-07-23 14:30:26.209888,Vadapalani,13.0503,80.2121,22,31,376,267,1.0,False,2026-07-23 14:00:00,0.2,0.2,32.0,13.2,True,14,3,False,4.0,0.0,2.0,0.0,1.0,1.0,0.0,0.0,8.0,8.5,,,0.0,0,0
2026-07-23 14:30:26.209888,Koyambedu,13.0694,80.1948,18,18,243,243,1.0,False,2026-07-23 14:00:00,0.2,0.2,32.0,13.2,True,14,3,False,0.0,0.0,0.0,0.0,0.0,0.0,0.0,0.0,0.0,0.0,,,0.0,0,0
2026-07-23 14:30:26.209888,Central_Station,13.0827,80.2757,19,27,474,333,1.0,False,2026-07-23 14:00:00,0.2,0.2,32.0,13.2,True,14,3,False,0.0,0.0,1.0,3.0,0.0,1.0,0.0,0.0,5.0,13.0,,,0.0,0,0
2026-07-23 14:30:26.209888,Egmore,13.0732,80.2609,13,25,3,1,1.0,False,2026-07-23 14:00:00,0.2,0.2,32.0,13.2,True,14,3,False,0.0,0.0,0.0,0.0,0.0,1.0,0.0,5.0,6.0,3.0,,,0.0,0,0
2026-07-23 14:30:26.209888,Kathipara,13.0107,80.2016,28,28,158,158,1.0,False,2026-07-23 14:00:00,0.2,0.2,32.0,13.2,True,14,3,False,0.0,0.0,0.0,0.0,0.0,0.0,0.0,0.0,0.0,0.0,,,0.0,0,0
2026-07-23 14:30:26.209888,Guindy,13.0067,80.2206,27,33,1592,1302,0.99803,False,2026-07-23 14:00:00,0.2,0.2,32.0,13.2,True,14,3,False,0.0,0.0,0.0,0.0,0.0,0.0,0.0,0.0,0.0,0.0,,,0.0,0,0
2026-07-23 14:30:26.209888,Adyar_Signal,13.0064,80.257,18,24,640,480,0.953375,True,2026-07-23 14:00:00,0.2,0.2,32.0,13.2,True,14,3,False,0.0,0.0,0.0,0.0,0.0,0.0,0.0,0.0,0.0,0.0,,,0.0,0,0
2026-07-23 14:30:26.209888,Ashok_Nagar,13.0385,80.2107,34,34,2107,2107,1.0,False,2026-07-23 14:00:00,0.2,0.2,32.0,13.2,True,14,3,False,0.0,0.0,0.0,0.0,0.0,0.0,0.0,0.0,0.0,0.0,,,0.0,0,0
2026-07-23 14:30:26.209888,Anna_Salai_Teynampet,13.0455,80.25,23,32,1829,1314,0.968595,True,2026-07-23 14:00:00,0.2,0.2,32.0,13.2,True,14,3,False,0.0,0.0,0.0,0.0,0.0,0.0,0.0,0.0,0.0,0.0,,,0.0,0,0
2026-07-23 14:30:26.209888,T_Nagar_Panagal,13.0418,80.2341,25,31,310,250,1.0,False,2026-07-23 14:00:00,0.2,0.2,32.0,13.2,True,14,3,False,0.0,0.0,0.0,0.0,0.0,0.0,0.0,0.0,0.0,0.0,,,0.0,0,0
2026-07-23 14:30:26.209888,Porur,13.0381,80.1564,11,18,223,136,0.98,False,2026-07-23 14:00:00,0.2,0.2,32.0,13.2,True,14,3,False,4.0,1.0,0.0,2.0,0.0,2.0,0.0,2.0,11.0,14.8,,,0.0,0,0
2026-07-23 14:30:26.209888,Perambur,13.1141,80.2417,25,25,1036,1036,1.0,False,2026-07-23 14:00:00,0.2,0.2,32.0,13.2,True,14,3,False,0.0,0.0,0.0,0.0,0.0,0.0,0.0,0.0,0.0,0.0,,,0.0,0,0
2026-07-23 14:30:26.209888,Tambaram,12.9249,80.1,24,28,1127,966,0.96462,False,2026-07-23 14:00:00,0.2,0.2,32.0,13.2,True,14,3,False,0.0,0.0,0.0,0.0,0.0,0.0,0.0,0.0,0.0,0.0,,,0.0,0,0
2026-07-23 14:30:26.209888,Chromepet,12.9516,80.1462,32,38,2230,1878,1.0,False,2026-07-23 14:00:00,0.2,0.2,32.0,13.2,True,14,3,False,0.0,0.0,0.0,0.0,0.0,0.0,0.0,0.0,0.0,0.0,,,0.0,0,0
2026-07-23 14:30:26.209888,Mylapore,13.0339,80.2698,13,17,580,443,0.785674,True,2026-07-23 14:00:00,0.2,0.2,32.0,13.2,True,14,3,False,0.0,0.0,0.0,0.0,0.0,0.0,0.0,0.0,0.0,0.0,,,0.0,0,0
2026-07-23 14:30:26.209888,Kelambakkam_OMR,12.7925,80.2183,51,51,1338,1338,1.0,False,2026-07-23 14:00:00,0.2,0.2,32.0,13.2,True,14,3,False,0.0,0.0,0.0,0.0,0.0,0.0,0.0,0.0,0.0,0.0,,,0.0,0,0
2026-07-23 14:30:26.209888,Anna_Nagar_Roundtana,13.085,80.2101,15,15,66,66,1.0,False,2026-07-23 14:00:00,0.2,0.2,32.0,13.2,True,14,3,False,2.0,0.0,5.0,0.0,2.0,1.0,0.0,2.0,12.0,12.0,,,0.0,0,0
2026-07-23 14:30:26.209888,Thoraipakkam_OMR,12.9407,80.235,17,20,616,523,0.865496,False,2026-07-23 14:00:00,0.2,0.2,32.0,13.2,True,14,3,False,0.0,0.0,0.0,0.0,0.0,0.0,0.0,0.0,0.0,0.0,,,0.0,0,0
2026-07-23 14:30:26.209888,Velachery_Junction,12.9791,80.2211,27,33,1592,1302,0.99803,False,2026-07-23 14:00:00,0.2,0.2,32.0,13.2,True,14,3,False,2.0,1.0,4.0,1.0,2.0,0.0,1.0,1.0,12.0,12.3,,,0.0,0,0
2026-07-23 14:30:26.209888,Perungudi_OMR,12.9634,80.2431,18,24,138,103,0.970942,False,2026-07-23 14:00:00,0.2,0.2,32.0,13.2,True,14,3,False,0.0,0.0,0.0,0.0,0.0,0.0,0.0,0.0,0.0,0.0,,,0.0,0,0
2026-07-23 14:40:26.169538,Kathipara,13.0107,80.2016,28,28,158,158,1.0,False,2026-07-23 14:00:00,0.2,0.2,32.0,13.2,True,14,3,False,0.0,0.0,0.0,0.0,0.0,0.0,0.0,0.0,0.0,0.0,,,0.0,0,0
2026-07-23 14:40:26.169538,Guindy,13.0067,80.2206,28,32,1535,1343,0.998988,False,2026-07-23 14:00:00,0.2,0.2,32.0,13.2,True,14,3,False,0.0,0.0,0.0,0.0,0.0,0.0,0.0,0.0,0.0,0.0,,,0.0,0,0
2026-07-23 14:40:26.169538,Anna_Salai_Teynampet,13.0455,80.25,24,32,1752,1314,0.968595,True,2026-07-23 14:00:00,0.2,0.2,32.0,13.2,True,14,3,False,0.0,0.0,0.0,0.0,0.0,0.0,0.0,0.0,0.0,0.0,,,0.0,0,0
2026-07-23 14:40:26.169538,Adyar_Signal,13.0064,80.257,18,25,640,460,0.953375,True,2026-07-23 14:00:00,0.2,0.2,32.0,13.2,True,14,3,False,0.0,0.0,0.0,0.0,0.0,0.0,0.0,0.0,0.0,0.0,,,0.0,0,0
2026-07-23 14:40:26.169538,Vadapalani,13.0503,80.2121,23,29,360,285,1.0,False,2026-07-23 14:00:00,0.2,0.2,32.0,13.2,True,14,3,False,4.0,0.0,2.0,0.0,1.0,1.0,0.0,0.0,8.0,8.5,,,0.0,0,0
2026-07-23 14:40:26.169538,Koyambedu,13.0694,80.1948,18,18,243,243,1.0,False,2026-07-23 14:00:00,0.2,0.2,32.0,13.2,True,14,3,False,0.0,0.0,0.0,0.0,0.0,0.0,0.0,0.0,0.0,0.0,,,0.0,0,0
2026-07-23 14:40:26.169538,Egmore,13.0732,80.2609,18,24,2,1,1.0,False,2026-07-23 14:00:00,0.2,0.2,32.0,13.2,True,14,3,False,0.0,0.0,0.0,0.0,0.0,1.0,0.0,5.0,6.0,3.0,,,0.0,0,0
2026-07-23 14:40:26.169538,Ashok_Nagar,13.0385,80.2107,34,34,2107,2107,1.0,False,2026-07-23 14:00:00,0.2,0.2,32.0,13.2,True,14,3,False,0.0,0.0,0.0,0.0,0.0,0.0,0.0,0.0,0.0,0.0,,,0.0,0,0
2026-07-23 14:40:26.169538,Central_Station,13.0827,80.2757,14,26,643,346,1.0,False,2026-07-23 14:00:00,0.2,0.2,32.0,13.2,True,14,3,False,0.0,0.0,1.0,3.0,0.0,1.0,0.0,0.0,5.0,13.0,,,0.0,0,0
2026-07-23 14:40:26.169538,T_Nagar_Panagal,13.0418,80.2341,25,32,310,242,1.0,False,2026-07-23 14:00:00,0.2,0.2,32.0,13.2,True,14,3,False,0.0,0.0,0.0,0.0,0.0,0.0,0.0,0.0,0.0,0.0,,,0.0,0,0
2026-07-23 14:40:26.169538,Porur,13.0381,80.1564,19,19,129,129,1.0,False,2026-07-23 14:00:00,0.2,0.2,32.0,13.2,True,14,3,False,4.0,1.0,0.0,2.0,0.0,2.0,0.0,2.0,11.0,14.8,,,0.0,0,0
2026-07-23 14:40:26.169538,Perambur,13.1141,80.2417,25,25,1036,1036,1.0,False,2026-07-23 14:00:00,0.2,0.2,32.0,13.2,True,14,3,False,0.0,0.0,0.0,0.0,0.0,0.0,0.0,0.0,0.0,0.0,,,0.0,0,0
2026-07-23 14:40:26.169538,Perungudi_OMR,12.9634,80.2431,14,24,177,103,0.980942,False,2026-07-23 14:00:00,0.2,0.2,32.0,13.2,True,14,3,False,0.0,0.0,0.0,0.0,0.0,0.0,0.0,0.0,0.0,0.0,,,0.0,0,0
2026-07-23 14:40:26.169538,Thoraipakkam_OMR,12.9407,80.235,17,20,616,523,0.89911,False,2026-07-23 14:00:00,0.2,0.2,32.0,13.2,True,14,3,False,0.0,0.0,0.0,0.0,0.0,0.0,0.0,0.0,0.0,0.0,,,0.0,0,0
2026-07-23 14:40:26.169538,Anna_Nagar_Roundtana,13.085,80.2101,11,15,90,66,0.97,False,2026-07-23 14:00:00,0.2,0.2,32.0,13.2,True,14,3,False,2.0,0.0,5.0,0.0,2.0,1.0,0.0,2.0,12.0,12.0,,,0.0,0,0
2026-07-23 14:40:26.169538,Velachery_Junction,12.9791,80.2211,29,33,1482,1302,0.998884,False,2026-07-23 14:00:00,0.2,0.2,32.0,13.2,True,14,3,False,2.0,1.0,4.0,1.0,2.0,0.0,1.0,1.0,12.0,12.3,,,0.0,0,0
2026-07-23 14:40:26.169538,Mylapore,13.0339,80.2698,14,16,538,471,0.814148,True,2026-07-23 14:00:00,0.2,0.2,32.0,13.2,True,14,3,False,0.0,0.0,0.0,0.0,0.0,0.0,0.0,0.0,0.0,0.0,,,0.0,0,0
2026-07-23 14:40:26.169538,Kelambakkam_OMR,12.7925,80.2183,51,51,1338,1338,1.0,False,2026-07-23 14:00:00,0.2,0.2,32.0,13.2,True,14,3,False,0.0,0.0,0.0,0.0,0.0,0.0,0.0,0.0,0.0,0.0,,,0.0,0,0
2026-07-23 14:40:26.169538,Tambaram,12.9249,80.1,28,28,966,966,1.0,False,2026-07-23 14:00:00,0.2,0.2,32.0,13.2,True,14,3,False,0.0,0.0,0.0,0.0,0.0,0.0,0.0,0.0,0.0,0.0,,,0.0,0,0
2026-07-23 14:40:26.169538,Chromepet,12.9516,80.1462,33,38,2163,1878,1.0,False,2026-07-23 14:00:00,0.2,0.2,32.0,13.2,True,14,3,False,0.0,0.0,0.0,0.0,0.0,0.0,0.0,0.0,0.0,0.0,,,0.0,0,0
2026-07-23 15:00:26.026537,Ashok_Nagar,13.0385,80.2107,34,34,2107,2107,1.0,False,2026-07-23 15:00:00,0.2,0.2,31.5,17.0,True,15,3,False,0.0,0.0,0.0,0.0,0.0,0.0,0.0,0.0,0.0,0.0,,,0.0,0,0
2026-07-23 15:00:26.026537,Adyar_Signal,13.0064,80.257,15,25,768,460,0.952484,True,2026-07-23 15:00:00,0.2,0.2,31.5,17.0,True,15,3,False,0.0,0.0,0.0,0.0,0.0,0.0,0.0,0.0,0.0,0.0,,,0.0,0,0
2026-07-23 15:00:26.026537,Guindy,13.0067,80.2206,28,32,1535,1343,0.997006,False,2026-07-23 15:00:00,0.2,0.2,31.5,17.0,True,15,3,False,0.0,0.0,0.0,0.0,0.0,0.0,0.0,0.0,0.0,0.0,,,0.0,0,0
2026-07-23 15:00:26.026537,T_Nagar_Panagal,13.0418,80.2341,22,31,353,250,1.0,False,2026-07-23 15:00:00,0.2,0.2,31.5,17.0,True,15,3,False,0.0,0.0,0.0,0.0,0.0,0.0,0.0,0.0,0.0,0.0,,,0.0,0,0
2026-07-23 15:00:26.026537,Anna_Salai_Teynampet,13.0455,80.25,23,32,1829,1314,0.968595,True,2026-07-23 15:00:00,0.2,0.2,31.5,17.0,True,15,3,False,0.0,0.0,0.0,0.0,0.0,0.0,0.0,0.0,0.0,0.0,,,0.0,0,0
2026-07-23 15:00:26.026537,Egmore,13.0732,80.2609,9,23,5,2,1.0,False,2026-07-23 15:00:00,0.2,0.2,31.5,17.0,True,15,3,False,0.0,0.0,0.0,0.0,0.0,1.0,0.0,5.0,6.0,3.0,,,0.0,0,0
2026-07-23 15:00:26.026537,Central_Station,13.0827,80.2757,16,26,563,346,1.0,False,2026-07-23 15:00:00,0.2,0.2,31.5,17.0,True,15,3,False,0.0,0.0,1.0,3.0,0.0,1.0,0.0,0.0,5.0,13.0,,,0.0,0,0
2026-07-23 15:00:26.026537,Koyambedu,13.0694,80.1948,18,18,243,243,1.0,False,2026-07-23 15:00:00,0.2,0.2,31.5,17.0,True,15,3,False,0.0,0.0,0.0,0.0,0.0,0.0,0.0,0.0,0.0,0.0,,,0.0,0,0
2026-07-23 15:00:26.026537,Vadapalani,13.0503,80.2121,19,30,435,276,1.0,False,2026-07-23 15:00:00,0.2,0.2,31.5,17.0,True,15,3,False,4.0,0.0,2.0,0.0,1.0,1.0,0.0,0.0,8.0,8.5,,,0.0,0,0
2026-07-23 15:00:26.026537,Kathipara,13.0107,80.2016,28,28,158,158,1.0,False,2026-07-23 15:00:00,0.2,0.2,31.5,17.0,True,15,3,False,0.0,0.0,0.0,0.0,0.0,0.0,0.0,0.0,0.0,0.0,,,0.0,0,0
2026-07-23 15:00:26.026537,Chromepet,12.9516,80.1462,31,38,2302,1878,1.0,False,2026-07-23 15:00:00,0.2,0.2,31.5,17.0,True,15,3,False,0.0,0.0,0.0,0.0,0.0,0.0,0.0,0.0,0.0,0.0,,,0.0,0,0
2026-07-23 15:00:26.026537,Perungudi_OMR,12.9634,80.2431,24,24,103,103,1.0,False,2026-07-23 15:00:00,0.2,0.2,31.5,17.0,True,15,3,False,0.0,0.0,0.0,0.0,0.0,0.0,0.0,0.0,0.0,0.0,,,0.0,0,0
2026-07-23 15:00:26.026537,Thoraipakkam_OMR,12.9407,80.235,18,20,581,523,0.817231,False,2026-07-23 15:00:00,0.2,0.2,31.5,17.0,True,15,3,False,0.0,0.0,0.0,0.0,0.0,0.0,0.0,0.0,0.0,0.0,,,0.0,0,0
2026-07-23 15:00:26.026537,Porur,13.0381,80.1564,19,19,129,129,1.0,False,2026-07-23 15:00:00,0.2,0.2,31.5,17.0,True,15,3,False,4.0,1.0,0.0,2.0,0.0,2.0,0.0,2.0,11.0,14.8,,,0.0,0,0
2026-07-23 15:00:26.026537,Anna_Nagar_Roundtana,13.085,80.2101,15,15,66,66,1.0,False,2026-07-23 15:00:00,0.2,0.2,31.5,17.0,True,15,3,False,2.0,0.0,5.0,0.0,2.0,1.0,0.0,2.0,12.0,12.0,,,0.0,0,0
2026-07-23 15:00:26.026537,Perambur,13.1141,80.2417,25,25,1036,1036,1.0,False,2026-07-23 15:00:00,0.2,0.2,31.5,17.0,True,15,3,False,0.0,0.0,0.0,0.0,0.0,0.0,0.0,0.0,0.0,0.0,,,0.0,0,0
2026-07-23 15:00:26.026537,Mylapore,13.0339,80.2698,14,17,538,443,0.804381,True,2026-07-23 15:00:00,0.2,0.2,31.5,17.0,True,15,3,False,0.0,0.0,0.0,0.0,0.0,0.0,0.0,0.0,0.0,0.0,,,0.0,0,0
2026-07-23 15:00:26.026537,Velachery_Junction,12.9791,80.2211,28,32,1535,1343,0.997006,False,2026-07-23 15:00:00,0.2,0.2,31.5,17.0,True,15,3,False,2.0,1.0,4.0,1.0,2.0,0.0,1.0,1.0,12.0,12.3,,,0.0,0,0
2026-07-23 15:00:26.026537,Kelambakkam_OMR,12.7925,80.2183,51,51,1338,1338,1.0,False,2026-07-23 15:00:00,0.2,0.2,31.5,17.0,True,15,3,False,0.0,0.0,0.0,0.0,0.0,0.0,0.0,0.0,0.0,0.0,,,0.0,0,0
2026-07-23 15:00:26.026537,Tambaram,12.9249,80.1,28,28,966,966,1.0,False,2026-07-23 15:00:00,0.2,0.2,31.5,17.0,True,15,3,False,0.0,0.0,0.0,0.0,0.0,0.0,0.0,0.0,0.0,0.0,,,0.0,0,0
2026-07-23 17:05:27.070570,Guindy,13.0067,80.2206,24,33,1791,1302,0.996976,False,2026-07-23 17:00:00,0.0,0.0,31.0,15.2,True,17,3,True,0.0,0.0,0.0,0.0,0.0,0.0,0.0,0.0,0.0,0.0,,,0.0,0,0
2026-07-23 17:05:27.070570,T_Nagar_Panagal,13.0418,80.2341,25,31,310,250,1.0,False,2026-07-23 17:00:00,0.0,0.0,31.0,15.2,True,17,3,True,0.0,0.0,0.0,0.0,0.0,0.0,0.0,0.0,0.0,0.0,,,0.0,0,0
2026-07-23 17:05:27.070570,Anna_Salai_Teynampet,13.0455,80.25,21,32,2003,1314,0.967433,True,2026-07-23 17:00:00,0.0,0.0,31.0,15.2,True,17,3,True,0.0,0.0,0.0,0.0,0.0,0.0,0.0,0.0,0.0,0.0,,,0.0,0,0
2026-07-23 17:05:27.070570,Kathipara,13.0107,80.2016,23,28,193,158,0.99724,False,2026-07-23 17:00:00,0.0,0.0,31.0,15.2,True,17,3,True,0.0,0.0,0.0,0.0,0.0,0.0,0.0,0.0,0.0,0.0,,,0.0,0,0
2026-07-23 17:05:27.070570,Central_Station,13.0827,80.2757,15,25,600,360,1.0,False,2026-07-23 17:00:00,0.0,0.0,31.0,15.2,True,17,3,True,0.0,0.0,1.0,3.0,0.0,1.0,0.0,0.0,5.0,13.0,,,0.0,0,0
2026-07-23 17:05:27.070570,Koyambedu,13.0694,80.1948,18,18,243,243,1.0,False,2026-07-23 17:00:00,0.0,0.0,31.0,15.2,True,17,3,True,0.0,0.0,0.0,0.0,0.0,0.0,0.0,0.0,0.0,0.0,,,0.0,0,0
2026-07-23 17:05:27.070570,Vadapalani,13.0503,80.2121,22,31,376,267,1.0,False,2026-07-23 17:00:00,0.0,0.0,31.0,15.2,True,17,3,True,4.0,0.0,2.0,0.0,1.0,1.0,0.0,0.0,8.0,8.5,,,0.0,0,0
2026-07-23 17:05:27.070570,Adyar_Signal,13.0064,80.257,16,25,720,460,0.951797,True,2026-07-23 17:00:00,0.0,0.0,31.0,15.2,True,17,3,True,0.0,0.0,0.0,0.0,0.0,0.0,0.0,0.0,0.0,0.0,,,0.0,0,0
2026-07-23 17:05:27.070570,Egmore,13.0732,80.2609,14,24,3,1,1.0,False,2026-07-23 17:00:00,0.0,0.0,31.0,15.2,True,17,3,True,0.0,0.0,0.0,0.0,0.0,1.0,0.0,5.0,6.0,3.0,,,0.0,0,0
2026-07-23 17:05:27.070570,Ashok_Nagar,13.0385,80.2107,30,34,2388,2107,0.998108,False,2026-07-23 17:00:00,0.0,0.0,31.0,15.2,True,17,3,True,0.0,0.0,0.0,0.0,0.0,0.0,0.0,0.0,0.0,0.0,,,0.0,0,0
2026-07-23 17:05:27.070570,Kelambakkam_OMR,12.7925,80.2183,51,51,1338,1338,1.0,False,2026-07-23 17:00:00,0.0,0.0,31.0,15.2,True,17,3,True,0.0,0.0,0.0,0.0,0.0,0.0,0.0,0.0,0.0,0.0,,,0.0,0,0
2026-07-23 17:05:27.070570,Perungudi_OMR,12.9634,80.2431,24,24,103,103,1.0,False,2026-07-23 17:00:00,0.0,0.0,31.0,15.2,True,17,3,True,0.0,0.0,0.0,0.0,0.0,0.0,0.0,0.0,0.0,0.0,,,0.0,0,0
2026-07-23 17:05:27.070570,Thoraipakkam_OMR,12.9407,80.235,20,20,523,523,1.0,False,2026-07-23 17:00:00,0.0,0.0,31.0,15.2,True,17,3,True,0.0,0.0,0.0,0.0,0.0,0.0,0.0,0.0,0.0,0.0,,,0.0,0,0
2026-07-23 17:05:27.070570,Porur,13.0381,80.1564,19,19,129,129,1.0,False,2026-07-23 17:00:00,0.0,0.0,31.0,15.2,True,17,3,True,4.0,1.0,0.0,2.0,0.0,2.0,0.0,2.0,11.0,14.8,,,0.0,0,0
2026-07-23 17:05:27.070570,Tambaram,12.9249,80.1,28,28,966,966,1.0,False,2026-07-23 17:00:00,0.0,0.0,31.0,15.2,True,17,3,True,0.0,0.0,0.0,0.0,0.0,0.0,0.0,0.0,0.0,0.0,,,0.0,0,0
2026-07-23 17:05:27.070570,Velachery_Junction,12.9791,80.2211,24,33,1791,1302,0.996976,False,2026-07-23 17:00:00,0.0,0.0,31.0,15.2,True,17,3,True,2.0,1.0,4.0,1.0,2.0,0.0,1.0,1.0,12.0,12.3,,,0.0,0,0
2026-07-23 17:05:27.070570,Mylapore,13.0339,80.2698,13,17,580,443,0.768546,True,2026-07-23 17:00:00,0.0,0.0,31.0,15.2,True,17,3,True,0.0,0.0,0.0,0.0,0.0,0.0,0.0,0.0,0.0,0.0,,,0.0,0,0
2026-07-23 17:05:27.070570,Chromepet,12.9516,80.1462,30,38,2379,1878,1.0,False,2026-07-23 17:00:00,0.0,0.0,31.0,15.2,True,17,3,True,0.0,0.0,0.0,0.0,0.0,0.0,0.0,0.0,0.0,0.0,,,0.0,0,0
2026-07-23 17:05:27.070570,Anna_Nagar_Roundtana,13.085,80.2101,8,15,124,66,0.99,False,2026-07-23 17:00:00,0.0,0.0,31.0,15.2,True,17,3,True,2.0,0.0,5.0,0.0,2.0,1.0,0.0,2.0,12.0,12.0,,,0.0,0,0
2026-07-23 17:05:27.070570,Perambur,13.1141,80.2417,18,25,1439,1036,0.999711,False,2026-07-23 17:00:00,0.0,0.0,31.0,15.2,True,17,3,True,0.0,0.0,0.0,0.0,0.0,0.0,0.0,0.0,0.0,0.0,,,0.0,0,0
2026-07-23 17:50:26.135841,Ashok_Nagar,13.0385,80.2107,28,35,2559,2047,0.999518,False,2026-07-23 17:00:00,0.0,0.0,31.0,15.2,True,17,3,True,0.0,0.0,0.0,0.0,0.0,0.0,0.0,0.0,0.0,0.0,,,0.0,0,0
2026-07-23 17:50:26.135841,Egmore,13.0732,80.2609,20,25,2,1,1.0,False,2026-07-23 17:00:00,0.0,0.0,31.0,15.2,True,17,3,True,0.0,0.0,0.0,0.0,0.0,1.0,0.0,5.0,6.0,3.0,,,0.0,0,0
2026-07-23 17:50:26.135841,Vadapalani,13.0503,80.2121,22,30,376,276,1.0,False,2026-07-23 17:00:00,0.0,0.0,31.0,15.2,True,17,3,True,4.0,0.0,2.0,0.0,1.0,1.0,0.0,0.0,8.0,8.5,,,0.0,0,0
2026-07-23 17:50:26.135841,Koyambedu,13.0694,80.1948,18,18,243,243,1.0,False,2026-07-23 17:00:00,0.0,0.0,31.0,15.2,True,17,3,True,0.0,0.0,0.0,0.0,0.0,0.0,0.0,0.0,0.0,0.0,,,0.0,0,0
2026-07-23 17:50:26.135841,Central_Station,13.0827,80.2757,17,26,529,346,1.0,False,2026-07-23 17:00:00,0.0,0.0,31.0,15.2,True,17,3,True,0.0,0.0,1.0,3.0,0.0,1.0,0.0,0.0,5.0,13.0,,,0.0,0,0
2026-07-23 17:50:26.135841,Kathipara,13.0107,80.2016,20,27,222,164,1.0,False,2026-07-23 17:00:00,0.0,0.0,31.0,15.2,True,17,3,True,0.0,0.0,0.0,0.0,0.0,0.0,0.0,0.0,0.0,0.0,,,0.0,0,0
2026-07-23 17:50:26.135841,Anna_Salai_Teynampet,13.0455,80.25,21,32,2003,1314,0.968595,True,2026-07-23 17:00:00,0.0,0.0,31.0,15.2,True,17,3,True,0.0,0.0,0.0,0.0,0.0,0.0,0.0,0.0,0.0,0.0,,,0.0,0,0
2026-07-23 17:50:26.135841,T_Nagar_Panagal,13.0418,80.2341,27,31,287,250,1.0,False,2026-07-23 17:00:00,0.0,0.0,31.0,15.2,True,17,3,True,0.0,0.0,0.0,0.0,0.0,0.0,0.0,0.0,0.0,0.0,,,0.0,0,0
2026-07-23 17:50:26.135841,Guindy,13.0067,80.2206,25,33,1719,1302,0.991723,False,2026-07-23 17:00:00,0.0,0.0,31.0,15.2,True,17,3,True,0.0,0.0,0.0,0.0,0.0,0.0,0.0,0.0,0.0,0.0,,,0.0,0,0
2026-07-23 17:50:26.135841,Adyar_Signal,13.0064,80.257,15,25,768,460,0.953375,True,2026-07-23 17:00:00,0.0,0.0,31.0,15.2,True,17,3,True,0.0,0.0,0.0,0.0,0.0,0.0,0.0,0.0,0.0,0.0,,,0.0,0,0
2026-07-23 17:50:26.135841,Velachery_Junction,12.9791,80.2211,25,33,1719,1302,0.991723,False,2026-07-23 17:00:00,0.0,0.0,31.0,15.2,True,17,3,True,2.0,1.0,4.0,1.0,2.0,0.0,1.0,1.0,12.0,12.3,,,0.0,0,0
2026-07-23 17:50:26.135841,Perungudi_OMR,12.9634,80.2431,14,24,177,103,0.995088,False,2026-07-23 17:00:00,0.0,0.0,31.0,15.2,True,17,3,True,0.0,0.0,0.0,0.0,0.0,0.0,0.0,0.0,0.0,0.0,,,0.0,0,0
2026-07-23 17:50:26.135841,Kelambakkam_OMR,12.7925,80.2183,42,51,1625,1338,0.99786,False,2026-07-23 17:00:00,0.0,0.0,31.0,15.2,True,17,3,True,0.0,0.0,0.0,0.0,0.0,0.0,0.0,0.0,0.0,0.0,,,0.0,0,0
2026-07-23 17:50:26.135841,Chromepet,12.9516,80.1462,29,38,2461,1878,1.0,False,2026-07-23 17:00:00,0.0,0.0,31.0,15.2,True,17,3,True,0.0,0.0,0.0,0.0,0.0,0.0,0.0,0.0,0.0,0.0,,,0.0,0,0
2026-07-23 17:50:26.135841,Mylapore,13.0339,80.2698,12,17,628,443,0.815937,True,2026-07-23 17:00:00,0.0,0.0,31.0,15.2,True,17,3,True,0.0,0.0,0.0,0.0,0.0,0.0,0.0,0.0,0.0,0.0,,,0.0,0,0
2026-07-23 17:50:26.135841,Tambaram,12.9249,80.1,28,28,966,966,1.0,False,2026-07-23 17:00:00,0.0,0.0,31.0,15.2,True,17,3,True,0.0,0.0,0.0,0.0,0.0,0.0,0.0,0.0,0.0,0.0,,,0.0,0,0
2026-07-23 17:50:26.135841,Anna_Nagar_Roundtana,13.085,80.2101,15,15,66,66,1.0,False,2026-07-23 17:00:00,0.0,0.0,31.0,15.2,True,17,3,True,2.0,0.0,5.0,0.0,2.0,1.0,0.0,2.0,12.0,12.0,,,0.0,0,0
2026-07-23 17:50:26.135841,Porur,13.0381,80.1564,15,19,164,129,0.98,False,2026-07-23 17:00:00,0.0,0.0,31.0,15.2,True,17,3,True,4.0,1.0,0.0,2.0,0.0,2.0,0.0,2.0,11.0,14.8,,,0.0,0,0
2026-07-23 17:50:26.135841,Thoraipakkam_OMR,12.9407,80.235,15,20,698,523,0.958654,False,2026-07-23 17:00:00,0.0,0.0,31.0,15.2,True,17,3,True,0.0,0.0,0.0,0.0,0.0,0.0,0.0,0.0,0.0,0.0,,,0.0,0,0
2026-07-23 17:50:26.135841,Perambur,13.1141,80.2417,17,24,1523,1079,0.997047,False,2026-07-23 17:00:00,0.0,0.0,31.0,15.2,True,17,3,True,0.0,0.0,0.0,0.0,0.0,0.0,0.0,0.0,0.0,0.0,,,0.0,0,0
2026-07-23 17:55:26.110519,Kathipara,13.0107,80.2016,28,28,158,158,1.0,False,2026-07-23 17:00:00,0.0,0.0,31.0,15.2,True,17,3,True,0.0,0.0,0.0,0.0,0.0,0.0,0.0,0.0,0.0,0.0,,,0.0,0,0
2026-07-23 17:55:26.110519,Vadapalani,13.0503,80.2121,22,30,376,276,1.0,False,2026-07-23 17:00:00,0.0,0.0,31.0,15.2,True,17,3,True,4.0,0.0,2.0,0.0,1.0,1.0,0.0,0.0,8.0,8.5,,,0.0,0,0
2026-07-23 17:55:26.110519,Koyambedu,13.0694,80.1948,18,18,243,243,1.0,False,2026-07-23 17:00:00,0.0,0.0,31.0,15.2,True,17,3,True,0.0,0.0,0.0,0.0,0.0,0.0,0.0,0.0,0.0,0.0,,,0.0,0,0
2026-07-23 17:55:26.110519,Central_Station,13.0827,80.2757,18,26,500,346,1.0,False,2026-07-23 17:00:00,0.0,0.0,31.0,15.2,True,17,3,True,0.0,0.0,1.0,3.0,0.0,1.0,0.0,0.0,5.0,13.0,,,0.0,0,0
2026-07-23 17:55:26.110519,Adyar_Signal,13.0064,80.257,17,25,677,460,0.953375,True,2026-07-23 17:00:00,0.0,0.0,31.0,15.2,True,17,3,True,0.0,0.0,0.0,0.0,0.0,0.0,0.0,0.0,0.0,0.0,,,0.0,0,0
2026-07-23 17:55:26.110519,Anna_Salai_Teynampet,13.0455,80.25,21,32,2003,1314,0.967966,True,2026-07-23 17:00:00,0.0,0.0,31.0,15.2,True,17,3,True,0.0,0.0,0.0,0.0,0.0,0.0,0.0,0.0,0.0,0.0,,,0.0,0,0
2026-07-23 17:55:26.110519,T_Nagar_Panagal,13.0418,80.2341,25,31,310,250,1.0,False,2026-07-23 17:00:00,0.0,0.0,31.0,15.2,True,17,3,True,0.0,0.0,0.0,0.0,0.0,0.0,0.0,0.0,0.0,0.0,,,0.0,0,0
2026-07-23 17:55:26.110519,Guindy,13.0067,80.2206,26,33,1653,1302,0.994204,False,2026-07-23 17:00:00,0.0,0.0,31.0,15.2,True,17,3,True,0.0,0.0,0.0,0.0,0.0,0.0,0.0,0.0,0.0,0.0,,,0.0,0,0
2026-07-23 17:55:26.110519,Ashok_Nagar,13.0385,80.2107,27,35,2654,2047,0.998802,False,2026-07-23 17:00:00,0.0,0.0,31.0,15.2,True,17,3,True,0.0,0.0,0.0,0.0,0.0,0.0,0.0,0.0,0.0,0.0,,,0.0,0,0
2026-07-23 17:55:26.110519,Egmore,13.0732,80.2609,13,25,3,1,1.0,False,2026-07-23 17:00:00,0.0,0.0,31.0,15.2,True,17,3,True,0.0,0.0,0.0,0.0,0.0,1.0,0.0,5.0,6.0,3.0,,,0.0,0,0
2026-07-23 17:55:26.110519,Velachery_Junction,12.9791,80.2211,26,33,1653,1302,0.994204,False,2026-07-23 17:00:00,0.0,0.0,31.0,15.2,True,17,3,True,2.0,1.0,4.0,1.0,2.0,0.0,1.0,1.0,12.0,12.3,,,0.0,0,0
2026-07-23 17:55:26.110519,Tambaram,12.9249,80.1,23,28,1177,966,0.992464,False,2026-07-23 17:00:00,0.0,0.0,31.0,15.2,True,17,3,True,0.0,0.0,0.0,0.0,0.0,0.0,0.0,0.0,0.0,0.0,,,0.0,0,0
2026-07-23 17:55:26.110519,Chromepet,12.9516,80.1462,29,38,2461,1878,1.0,False,2026-07-23 17:00:00,0.0,0.0,31.0,15.2,True,17,3,True,0.0,0.0,0.0,0.0,0.0,0.0,0.0,0.0,0.0,0.0,,,0.0,0,0
2026-07-23 17:55:26.110519,Mylapore,13.0339,80.2698,13,17,580,443,0.821969,True,2026-07-23 17:00:00,0.0,0.0,31.0,15.2,True,17,3,True,0.0,0.0,0.0,0.0,0.0,0.0,0.0,0.0,0.0,0.0,,,0.0,0,0
2026-07-23 17:55:26.110519,Perambur,13.1141,80.2417,18,24,1439,1079,0.998413,False,2026-07-23 17:00:00,0.0,0.0,31.0,15.2,True,17,3,True,0.0,0.0,0.0,0.0,0.0,0.0,0.0,0.0,0.0,0.0,,,0.0,0,0
2026-07-23 17:55:26.110519,Kelambakkam_OMR,12.7925,80.2183,42,51,1625,1338,1.0,False,2026-07-23 17:00:00,0.0,0.0,31.0,15.2,True,17,3,True,0.0,0.0,0.0,0.0,0.0,0.0,0.0,0.0,0.0,0.0,,,0.0,0,0
2026-07-23 17:55:26.110519,Porur,13.0381,80.1564,13,18,189,136,0.983276,False,2026-07-23 17:00:00,0.0,0.0,31.0,15.2,True,17,3,True,4.0,1.0,0.0,2.0,0.0,2.0,0.0,2.0,11.0,14.8,,,0.0,0,0
2026-07-23 17:55:26.110519,Thoraipakkam_OMR,12.9407,80.235,14,19,748,551,0.961474,False,2026-07-23 17:00:00,0.0,0.0,31.0,15.2,True,17,3,True,0.0,0.0,0.0,0.0,0.0,0.0,0.0,0.0,0.0,0.0,,,0.0,0,0
2026-07-23 17:55:26.110519,Perungudi_OMR,12.9634,80.2431,15,24,166,103,0.995088,False,2026-07-23 17:00:00,0.0,0.0,31.0,15.2,True,17,3,True,0.0,0.0,0.0,0.0,0.0,0.0,0.0,0.0,0.0,0.0,,,0.0,0,0
2026-07-23 17:55:26.110519,Anna_Nagar_Roundtana,13.085,80.2101,15,15,66,66,1.0,False,2026-07-23 17:00:00,0.0,0.0,31.0,15.2,True,17,3,True,2.0,0.0,5.0,0.0,2.0,1.0,0.0,2.0,12.0,12.0,,,0.0,0,0
2026-07-23 18:10:26.579595,Kathipara,13.0107,80.2016,20,29,222,153,0.995573,False,2026-07-23 18:00:00,0.0,0.0,30.2,15.7,True,18,3,True,0.0,0.0,0.0,0.0,0.0,0.0,0.0,0.0,0.0,0.0,,,0.0,0,0
2026-07-23 18:10:26.579595,Vadapalani,13.0503,80.2121,21,30,394,276,1.0,False,2026-07-23 18:00:00,0.0,0.0,30.2,15.7,True,18,3,True,4.0,0.0,2.0,0.0,1.0,1.0,0.0,0.0,8.0,8.5,,,0.0,0,0
2026-07-23 18:10:26.579595,Koyambedu,13.0694,80.1948,18,18,243,243,1.0,False,2026-07-23 18:00:00,0.0,0.0,30.2,15.7,True,18,3,True,0.0,0.0,0.0,0.0,0.0,0.0,0.0,0.0,0.0,0.0,,,0.0,0,0
2026-07-23 18:10:26.579595,Central_Station,13.0827,80.2757,18,26,500,346,1.0,False,2026-07-23 18:00:00,0.0,0.0,30.2,15.7,True,18,3,True,0.0,0.0,1.0,3.0,0.0,1.0,0.0,0.0,5.0,13.0,,,0.0,0,0
2026-07-23 18:10:26.579595,Adyar_Signal,13.0064,80.257,17,25,677,460,0.953375,True,2026-07-23 18:00:00,0.0,0.0,30.2,15.7,True,18,3,True,0.0,0.0,0.0,0.0,0.0,0.0,0.0,0.0,0.0,0.0,,,0.0,0,0
2026-07-23 18:10:26.579595,Anna_Salai_Teynampet,13.0455,80.25,20,32,2103,1314,0.967966,True,2026-07-23 18:00:00,0.0,0.0,30.2,15.7,True,18,3,True,0.0,0.0,0.0,0.0,0.0,0.0,0.0,0.0,0.0,0.0,,,0.0,0,0
2026-07-23 18:10:26.579595,T_Nagar_Panagal,13.0418,80.2341,25,31,310,250,1.0,False,2026-07-23 18:00:00,0.0,0.0,30.2,15.7,True,18,3,True,0.0,0.0,0.0,0.0,0.0,0.0,0.0,0.0,0.0,0.0,,,0.0,0,0
2026-07-23 18:10:26.579595,Guindy,13.0067,80.2206,24,33,1791,1302,0.994854,False,2026-07-23 18:00:00,0.0,0.0,30.2,15.7,True,18,3,True,0.0,0.0,0.0,0.0,0.0,0.0,0.0,0.0,0.0,0.0,,,0.0,0,0
2026-07-23 18:10:26.579595,Ashok_Nagar,13.0385,80.2107,28,35,2559,2047,0.999357,False,2026-07-23 18:00:00,0.0,0.0,30.2,15.7,True,18,3,True,0.0,0.0,0.0,0.0,0.0,0.0,0.0,0.0,0.0,0.0,,,0.0,0,0
2026-07-23 18:10:26.579595,Egmore,13.0732,80.2609,7,25,6,1,1.0,False,2026-07-23 18:00:00,0.0,0.0,30.2,15.7,True,18,3,True,0.0,0.0,0.0,0.0,0.0,1.0,0.0,5.0,6.0,3.0,,,0.0,0,0
2026-07-23 18:10:26.579595,Velachery_Junction,12.9791,80.2211,24,33,1791,1302,0.994293,False,2026-07-23 18:00:00,0.0,0.0,30.2,15.7,True,18,3,True,2.0,1.0,4.0,1.0,2.0,0.0,1.0,1.0,12.0,12.3,,,0.0,0,0
2026-07-23 18:10:26.579595,Tambaram,12.9249,80.1,23,28,1177,966,0.992464,False,2026-07-23 18:00:00,0.0,0.0,30.2,15.7,True,18,3,True,0.0,0.0,0.0,0.0,0.0,0.0,0.0,0.0,0.0,0.0,,,0.0,0,0
2026-07-23 18:10:26.579595,Chromepet,12.9516,80.1462,27,38,2643,1878,1.0,False,2026-07-23 18:00:00,0.0,0.0,30.2,15.7,True,18,3,True,0.0,0.0,0.0,0.0,0.0,0.0,0.0,0.0,0.0,0.0,,,0.0,0,0
2026-07-23 18:10:26.579595,Mylapore,13.0339,80.2698,13,17,580,443,0.817579,True,2026-07-23 18:00:00,0.0,0.0,30.2,15.7,True,18,3,True,0.0,0.0,0.0,0.0,0.0,0.0,0.0,0.0,0.0,0.0,,,0.0,0,0
2026-07-23 18:10:26.579595,Perambur,13.1141,80.2417,17,25,1523,1036,0.999372,False,2026-07-23 18:00:00,0.0,0.0,30.2,15.7,True,18,3,True,0.0,0.0,0.0,0.0,0.0,0.0,0.0,0.0,0.0,0.0,,,0.0,0,0
2026-07-23 18:10:26.579595,Kelambakkam_OMR,12.7925,80.2183,42,50,1625,1365,1.0,False,2026-07-23 18:00:00,0.0,0.0,30.2,15.7,True,18,3,True,0.0,0.0,0.0,0.0,0.0,0.0,0.0,0.0,0.0,0.0,,,0.0,0,0
2026-07-23 18:10:26.579595,Porur,13.0381,80.1564,14,19,175,129,0.98,False,2026-07-23 18:00:00,0.0,0.0,30.2,15.7,True,18,3,True,4.0,1.0,0.0,2.0,0.0,2.0,0.0,2.0,11.0,14.8,,,0.0,0,0
2026-07-23 18:10:26.579595,Thoraipakkam_OMR,12.9407,80.235,16,20,654,523,0.965029,False,2026-07-23 18:00:00,0.0,0.0,30.2,15.7,True,18,3,True,0.0,0.0,0.0,0.0,0.0,0.0,0.0,0.0,0.0,0.0,,,0.0,0,0
2026-07-23 18:10:26.579595,Perungudi_OMR,12.9634,80.2431,13,24,191,103,1.0,False,2026-07-23 18:00:00,0.0,0.0,30.2,15.7,True,18,3,True,0.0,0.0,0.0,0.0,0.0,0.0,0.0,0.0,0.0,0.0,,,0.0,0,0
2026-07-23 18:10:26.579595,Anna_Nagar_Roundtana,13.085,80.2101,11,15,90,66,0.99,False,2026-07-23 18:00:00,0.0,0.0,30.2,15.7,True,18,3,True,2.0,0.0,5.0,0.0,2.0,1.0,0.0,2.0,12.0,12.0,,,0.0,0,0
2026-07-23 19:00:26.002045,Adyar_Signal,13.0064,80.257,17,24,677,480,0.943113,True,2026-07-23 19:00:00,0.0,0.0,29.8,15.0,True,19,3,True,0.0,0.0,0.0,0.0,0.0,0.0,0.0,0.0,0.0,0.0,,,0.0,0,0
2026-07-23 19:00:26.002045,Kathipara,13.0107,80.2016,18,28,247,158,1.0,False,2026-07-23 19:00:00,0.0,0.0,29.8,15.0,True,19,3,True,0.0,0.0,0.0,0.0,0.0,0.0,0.0,0.0,0.0,0.0,,,0.0,0,0
2026-07-23 19:00:26.002045,Guindy,13.0067,80.2206,23,33,1869,1302,0.998971,False,2026-07-23 19:00:00,0.0,0.0,29.8,15.0,True,19,3,True,0.0,0.0,0.0,0.0,0.0,0.0,0.0,0.0,0.0,0.0,,,0.0,0,0
2026-07-23 19:00:26.002045,T_Nagar_Panagal,13.0418,80.2341,23,31,337,250,1.0,False,2026-07-23 19:00:00,0.0,0.0,29.8,15.0,True,19,3,True,0.0,0.0,0.0,0.0,0.0,0.0,0.0,0.0,0.0,0.0,,,0.0,0,0
2026-07-23 19:00:26.002045,Anna_Salai_Teynampet,13.0455,80.25,19,32,2214,1314,0.968091,True,2026-07-23 19:00:00,0.0,0.0,29.8,15.0,True,19,3,True,0.0,0.0,0.0,0.0,0.0,0.0,0.0,0.0,0.0,0.0,,,0.0,0,0
2026-07-23 19:00:26.002045,Egmore,13.0732,80.2609,8,26,5,1,1.0,False,2026-07-23 19:00:00,0.0,0.0,29.8,15.0,True,19,3,True,0.0,0.0,0.0,0.0,0.0,1.0,0.0,5.0,6.0,3.0,,,0.0,0,0
2026-07-23 19:00:26.002045,Central_Station,13.0827,80.2757,13,26,693,346,1.0,False,2026-07-23 19:00:00,0.0,0.0,29.8,15.0,True,19,3,True,0.0,0.0,1.0,3.0,0.0,1.0,0.0,0.0,5.0,13.0,,,0.0,0,0
2026-07-23 19:00:26.002045,Koyambedu,13.0694,80.1948,13,18,337,243,0.837234,False,2026-07-23 19:00:00,0.0,0.0,29.8,15.0,True,19,3,True,0.0,0.0,0.0,0.0,0.0,0.0,0.0,0.0,0.0,0.0,,,0.0,0,0
2026-07-23 19:00:26.002045,Vadapalani,13.0503,80.2121,23,31,360,267,1.0,False,2026-07-23 19:00:00,0.0,0.0,29.8,15.0,True,19,3,True,4.0,0.0,2.0,0.0,1.0,1.0,0.0,0.0,8.0,8.5,,,0.0,0,0
2026-07-23 19:00:26.002045,Ashok_Nagar,13.0385,80.2107,24,35,2986,2047,0.998255,False,2026-07-23 19:00:00,0.0,0.0,29.8,15.0,True,19,3,True,0.0,0.0,0.0,0.0,0.0,0.0,0.0,0.0,0.0,0.0,,,0.0,0,0
2026-07-23 19:00:26.002045,Kelambakkam_OMR,12.7925,80.2183,41,50,1664,1365,1.0,False,2026-07-23 19:00:00,0.0,0.0,29.8,15.0,True,19,3,True,0.0,0.0,0.0,0.0,0.0,0.0,0.0,0.0,0.0,0.0,,,0.0,0,0
2026-07-23 19:00:26.002045,Perungudi_OMR,12.9634,80.2431,12,24,207,103,0.994944,False,2026-07-23 19:00:00,0.0,0.0,29.8,15.0,True,19,3,True,0.0,0.0,0.0,0.0,0.0,0.0,0.0,0.0,0.0,0.0,,,0.0,0,0
2026-07-23 19:00:26.002045,Thoraipakkam_OMR,12.9407,80.235,15,20,698,523,0.876203,False,2026-07-23 19:00:00,0.0,0.0,29.8,15.0,True,19,3,True,0.0,0.0,0.0,0.0,0.0,0.0,0.0,0.0,0.0,0.0,,,0.0,0,0
2026-07-23 19:00:26.002045,Porur,13.0381,80.1564,14,19,175,129,0.98,False,2026-07-23 19:00:00,0.0,0.0,29.8,15.0,True,19,3,True,4.0,1.0,0.0,2.0,0.0,2.0,0.0,2.0,11.0,14.8,,,0.0,0,0
2026-07-23 19:00:26.002045,Anna_Nagar_Roundtana,13.085,80.2101,8,14,124,71,1.0,False,2026-07-23 19:00:00,0.0,0.0,29.8,15.0,True,19,3,True,2.0,0.0,5.0,0.0,2.0,1.0,0.0,2.0,12.0,12.0,,,0.0,0,0
2026-07-23 19:00:26.002045,Perambur,13.1141,80.2417,17,25,1523,1036,1.0,False,2026-07-23 19:00:00,0.0,0.0,29.8,15.0,True,19,3,True,0.0,0.0,0.0,0.0,0.0,0.0,0.0,0.0,0.0,0.0,,,0.0,0,0
2026-07-23 19:00:26.002045,Mylapore,13.0339,80.2698,12,17,628,443,0.831372,True,2026-07-23 19:00:00,0.0,0.0,29.8,15.0,True,19,3,True,0.0,0.0,0.0,0.0,0.0,0.0,0.0,0.0,0.0,0.0,,,0.0,0,0
2026-07-23 19:00:26.002045,Chromepet,12.9516,80.1462,26,38,2745,1878,1.0,False,2026-07-23 19:00:00,0.0,0.0,29.8,15.0,True,19,3,True,0.0,0.0,0.0,0.0,0.0,0.0,0.0,0.0,0.0,0.0,,,0.0,0,0
2026-07-23 19:00:26.002045,Velachery_Junction,12.9791,80.2211,23,33,1869,1302,0.998971,False,2026-07-23 19:00:00,0.0,0.0,29.8,15.0,True,19,3,True,2.0,1.0,4.0,1.0,2.0,0.0,1.0,1.0,12.0,12.3,,,0.0,0,0
2026-07-23 19:00:26.002045,Tambaram,12.9249,80.1,23,28,1177,966,0.992464,False,2026-07-23 19:00:00,0.0,0.0,29.8,15.0,True,19,3,True,0.0,0.0,0.0,0.0,0.0,0.0,0.0,0.0,0.0,0.0,,,0.0,0,0
2026-07-23 19:05:26.037734,Adyar_Signal,13.0064,80.257,17,25,677,460,0.945679,True,2026-07-23 19:00:00,0.0,0.0,29.8,15.0,True,19,3,True,0.0,0.0,0.0,0.0,0.0,0.0,0.0,0.0,0.0,0.0,,,0.0,0,0
2026-07-23 19:05:26.037734,Guindy,13.0067,80.2206,24,33,1791,1302,0.998498,False,2026-07-23 19:00:00,0.0,0.0,29.8,15.0,True,19,3,True,0.0,0.0,0.0,0.0,0.0,0.0,0.0,0.0,0.0,0.0,,,0.0,0,0
2026-07-23 19:05:26.037734,T_Nagar_Panagal,13.0418,80.2341,23,32,337,242,1.0,False,2026-07-23 19:00:00,0.0,0.0,29.8,15.0,True,19,3,True,0.0,0.0,0.0,0.0,0.0,0.0,0.0,0.0,0.0,0.0,,,0.0,0,0
2026-07-23 19:05:26.037734,Kathipara,13.0107,80.2016,17,28,261,158,1.0,False,2026-07-23 19:00:00,0.0,0.0,29.8,15.0,True,19,3,True,0.0,0.0,0.0,0.0,0.0,0.0,0.0,0.0,0.0,0.0,,,0.0,0,0
2026-07-23 19:05:26.037734,Egmore,13.0732,80.2609,5,25,9,1,0.99,False,2026-07-23 19:00:00,0.0,0.0,29.8,15.0,True,19,3,True,0.0,0.0,0.0,0.0,0.0,1.0,0.0,5.0,6.0,3.0,,,0.0,0,0
2026-07-23 19:05:26.037734,Central_Station,13.0827,80.2757,14,26,643,346,1.0,False,2026-07-23 19:00:00,0.0,0.0,29.8,15.0,True,19,3,True,0.0,0.0,1.0,3.0,0.0,1.0,0.0,0.0,5.0,13.0,,,0.0,0,0
2026-07-23 19:05:26.037734,Koyambedu,13.0694,80.1948,18,18,243,243,1.0,False,2026-07-23 19:00:00,0.0,0.0,29.8,15.0,True,19,3,True,0.0,0.0,0.0,0.0,0.0,0.0,0.0,0.0,0.0,0.0,,,0.0,0,0
2026-07-23 19:05:26.037734,Ashok_Nagar,13.0385,80.2107,24,35,2986,2047,0.999456,False,2026-07-23 19:00:00,0.0,0.0,29.8,15.0,True,19,3,True,0.0,0.0,0.0,0.0,0.0,0.0,0.0,0.0,0.0,0.0,,,0.0,0,0
2026-07-23 19:05:26.037734,Vadapalani,13.0503,80.2121,21,30,394,276,1.0,False,2026-07-23 19:00:00,0.0,0.0,29.8,15.0,True,19,3,True,4.0,0.0,2.0,0.0,1.0,1.0,0.0,0.0,8.0,8.5,,,0.0,0,0
2026-07-23 19:05:26.037734,Anna_Salai_Teynampet,13.0455,80.25,19,32,2214,1314,0.968131,True,2026-07-23 19:00:00,0.0,0.0,29.8,15.0,True,19,3,True,0.0,0.0,0.0,0.0,0.0,0.0,0.0,0.0,0.0,0.0,,,0.0,0,0
2026-07-23 19:05:26.037734,Anna_Nagar_Roundtana,13.085,80.2101,8,14,124,71,1.0,False,2026-07-23 19:00:00,0.0,0.0,29.8,15.0,True,19,3,True,2.0,0.0,5.0,0.0,2.0,1.0,0.0,2.0,12.0,12.0,,,0.0,0,0
2026-07-23 19:05:26.037734,Kelambakkam_OMR,12.7925,80.2183,41,51,1664,1338,1.0,False,2026-07-23 19:00:00,0.0,0.0,29.8,15.0,True,19,3,True,0.0,0.0,0.0,0.0,0.0,0.0,0.0,0.0,0.0,0.0,,,0.0,0,0
2026-07-23 19:05:26.037734,Velachery_Junction,12.9791,80.2211,24,33,1791,1302,0.998498,False,2026-07-23 19:00:00,0.0,0.0,29.8,15.0,True,19,3,True,2.0,1.0,4.0,1.0,2.0,0.0,1.0,1.0,12.0,12.3,,,0.0,0,0
2026-07-23 19:05:26.037734,Thoraipakkam_OMR,12.9407,80.235,14,20,748,523,0.876073,False,2026-07-23 19:00:00,0.0,0.0,29.8,15.0,True,19,3,True,0.0,0.0,0.0,0.0,0.0,0.0,0.0,0.0,0.0,0.0,,,0.0,0,0
2026-07-23 19:05:26.037734,Porur,13.0381,80.1564,19,19,129,129,1.0,False,2026-07-23 19:00:00,0.0,0.0,29.8,15.0,True,19,3,True,4.0,1.0,0.0,2.0,0.0,2.0,0.0,2.0,11.0,14.8,,,0.0,0,0
2026-07-23 19:05:26.037734,Perungudi_OMR,12.9634,80.2431,13,24,191,103,0.996981,False,2026-07-23 19:00:00,0.0,0.0,29.8,15.0,True,19,3,True,0.0,0.0,0.0,0.0,0.0,0.0,0.0,0.0,0.0,0.0,,,0.0,0,0
2026-07-23 19:05:26.037734,Perambur,13.1141,80.2417,15,24,1726,1079,0.999711,False,2026-07-23 19:00:00,0.0,0.0,29.8,15.0,True,19,3,True,0.0,0.0,0.0,0.0,0.0,0.0,0.0,0.0,0.0,0.0,,,0.0,0,0
2026-07-23 19:05:26.037734,Mylapore,13.0339,80.2698,13,16,580,471,0.821267,True,2026-07-23 19:00:00,0.0,0.0,29.8,15.0,True,19,3,True,0.0,0.0,0.0,0.0,0.0,0.0,0.0,0.0,0.0,0.0,,,0.0,0,0
2026-07-23 19:05:26.037734,Chromepet,12.9516,80.1462,26,38,2745,1878,1.0,False,2026-07-23 19:00:00,0.0,0.0,29.8,15.0,True,19,3,True,0.0,0.0,0.0,0.0,0.0,0.0,0.0,0.0,0.0,0.0,,,0.0,0,0
2026-07-23 19:05:26.037734,Tambaram,12.9249,80.1,23,29,1177,933,0.992464,False,2026-07-23 19:00:00,0.0,0.0,29.8,15.0,True,19,3,True,0.0,0.0,0.0,0.0,0.0,0.0,0.0,0.0,0.0,0.0,,,0.0,0,0
2026-07-23 19:10:26.112644,Egmore,13.0732,80.2609,5,25,9,1,1.0,False,2026-07-23 19:00:00,0.0,0.0,29.8,15.0,True,19,3,True,0.0,0.0,0.0,0.0,0.0,1.0,0.0,5.0,6.0,3.0,,,0.0,0,0
2026-07-23 19:10:26.112644,Vadapalani,13.0503,80.2121,20,31,414,267,1.0,False,2026-07-23 19:00:00,0.0,0.0,29.8,15.0,True,19,3,True,4.0,0.0,2.0,0.0,1.0,1.0,0.0,0.0,8.0,8.5,,,0.0,0,0
2026-07-23 19:10:26.112644,Koyambedu,13.0694,80.1948,18,18,243,243,1.0,False,2026-07-23 19:00:00,0.0,0.0,29.8,15.0,True,19,3,True,0.0,0.0,0.0,0.0,0.0,0.0,0.0,0.0,0.0,0.0,,,0.0,0,0
2026-07-23 19:10:26.112644,Central_Station,13.0827,80.2757,12,27,750,333,1.0,False,2026-07-23 19:00:00,0.0,0.0,29.8,15.0,True,19,3,True,0.0,0.0,1.0,3.0,0.0,1.0,0.0,0.0,5.0,13.0,,,0.0,0,0
2026-07-23 19:10:26.112644,Kathipara,13.0107,80.2016,18,28,247,158,0.995573,False,2026-07-23 19:00:00,0.0,0.0,29.8,15.0,True,19,3,True,0.0,0.0,0.0,0.0,0.0,0.0,0.0,0.0,0.0,0.0,,,0.0,0,0
2026-07-23 19:10:26.112644,Anna_Salai_Teynampet,13.0455,80.25,19,32,2214,1314,0.968096,True,2026-07-23 19:00:00,0.0,0.0,29.8,15.0,True,19,3,True,0.0,0.0,0.0,0.0,0.0,0.0,0.0,0.0,0.0,0.0,,,0.0,0,0
2026-07-23 19:10:26.112644,T_Nagar_Panagal,13.0418,80.2341,22,31,353,250,1.0,False,2026-07-23 19:00:00,0.0,0.0,29.8,15.0,True,19,3,True,0.0,0.0,0.0,0.0,0.0,0.0,0.0,0.0,0.0,0.0,,,0.0,0,0
2026-07-23 19:10:26.112644,Adyar_Signal,13.0064,80.257,13,25,886,460,0.95081,True,2026-07-23 19:00:00,0.0,0.0,29.8,15.0,True,19,3,True,0.0,0.0,0.0,0.0,0.0,0.0,0.0,0.0,0.0,0.0,,,0.0,0,0
2026-07-23 19:10:26.112644,Ashok_Nagar,13.0385,80.2107,25,35,2866,2047,0.99963,False,2026-07-23 19:00:00,0.0,0.0,29.8,15.0,True,19,3,True,0.0,0.0,0.0,0.0,0.0,0.0,0.0,0.0,0.0,0.0,,,0.0,0,0
2026-07-23 19:10:26.112644,Guindy,13.0067,80.2206,24,33,1791,1302,0.998675,False,2026-07-23 19:00:00,0.0,0.0,29.8,15.0,True,19,3,True,0.0,0.0,0.0,0.0,0.0,0.0,0.0,0.0,0.0,0.0,,,0.0,0,0
2026-07-23 19:10:26.112644,Velachery_Junction,12.9791,80.2211,24,33,1791,1302,0.998675,False,2026-07-23 19:00:00,0.0,0.0,29.8,15.0,True,19,3,True,2.0,1.0,4.0,1.0,2.0,0.0,1.0,1.0,12.0,12.3,,,0.0,0,0
2026-07-23 19:10:26.112644,Perungudi_OMR,12.9634,80.2431,13,23,191,108,1.0,False,2026-07-23 19:00:00,0.0,0.0,29.8,15.0,True,19,3,True,0.0,0.0,0.0,0.0,0.0,0.0,0.0,0.0,0.0,0.0,,,0.0,0,0
2026-07-23 19:10:26.112644,Chromepet,12.9516,80.1462,26,38,2745,1878,1.0,False,2026-07-23 19:00:00,0.0,0.0,29.8,15.0,True,19,3,True,0.0,0.0,0.0,0.0,0.0,0.0,0.0,0.0,0.0,0.0,,,0.0,0,0
2026-07-23 19:10:26.112644,Mylapore,13.0339,80.2698,12,17,628,443,0.833152,True,2026-07-23 19:00:00,0.0,0.0,29.8,15.0,True,19,3,True,0.0,0.0,0.0,0.0,0.0,0.0,0.0,0.0,0.0,0.0,,,0.0,0,0
2026-07-23 19:10:26.112644,Perambur,13.1141,80.2417,15,25,1726,1036,0.999711,False,2026-07-23 19:00:00,0.0,0.0,29.8,15.0,True,19,3,True,0.0,0.0,0.0,0.0,0.0,0.0,0.0,0.0,0.0,0.0,,,0.0,0,0
2026-07-23 19:10:26.112644,Kelambakkam_OMR,12.7925,80.2183,41,51,1664,1338,1.0,False,2026-07-23 19:00:00,0.0,0.0,29.8,15.0,True,19,3,True,0.0,0.0,0.0,0.0,0.0,0.0,0.0,0.0,0.0,0.0,,,0.0,0,0
2026-07-23 19:10:26.112644,Porur,13.0381,80.1564,12,18,205,136,0.98,False,2026-07-23 19:00:00,0.0,0.0,29.8,15.0,True,19,3,True,4.0,1.0,0.0,2.0,0.0,2.0,0.0,2.0,11.0,14.8,,,0.0,0,0
2026-07-23 19:10:26.112644,Thoraipakkam_OMR,12.9407,80.235,12,20,872,523,0.885513,False,2026-07-23 19:00:00,0.0,0.0,29.8,15.0,True,19,3,True,0.0,0.0,0.0,0.0,0.0,0.0,0.0,0.0,0.0,0.0,,,0.0,0,0
2026-07-23 19:10:26.112644,Tambaram,12.9249,80.1,22,28,1230,966,0.993108,False,2026-07-23 19:00:00,0.0,0.0,29.8,15.0,True,19,3,True,0.0,0.0,0.0,0.0,0.0,0.0,0.0,0.0,0.0,0.0,,,0.0,0,0
2026-07-23 19:10:26.112644,Anna_Nagar_Roundtana,13.085,80.2101,8,16,124,62,0.99,False,2026-07-23 19:00:00,0.0,0.0,29.8,15.0,True,19,3,True,2.0,0.0,5.0,0.0,2.0,1.0,0.0,2.0,12.0,12.0,,,0.0,0,0
2026-07-23 19:20:26.049981,Ashok_Nagar,13.0385,80.2107,24,35,2986,2047,1.0,False,2026-07-23 19:00:00,0.0,0.0,29.8,15.0,True,19,3,True,0.0,0.0,0.0,0.0,0.0,0.0,0.0,0.0,0.0,0.0,,,0.0,0,0
2026-07-23 19:20:26.049981,Adyar_Signal,13.0064,80.257,17,25,677,460,0.95081,True,2026-07-23 19:00:00,0.0,0.0,29.8,15.0,True,19,3,True,0.0,0.0,0.0,0.0,0.0,0.0,0.0,0.0,0.0,0.0,,,0.0,0,0
2026-07-23 19:20:26.049981,Kathipara,13.0107,80.2016,20,28,222,158,0.99724,False,2026-07-23 19:00:00,0.0,0.0,29.8,15.0,True,19,3,True,0.0,0.0,0.0,0.0,0.0,0.0,0.0,0.0,0.0,0.0,,,0.0,0,0
2026-07-23 19:20:26.049981,Guindy,13.0067,80.2206,24,33,1791,1302,0.999225,False,2026-07-23 19:00:00,0.0,0.0,29.8,15.0,True,19,3,True,0.0,0.0,0.0,0.0,0.0,0.0,0.0,0.0,0.0,0.0,,,0.0,0,0
2026-07-23 19:20:26.049981,Anna_Salai_Teynampet,13.0455,80.25,18,33,2337,1274,0.967586,True,2026-07-23 19:00:00,0.0,0.0,29.8,15.0,True,19,3,True,0.0,0.0,0.0,0.0,0.0,0.0,0.0,0.0,0.0,0.0,,,0.0,0,0
2026-07-23 19:20:26.049981,Egmore,13.0732,80.2609,14,25,3,1,1.0,False,2026-07-23 19:00:00,0.0,0.0,29.8,15.0,True,19,3,True,0.0,0.0,0.0,0.0,0.0,1.0,0.0,5.0,6.0,3.0,,,0.0,0,0
2026-07-23 19:20:26.049981,Central_Station,13.0827,80.2757,10,26,900,346,1.0,False,2026-07-23 19:00:00,0.0,0.0,29.8,15.0,True,19,3,True,0.0,0.0,1.0,3.0,0.0,1.0,0.0,0.0,5.0,13.0,,,0.0,0,0
2026-07-23 19:20:26.049981,Koyambedu,13.0694,80.1948,16,18,274,243,0.95,False,2026-07-23 19:00:00,0.0,0.0,29.8,15.0,True,19,3,True,0.0,0.0,0.0,0.0,0.0,0.0,0.0,0.0,0.0,0.0,,,0.0,0,0
2026-07-23 19:20:26.049981,Vadapalani,13.0503,80.2121,18,29,460,285,1.0,False,2026-07-23 19:00:00,0.0,0.0,29.8,15.0,True,19,3,True,4.0,0.0,2.0,0.0,1.0,1.0,0.0,0.0,8.0,8.5,,,0.0,0,0
2026-07-23 19:20:26.049981,T_Nagar_Panagal,13.0418,80.2341,20,32,388,242,1.0,False,2026-07-23 19:00:00,0.0,0.0,29.8,15.0,True,19,3,True,0.0,0.0,0.0,0.0,0.0,0.0,0.0,0.0,0.0,0.0,,,0.0,0,0
2026-07-23 19:20:26.049981,Chromepet,12.9516,80.1462,26,38,2745,1878,1.0,False,2026-07-23 19:00:00,0.0,0.0,29.8,15.0,True,19,3,True,0.0,0.0,0.0,0.0,0.0,0.0,0.0,0.0,0.0,0.0,,,0.0,0,0
2026-07-23 19:20:26.049981,Perungudi_OMR,12.9634,80.2431,16,25,155,99,0.990942,False,2026-07-23 19:00:00,0.0,0.0,29.8,15.0,True,19,3,True,0.0,0.0,0.0,0.0,0.0,0.0,0.0,0.0,0.0,0.0,,,0.0,0,0
2026-07-23 19:20:26.049981,Thoraipakkam_OMR,12.9407,80.235,13,20,805,523,0.908536,False,2026-07-23 19:00:00,0.0,0.0,29.8,15.0,True,19,3,True,0.0,0.0,0.0,0.0,0.0,0.0,0.0,0.0,0.0,0.0,,,0.0,0,0
2026-07-23 19:20:26.049981,Porur,13.0381,80.1564,14,18,175,136,0.97,False,2026-07-23 19:00:00,0.0,0.0,29.8,15.0,True,19,3,True,4.0,1.0,0.0,2.0,0.0,2.0,0.0,2.0,11.0,14.8,,,0.0,0,0
2026-07-23 19:20:26.049981,Anna_Nagar_Roundtana,13.085,80.2101,15,15,66,66,1.0,False,2026-07-23 19:00:00,0.0,0.0,29.8,15.0,True,19,3,True,2.0,0.0,5.0,0.0,2.0,1.0,0.0,2.0,12.0,12.0,,,0.0,0,0
2026-07-23 19:20:26.049981,Perambur,13.1141,80.2417,16,25,1618,1036,0.998562,False,2026-07-23 19:00:00,0.0,0.0,29.8,15.0,True,19,3,True,0.0,0.0,0.0,0.0,0.0,0.0,0.0,0.0,0.0,0.0,,,0.0,0,0
2026-07-23 19:20:26.049981,Mylapore,13.0339,80.2698,13,16,580,471,0.815938,True,2026-07-23 19:00:00,0.0,0.0,29.8,15.0,True,19,3,True,0.0,0.0,0.0,0.0,0.0,0.0,0.0,0.0,0.0,0.0,,,0.0,0,0
2026-07-23 19:20:26.049981,Kelambakkam_OMR,12.7925,80.2183,41,50,1664,1365,0.999982,False,2026-07-23 19:00:00,0.0,0.0,29.8,15.0,True,19,3,True,0.0,0.0,0.0,0.0,0.0,0.0,0.0,0.0,0.0,0.0,,,0.0,0,0
2026-07-23 19:20:26.049981,Tambaram,12.9249,80.1,22,29,1230,933,0.990125,False,2026-07-23 19:00:00,0.0,0.0,29.8,15.0,True,19,3,True,0.0,0.0,0.0,0.0,0.0,0.0,0.0,0.0,0.0,0.0,,,0.0,0,0
2026-07-23 19:20:26.049981,Velachery_Junction,12.9791,80.2211,24,33,1791,1302,0.999225,False,2026-07-23 19:00:00,0.0,0.0,29.8,15.0,True,19,3,True,2.0,1.0,4.0,1.0,2.0,0.0,1.0,1.0,12.0,12.3,,,0.0,0,0
2026-07-23 19:30:26.012066,Kathipara,13.0107,80.2016,17,28,261,158,1.0,False,2026-07-23 19:00:00,0.0,0.0,29.8,15.0,True,19,3,True,0.0,0.0,0.0,0.0,0.0,0.0,0.0,0.0,0.0,0.0,,,0.0,0,0
2026-07-23 19:30:26.012066,Guindy,13.0067,80.2206,22,33,1954,1302,0.997249,False,2026-07-23 19:00:00,0.0,0.0,29.8,15.0,True,19,3,True,0.0,0.0,0.0,0.0,0.0,0.0,0.0,0.0,0.0,0.0,,,0.0,0,0
2026-07-23 19:30:26.012066,Anna_Salai_Teynampet,13.0455,80.25,19,32,2214,1314,0.965905,True,2026-07-23 19:00:00,0.0,0.0,29.8,15.0,True,19,3,True,0.0,0.0,0.0,0.0,0.0,0.0,0.0,0.0,0.0,0.0,,,0.0,0,0
2026-07-23 19:30:26.012066,Adyar_Signal,13.0064,80.257,18,25,640,460,0.953375,True,2026-07-23 19:00:00,0.0,0.0,29.8,15.0,True,19,3,True,0.0,0.0,0.0,0.0,0.0,0.0,0.0,0.0,0.0,0.0,,,0.0,0,0
2026-07-23 19:30:26.012066,Egmore,13.0732,80.2609,5,27,9,1,1.0,False,2026-07-23 19:00:00,0.0,0.0,29.8,15.0,True,19,3,True,0.0,0.0,0.0,0.0,0.0,1.0,0.0,5.0,6.0,3.0,,,0.0,0,0
2026-07-23 19:30:26.012066,Koyambedu,13.0694,80.1948,16,18,274,243,0.956971,False,2026-07-23 19:00:00,0.0,0.0,29.8,15.0,True,19,3,True,0.0,0.0,0.0,0.0,0.0,0.0,0.0,0.0,0.0,0.0,,,0.0,0,0
2026-07-23 19:30:26.012066,Vadapalani,13.0503,80.2121,17,30,487,276,1.0,False,2026-07-23 19:00:00,0.0,0.0,29.8,15.0,True,19,3,True,4.0,0.0,2.0,0.0,1.0,1.0,0.0,0.0,8.0,8.5,,,0.0,0,0
2026-07-23 19:30:26.012066,Ashok_Nagar,13.0385,80.2107,24,35,2986,2047,0.99963,False,2026-07-23 19:00:00,0.0,0.0,29.8,15.0,True,19,3,True,0.0,0.0,0.0,0.0,0.0,0.0,0.0,0.0,0.0,0.0,,,0.0,0,0
2026-07-23 19:30:26.012066,Central_Station,13.0827,80.2757,11,26,819,346,1.0,False,2026-07-23 19:00:00,0.0,0.0,29.8,15.0,True,19,3,True,0.0,0.0,1.0,3.0,0.0,1.0,0.0,0.0,5.0,13.0,,,0.0,0,0
2026-07-23 19:30:26.012066,T_Nagar_Panagal,13.0418,80.2341,18,32,431,242,1.0,False,2026-07-23 19:00:00,0.0,0.0,29.8,15.0,True,19,3,True,0.0,0.0,0.0,0.0,0.0,0.0,0.0,0.0,0.0,0.0,,,0.0,0,0
2026-07-23 19:30:26.012066,Porur,13.0381,80.1564,11,18,223,136,0.99,False,2026-07-23 19:00:00,0.0,0.0,29.8,15.0,True,19,3,True,4.0,1.0,0.0,2.0,0.0,2.0,0.0,2.0,11.0,14.8,,,0.0,0,0
2026-07-23 19:30:26.012066,Perambur,13.1141,80.2417,16,25,1618,1036,0.999711,False,2026-07-23 19:00:00,0.0,0.0,29.8,15.0,True,19,3,True,0.0,0.0,0.0,0.0,0.0,0.0,0.0,0.0,0.0,0.0,,,0.0,0,0
2026-07-23 19:30:26.012066,Perungudi_OMR,12.9634,80.2431,24,24,103,103,1.0,False,2026-07-23 19:00:00,0.0,0.0,29.8,15.0,True,19,3,True,0.0,0.0,0.0,0.0,0.0,0.0,0.0,0.0,0.0,0.0,,,0.0,0,0
2026-07-23 19:30:26.012066,Thoraipakkam_OMR,12.9407,80.235,13,19,805,551,0.955971,False,2026-07-23 19:00:00,0.0,0.0,29.8,15.0,True,19,3,True,0.0,0.0,0.0,0.0,0.0,0.0,0.0,0.0,0.0,0.0,,,0.0,0,0
2026-07-23 19:30:26.012066,Anna_Nagar_Roundtana,13.085,80.2101,12,15,83,66,0.99,False,2026-07-23 19:00:00,0.0,0.0,29.8,15.0,True,19,3,True,2.0,0.0,5.0,0.0,2.0,1.0,0.0,2.0,12.0,12.0,,,0.0,0,0
2026-07-23 19:30:26.012066,Velachery_Junction,12.9791,80.2211,22,33,1954,1302,0.997249,False,2026-07-23 19:00:00,0.0,0.0,29.8,15.0,True,19,3,True,2.0,1.0,4.0,1.0,2.0,0.0,1.0,1.0,12.0,12.3,,,0.0,0,0
2026-07-23 19:30:26.012066,Mylapore,13.0339,80.2698,14,17,538,443,0.785803,True,2026-07-23 19:00:00,0.0,0.0,29.8,15.0,True,19,3,True,0.0,0.0,0.0,0.0,0.0,0.0,0.0,0.0,0.0,0.0,,,0.0,0,0
2026-07-23 19:30:26.012066,Chromepet,12.9516,80.1462,26,38,2745,1878,1.0,False,2026-07-23 19:00:00,0.0,0.0,29.8,15.0,True,19,3,True,0.0,0.0,0.0,0.0,0.0,0.0,0.0,0.0,0.0,0.0,,,0.0,0,0
2026-07-23 19:30:26.012066,Tambaram,12.9249,80.1,22,28,1230,966,0.994388,False,2026-07-23 19:00:00,0.0,0.0,29.8,15.0,True,19,3,True,0.0,0.0,0.0,0.0,0.0,0.0,0.0,0.0,0.0,0.0,,,0.0,0,0
2026-07-23 19:30:26.012066,Kelambakkam_OMR,12.7925,80.2183,41,51,1664,1338,1.0,False,2026-07-23 19:00:00,0.0,0.0,29.8,15.0,True,19,3,True,0.0,0.0,0.0,0.0,0.0,0.0,0.0,0.0,0.0,0.0,,,0.0,0,0
2026-07-23 19:35:26.135399,Ashok_Nagar,13.0385,80.2107,25,35,2866,2047,0.999887,False,2026-07-23 19:00:00,0.0,0.0,29.8,15.0,True,19,3,True,0.0,0.0,0.0,0.0,0.0,0.0,0.0,0.0,0.0,0.0,,,0.0,0,0
2026-07-23 19:35:26.135399,Adyar_Signal,13.0064,80.257,17,25,677,460,0.953375,True,2026-07-23 19:00:00,0.0,0.0,29.8,15.0,True,19,3,True,0.0,0.0,0.0,0.0,0.0,0.0,0.0,0.0,0.0,0.0,,,0.0,0,0
2026-07-23 19:35:26.135399,Guindy,13.0067,80.2206,22,33,1954,1302,0.997478,False,2026-07-23 19:00:00,0.0,0.0,29.8,15.0,True,19,3,True,0.0,0.0,0.0,0.0,0.0,0.0,0.0,0.0,0.0,0.0,,,0.0,0,0
2026-07-23 19:35:26.135399,T_Nagar_Panagal,13.0418,80.2341,20,32,388,242,1.0,False,2026-07-23 19:00:00,0.0,0.0,29.8,15.0,True,19,3,True,0.0,0.0,0.0,0.0,0.0,0.0,0.0,0.0,0.0,0.0,,,0.0,0,0
2026-07-23 19:35:26.135399,Anna_Salai_Teynampet,13.0455,80.25,19,32,2214,1314,0.96557,True,2026-07-23 19:00:00,0.0,0.0,29.8,15.0,True,19,3,True,0.0,0.0,0.0,0.0,0.0,0.0,0.0,0.0,0.0,0.0,,,0.0,0,0
2026-07-23 19:35:26.135399,Egmore,13.0732,80.2609,15,25,3,1,1.0,False,2026-07-23 19:00:00,0.0,0.0,29.8,15.0,True,19,3,True,0.0,0.0,0.0,0.0,0.0,1.0,0.0,5.0,6.0,3.0,,,0.0,0,0
2026-07-23 19:35:26.135399,Central_Station,13.0827,80.2757,10,25,900,360,0.997905,False,2026-07-23 19:00:00,0.0,0.0,29.8,15.0,True,19,3,True,0.0,0.0,1.0,3.0,0.0,1.0,0.0,0.0,5.0,13.0,,,0.0,0,0
2026-07-23 19:35:26.135399,Koyambedu,13.0694,80.1948,18,18,243,243,1.0,False,2026-07-23 19:00:00,0.0,0.0,29.8,15.0,True,19,3,True,0.0,0.0,0.0,0.0,0.0,0.0,0.0,0.0,0.0,0.0,,,0.0,0,0
2026-07-23 19:35:26.135399,Vadapalani,13.0503,80.2121,18,29,460,285,1.0,False,2026-07-23 19:00:00,0.0,0.0,29.8,15.0,True,19,3,True,4.0,0.0,2.0,0.0,1.0,1.0,0.0,0.0,8.0,8.5,,,0.0,0,0
2026-07-23 19:35:26.135399,Kathipara,13.0107,80.2016,20,28,222,158,1.0,False,2026-07-23 19:00:00,0.0,0.0,29.8,15.0,True,19,3,True,0.0,0.0,0.0,0.0,0.0,0.0,0.0,0.0,0.0,0.0,,,0.0,0,0
2026-07-23 19:35:26.135399,Chromepet,12.9516,80.1462,26,38,2745,1878,1.0,False,2026-07-23 19:00:00,0.0,0.0,29.8,15.0,True,19,3,True,0.0,0.0,0.0,0.0,0.0,0.0,0.0,0.0,0.0,0.0,,,0.0,0,0
2026-07-23 19:35:26.135399,Perungudi_OMR,12.9634,80.2431,14,25,177,99,0.987923,False,2026-07-23 19:00:00,0.0,0.0,29.8,15.0,True,19,3,True,0.0,0.0,0.0,0.0,0.0,0.0,0.0,0.0,0.0,0.0,,,0.0,0,0
2026-07-23 19:35:26.135399,Thoraipakkam_OMR,12.9407,80.235,12,20,872,523,0.953242,False,2026-07-23 19:00:00,0.0,0.0,29.8,15.0,True,19,3,True,0.0,0.0,0.0,0.0,0.0,0.0,0.0,0.0,0.0,0.0,,,0.0,0,0
2026-07-23 19:35:26.135399,Porur,13.0381,80.1564,12,19,205,129,0.98,False,2026-07-23 19:00:00,0.0,0.0,29.8,15.0,True,19,3,True,4.0,1.0,0.0,2.0,0.0,2.0,0.0,2.0,11.0,14.8,,,0.0,0,0
2026-07-23 19:35:26.135399,Anna_Nagar_Roundtana,13.085,80.2101,9,14,110,71,0.99,False,2026-07-23 19:00:00,0.0,0.0,29.8,15.0,True,19,3,True,2.0,0.0,5.0,0.0,2.0,1.0,0.0,2.0,12.0,12.0,,,0.0,0,0
2026-07-23 19:35:26.135399,Perambur,13.1141,80.2417,16,25,1618,1036,0.995397,False,2026-07-23 19:00:00,0.0,0.0,29.8,15.0,True,19,3,True,0.0,0.0,0.0,0.0,0.0,0.0,0.0,0.0,0.0,0.0,,,0.0,0,0
2026-07-23 19:35:26.135399,Mylapore,13.0339,80.2698,13,17,580,443,0.776389,True,2026-07-23 19:00:00,0.0,0.0,29.8,15.0,True,19,3,True,0.0,0.0,0.0,0.0,0.0,0.0,0.0,0.0,0.0,0.0,,,0.0,0,0
2026-07-23 19:35:26.135399,Velachery_Junction,12.9791,80.2211,22,33,1954,1302,0.997478,False,2026-07-23 19:00:00,0.0,0.0,29.8,15.0,True,19,3,True,2.0,1.0,4.0,1.0,2.0,0.0,1.0,1.0,12.0,12.3,,,0.0,0,0
2026-07-23 19:35:26.135399,Kelambakkam_OMR,12.7925,80.2183,40,51,1706,1338,0.99998,False,2026-07-23 19:00:00,0.0,0.0,29.8,15.0,True,19,3,True,0.0,0.0,0.0,0.0,0.0,0.0,0.0,0.0,0.0,0.0,,,0.0,0,0
2026-07-23 19:35:26.135399,Tambaram,12.9249,80.1,22,29,1230,933,0.990301,False,2026-07-23 19:00:00,0.0,0.0,29.8,15.0,True,19,3,True,0.0,0.0,0.0,0.0,0.0,0.0,0.0,0.0,0.0,0.0,,,0.0,0,0
2026-07-23 19:45:26.472816,Egmore,13.0732,80.2609,14,25,3,1,1.0,False,2026-07-23 19:00:00,0.0,0.0,29.8,15.0,True,19,3,True,0.0,0.0,0.0,0.0,0.0,1.0,0.0,5.0,6.0,3.0,,,0.0,0,0
2026-07-23 19:45:26.472816,T_Nagar_Panagal,13.0418,80.2341,17,31,456,250,0.998768,False,2026-07-23 19:00:00,0.0,0.0,29.8,15.0,True,19,3,True,0.0,0.0,0.0,0.0,0.0,0.0,0.0,0.0,0.0,0.0,,,0.0,0,0
2026-07-23 19:45:26.472816,Anna_Salai_Teynampet,13.0455,80.25,22,33,1912,1274,0.965454,True,2026-07-23 19:00:00,0.0,0.0,29.8,15.0,True,19,3,True,0.0,0.0,0.0,0.0,0.0,0.0,0.0,0.0,0.0,0.0,,,0.0,0,0
2026-07-23 19:45:26.472816,Kathipara,13.0107,80.2016,21,27,211,164,1.0,False,2026-07-23 19:00:00,0.0,0.0,29.8,15.0,True,19,3,True,0.0,0.0,0.0,0.0,0.0,0.0,0.0,0.0,0.0,0.0,,,0.0,0,0
2026-07-23 19:45:26.472816,Central_Station,13.0827,80.2757,11,25,819,360,0.99425,False,2026-07-23 19:00:00,0.0,0.0,29.8,15.0,True,19,3,True,0.0,0.0,1.0,3.0,0.0,1.0,0.0,0.0,5.0,13.0,,,0.0,0,0
2026-07-23 19:45:26.472816,Koyambedu,13.0694,80.1948,18,18,243,243,1.0,False,2026-07-23 19:00:00,0.0,0.0,29.8,15.0,True,19,3,True,0.0,0.0,0.0,0.0,0.0,0.0,0.0,0.0,0.0,0.0,,,0.0,0,0
2026-07-23 19:45:26.472816,Vadapalani,13.0503,80.2121,20,29,414,285,1.0,False,2026-07-23 19:00:00,0.0,0.0,29.8,15.0,True,19,3,True,4.0,0.0,2.0,0.0,1.0,1.0,0.0,0.0,8.0,8.5,,,0.0,0,0
2026-07-23 19:45:26.472816,Adyar_Signal,13.0064,80.257,16,24,720,480,0.953375,True,2026-07-23 19:00:00,0.0,0.0,29.8,15.0,True,19,3,True,0.0,0.0,0.0,0.0,0.0,0.0,0.0,0.0,0.0,0.0,,,0.0,0,0
2026-07-23 19:45:26.472816,Ashok_Nagar,13.0385,80.2107,25,34,2866,2107,1.0,False,2026-07-23 19:00:00,0.0,0.0,29.8,15.0,True,19,3,True,0.0,0.0,0.0,0.0,0.0,0.0,0.0,0.0,0.0,0.0,,,0.0,0,0
2026-07-23 19:45:26.472816,Guindy,13.0067,80.2206,23,32,1869,1343,0.993562,False,2026-07-23 19:00:00,0.0,0.0,29.8,15.0,True,19,3,True,0.0,0.0,0.0,0.0,0.0,0.0,0.0,0.0,0.0,0.0,,,0.0,0,0
2026-07-23 19:45:26.472816,Velachery_Junction,12.9791,80.2211,23,32,1869,1343,0.993562,False,2026-07-23 19:00:00,0.0,0.0,29.8,15.0,True,19,3,True,2.0,1.0,4.0,1.0,2.0,0.0,1.0,1.0,12.0,12.3,,,0.0,0,0
2026-07-23 19:45:26.472816,Kelambakkam_OMR,12.7925,80.2183,40,51,1706,1338,1.0,False,2026-07-23 19:00:00,0.0,0.0,29.8,15.0,True,19,3,True,0.0,0.0,0.0,0.0,0.0,0.0,0.0,0.0,0.0,0.0,,,0.0,0,0
2026-07-23 19:45:26.472816,Thoraipakkam_OMR,12.9407,80.235,20,20,523,523,1.0,False,2026-07-23 19:00:00,0.0,0.0,29.8,15.0,True,19,3,True,0.0,0.0,0.0,0.0,0.0,0.0,0.0,0.0,0.0,0.0,,,0.0,0,0
2026-07-23 19:45:26.472816,Porur,13.0381,80.1564,14,19,175,129,0.99,False,2026-07-23 19:00:00,0.0,0.0,29.8,15.0,True,19,3,True,4.0,1.0,0.0,2.0,0.0,2.0,0.0,2.0,11.0,14.8,,,0.0,0,0
2026-07-23 19:45:26.472816,Tambaram,12.9249,80.1,21,29,1289,933,0.990771,False,2026-07-23 19:00:00,0.0,0.0,29.8,15.0,True,19,3,True,0.0,0.0,0.0,0.0,0.0,0.0,0.0,0.0,0.0,0.0,,,0.0,0,0
2026-07-23 19:45:26.472816,Perungudi_OMR,12.9634,80.2431,17,24,146,103,0.993961,False,2026-07-23 19:00:00,0.0,0.0,29.8,15.0,True,19,3,True,0.0,0.0,0.0,0.0,0.0,0.0,0.0,0.0,0.0,0.0,,,0.0,0,0
2026-07-23 19:45:26.472816,Mylapore,13.0339,80.2698,13,16,580,471,0.720094,True,2026-07-23 19:00:00,0.0,0.0,29.8,15.0,True,19,3,True,0.0,0.0,0.0,0.0,0.0,0.0,0.0,0.0,0.0,0.0,,,0.0,0,0
2026-07-23 19:45:26.472816,Chromepet,12.9516,80.1462,26,38,2745,1878,1.0,False,2026-07-23 19:00:00,0.0,0.0,29.8,15.0,True,19,3,True,0.0,0.0,0.0,0.0,0.0,0.0,0.0,0.0,0.0,0.0,,,0.0,0,0
2026-07-23 19:45:26.472816,Anna_Nagar_Roundtana,13.085,80.2101,10,15,99,66,0.99,False,2026-07-23 19:00:00,0.0,0.0,29.8,15.0,True,19,3,True,2.0,0.0,5.0,0.0,2.0,1.0,0.0,2.0,12.0,12.0,,,0.0,0,0
2026-07-23 19:45:26.472816,Perambur,13.1141,80.2417,15,25,1726,1036,0.995512,False,2026-07-23 19:00:00,0.0,0.0,29.8,15.0,True,19,3,True,0.0,0.0,0.0,0.0,0.0,0.0,0.0,0.0,0.0,0.0,,,0.0,0,0
2026-07-23 20:10:26.970291,Ashok_Nagar,13.0385,80.2107,26,35,2756,2047,1.0,False,2026-07-23 20:00:00,0.0,0.0,29.6,13.9,True,20,3,True,0.0,0.0,0.0,0.0,0.0,0.0,0.0,0.0,0.0,0.0,,,0.0,0,0
2026-07-23 20:10:26.970291,Egmore,13.0732,80.2609,19,25,2,1,1.0,False,2026-07-23 20:00:00,0.0,0.0,29.6,13.9,True,20,3,True,0.0,0.0,0.0,0.0,0.0,1.0,0.0,5.0,6.0,3.0,,,0.0,0,0
2026-07-23 20:10:26.970291,Vadapalani,13.0503,80.2121,22,31,376,267,1.0,False,2026-07-23 20:00:00,0.0,0.0,29.6,13.9,True,20,3,True,4.0,0.0,2.0,0.0,1.0,1.0,0.0,0.0,8.0,8.5,,,0.0,0,0
2026-07-23 20:10:26.970291,Koyambedu,13.0694,80.1948,18,18,243,243,1.0,False,2026-07-23 20:00:00,0.0,0.0,29.6,13.9,True,20,3,True,0.0,0.0,0.0,0.0,0.0,0.0,0.0,0.0,0.0,0.0,,,0.0,0,0
2026-07-23 20:10:26.970291,Central_Station,13.0827,80.2757,10,26,900,346,0.997227,False,2026-07-23 20:00:00,0.0,0.0,29.6,13.9,True,20,3,True,0.0,0.0,1.0,3.0,0.0,1.0,0.0,0.0,5.0,13.0,,,0.0,0,0
2026-07-23 20:10:26.970291,Kathipara,13.0107,80.2016,28,28,158,158,1.0,False,2026-07-23 20:00:00,0.0,0.0,29.6,13.9,True,20,3,True,0.0,0.0,0.0,0.0,0.0,0.0,0.0,0.0,0.0,0.0,,,0.0,0,0
2026-07-23 20:10:26.970291,Anna_Salai_Teynampet,13.0455,80.25,20,32,2103,1314,0.966978,True,2026-07-23 20:00:00,0.0,0.0,29.6,13.9,True,20,3,True,0.0,0.0,0.0,0.0,0.0,0.0,0.0,0.0,0.0,0.0,,,0.0,0,0
2026-07-23 20:10:26.970291,T_Nagar_Panagal,13.0418,80.2341,21,31,369,250,1.0,False,2026-07-23 20:00:00,0.0,0.0,29.6,13.9,True,20,3,True,0.0,0.0,0.0,0.0,0.0,0.0,0.0,0.0,0.0,0.0,,,0.0,0,0
2026-07-23 20:10:26.970291,Guindy,13.0067,80.2206,23,32,1869,1343,0.99865,False,2026-07-23 20:00:00,0.0,0.0,29.6,13.9,True,20,3,True,0.0,0.0,0.0,0.0,0.0,0.0,0.0,0.0,0.0,0.0,,,0.0,0,0
2026-07-23 20:10:26.970291,Adyar_Signal,13.0064,80.257,17,25,677,460,0.952588,True,2026-07-23 20:00:00,0.0,0.0,29.6,13.9,True,20,3,True,0.0,0.0,0.0,0.0,0.0,0.0,0.0,0.0,0.0,0.0,,,0.0,0,0
2026-07-23 20:10:26.970291,Velachery_Junction,12.9791,80.2211,23,32,1869,1343,0.99865,False,2026-07-23 20:00:00,0.0,0.0,29.6,13.9,True,20,3,True,2.0,1.0,4.0,1.0,2.0,0.0,1.0,1.0,12.0,12.3,,,0.0,0,0
2026-07-23 20:10:26.970291,Perungudi_OMR,12.9634,80.2431,24,24,103,103,1.0,False,2026-07-23 20:00:00,0.0,0.0,29.6,13.9,True,20,3,True,0.0,0.0,0.0,0.0,0.0,0.0,0.0,0.0,0.0,0.0,,,0.0,0,0
2026-07-23 20:10:26.970291,Kelambakkam_OMR,12.7925,80.2183,43,51,1587,1338,0.999895,False,2026-07-23 20:00:00,0.0,0.0,29.6,13.9,True,20,3,True,0.0,0.0,0.0,0.0,0.0,0.0,0.0,0.0,0.0,0.0,,,0.0,0,0
2026-07-23 20:10:26.970291,Chromepet,12.9516,80.1462,24,38,2974,1878,1.0,False,2026-07-23 20:00:00,0.0,0.0,29.6,13.9,True,20,3,True,0.0,0.0,0.0,0.0,0.0,0.0,0.0,0.0,0.0,0.0,,,0.0,0,0
2026-07-23 20:10:26.970291,Mylapore,13.0339,80.2698,13,16,580,471,0.765277,True,2026-07-23 20:00:00,0.0,0.0,29.6,13.9,True,20,3,True,0.0,0.0,0.0,0.0,0.0,0.0,0.0,0.0,0.0,0.0,,,0.0,0,0
2026-07-23 20:10:26.970291,Tambaram,12.9249,80.1,22,29,1230,933,0.985435,False,2026-07-23 20:00:00,0.0,0.0,29.6,13.9,True,20,3,True,0.0,0.0,0.0,0.0,0.0,0.0,0.0,0.0,0.0,0.0,,,0.0,0,0
2026-07-23 20:10:26.970291,Anna_Nagar_Roundtana,13.085,80.2101,7,15,142,66,0.99,False,2026-07-23 20:00:00,0.0,0.0,29.6,13.9,True,20,3,True,2.0,0.0,5.0,0.0,2.0,1.0,0.0,2.0,12.0,12.0,,,0.0,0,0
2026-07-23 20:10:26.970291,Porur,13.0381,80.1564,15,19,164,129,0.98,False,2026-07-23 20:00:00,0.0,0.0,29.6,13.9,True,20,3,True,4.0,1.0,0.0,2.0,0.0,2.0,0.0,2.0,11.0,14.8,,,0.0,0,0
2026-07-23 20:10:26.970291,Thoraipakkam_OMR,12.9407,80.235,17,20,616,523,0.878078,False,2026-07-23 20:00:00,0.0,0.0,29.6,13.9,True,20,3,True,0.0,0.0,0.0,0.0,0.0,0.0,0.0,0.0,0.0,0.0,,,0.0,0,0
2026-07-23 20:10:26.970291,Perambur,13.1141,80.2417,16,25,1618,1036,0.997123,False,2026-07-23 20:00:00,0.0,0.0,29.6,13.9,True,20,3,True,0.0,0.0,0.0,0.0,0.0,0.0,0.0,0.0,0.0,0.0,,,0.0,0,0
2026-07-23 20:20:26.775104,Kathipara,13.0107,80.2016,28,28,158,158,1.0,False,2026-07-23 20:00:00,0.0,0.0,29.6,13.9,True,20,3,True,0.0,0.0,0.0,0.0,0.0,0.0,0.0,0.0,0.0,0.0,,,0.0,0,0
2026-07-23 20:20:26.775104,Vadapalani,13.0503,80.2121,22,30,376,276,1.0,False,2026-07-23 20:00:00,0.0,0.0,29.6,13.9,True,20,3,True,4.0,0.0,2.0,0.0,1.0,1.0,0.0,0.0,8.0,8.5,,,0.0,0,0
2026-07-23 20:20:26.775104,Koyambedu,13.0694,80.1948,18,18,243,243,1.0,False,2026-07-23 20:00:00,0.0,0.0,29.6,13.9,True,20,3,True,0.0,0.0,0.0,0.0,0.0,0.0,0.0,0.0,0.0,0.0,,,0.0,0,0
2026-07-23 20:20:26.775104,Central_Station,13.0827,80.2757,10,25,900,360,1.0,False,2026-07-23 20:00:00,0.0,0.0,29.6,13.9,True,20,3,True,0.0,0.0,1.0,3.0,0.0,1.0,0.0,0.0,5.0,13.0,,,0.0,0,0
2026-07-23 20:20:26.775104,Adyar_Signal,13.0064,80.257,16,25,720,460,0.95081,True,2026-07-23 20:00:00,0.0,0.0,29.6,13.9,True,20,3,True,0.0,0.0,0.0,0.0,0.0,0.0,0.0,0.0,0.0,0.0,,,0.0,0,0
2026-07-23 20:20:26.775104,Anna_Salai_Teynampet,13.0455,80.25,21,32,2003,1314,0.966295,True,2026-07-23 20:00:00,0.0,0.0,29.6,13.9,True,20,3,True,0.0,0.0,0.0,0.0,0.0,0.0,0.0,0.0,0.0,0.0,,,0.0,0,0
2026-07-23 20:20:26.775104,T_Nagar_Panagal,13.0418,80.2341,23,31,337,250,1.0,False,2026-07-23 20:00:00,0.0,0.0,29.6,13.9,True,20,3,True,0.0,0.0,0.0,0.0,0.0,0.0,0.0,0.0,0.0,0.0,,,0.0,0,0
2026-07-23 20:20:26.775104,Guindy,13.0067,80.2206,25,33,1719,1302,0.999043,False,2026-07-23 20:00:00,0.0,0.0,29.6,13.9,True,20,3,True,0.0,0.0,0.0,0.0,0.0,0.0,0.0,0.0,0.0,0.0,,,0.0,0,0
2026-07-23 20:20:26.775104,Ashok_Nagar,13.0385,80.2107,26,35,2756,2047,1.0,False,2026-07-23 20:00:00,0.0,0.0,29.6,13.9,True,20,3,True,0.0,0.0,0.0,0.0,0.0,0.0,0.0,0.0,0.0,0.0,,,0.0,0,0
2026-07-23 20:20:26.775104,Egmore,13.0732,80.2609,19,25,2,1,1.0,False,2026-07-23 20:00:00,0.0,0.0,29.6,13.9,True,20,3,True,0.0,0.0,0.0,0.0,0.0,1.0,0.0,5.0,6.0,3.0,,,0.0,0,0
2026-07-23 20:20:26.775104,Velachery_Junction,12.9791,80.2211,24,33,1791,1302,0.998871,False,2026-07-23 20:00:00,0.0,0.0,29.6,13.9,True,20,3,True,2.0,1.0,4.0,1.0,2.0,0.0,1.0,1.0,12.0,12.3,,,0.0,0,0
2026-07-23 20:20:26.775104,Tambaram,12.9249,80.1,22,29,1230,933,0.992463,False,2026-07-23 20:00:00,0.0,0.0,29.6,13.9,True,20,3,True,0.0,0.0,0.0,0.0,0.0,0.0,0.0,0.0,0.0,0.0,,,0.0,0,0
2026-07-23 20:20:26.775104,Chromepet,12.9516,80.1462,25,38,2855,1878,1.0,False,2026-07-23 20:00:00,0.0,0.0,29.6,13.9,True,20,3,True,0.0,0.0,0.0,0.0,0.0,0.0,0.0,0.0,0.0,0.0,,,0.0,0,0
2026-07-23 20:20:26.775104,Mylapore,13.0339,80.2698,14,17,538,443,0.796488,True,2026-07-23 20:00:00,0.0,0.0,29.6,13.9,True,20,3,True,0.0,0.0,0.0,0.0,0.0,0.0,0.0,0.0,0.0,0.0,,,0.0,0,0
2026-07-23 20:20:26.775104,Perambur,13.1141,80.2417,16,25,1618,1036,0.99532,False,2026-07-23 20:00:00,0.0,0.0,29.6,13.9,True,20,3,True,0.0,0.0,0.0,0.0,0.0,0.0,0.0,0.0,0.0,0.0,,,0.0,0,0
2026-07-23 20:20:26.775104,Kelambakkam_OMR,12.7925,80.2183,43,51,1587,1338,1.0,False,2026-07-23 20:00:00,0.0,0.0,29.6,13.9,True,20,3,True,0.0,0.0,0.0,0.0,0.0,0.0,0.0,0.0,0.0,0.0,,,0.0,0,0
2026-07-23 20:20:26.775104,Porur,13.0381,80.1564,19,19,129,129,1.0,False,2026-07-23 20:00:00,0.0,0.0,29.6,13.9,True,20,3,True,4.0,1.0,0.0,2.0,0.0,2.0,0.0,2.0,11.0,14.8,,,0.0,0,0
2026-07-23 20:20:26.775104,Thoraipakkam_OMR,12.9407,80.235,17,19,616,551,0.839863,False,2026-07-23 20:00:00,0.0,0.0,29.6,13.9,True,20,3,True,0.0,0.0,0.0,0.0,0.0,0.0,0.0,0.0,0.0,0.0,,,0.0,0,0
2026-07-23 20:20:26.775104,Perungudi_OMR,12.9634,80.2431,24,24,103,103,1.0,False,2026-07-23 20:00:00,0.0,0.0,29.6,13.9,True,20,3,True,0.0,0.0,0.0,0.0,0.0,0.0,0.0,0.0,0.0,0.0,,,0.0,0,0
2026-07-23 20:20:26.775104,Anna_Nagar_Roundtana,13.085,80.2101,15,15,66,66,1.0,False,2026-07-23 20:00:00,0.0,0.0,29.6,13.9,True,20,3,True,2.0,0.0,5.0,0.0,2.0,1.0,0.0,2.0,12.0,12.0,,,0.0,0,0
2026-07-23 20:25:26.696671,Kathipara,13.0107,80.2016,16,28,278,158,1.0,False,2026-07-23 20:00:00,0.0,0.0,29.6,13.9,True,20,3,True,0.0,0.0,0.0,0.0,0.0,0.0,0.0,0.0,0.0,0.0,,,0.0,0,0
2026-07-23 20:25:26.696671,Vadapalani,13.0503,80.2121,24,30,345,276,1.0,False,2026-07-23 20:00:00,0.0,0.0,29.6,13.9,True,20,3,True,4.0,0.0,2.0,0.0,1.0,1.0,0.0,0.0,8.0,8.5,,,0.0,0,0
2026-07-23 20:25:26.696671,Koyambedu,13.0694,80.1948,18,18,243,243,1.0,False,2026-07-23 20:00:00,0.0,0.0,29.6,13.9,True,20,3,True,0.0,0.0,0.0,0.0,0.0,0.0,0.0,0.0,0.0,0.0,,,0.0,0,0
2026-07-23 20:25:26.696671,Central_Station,13.0827,80.2757,11,26,819,346,0.998534,False,2026-07-23 20:00:00,0.0,0.0,29.6,13.9,True,20,3,True,0.0,0.0,1.0,3.0,0.0,1.0,0.0,0.0,5.0,13.0,,,0.0,0,0
2026-07-23 20:25:26.696671,Adyar_Signal,13.0064,80.257,17,25,677,460,0.95081,True,2026-07-23 20:00:00,0.0,0.0,29.6,13.9,True,20,3,True,0.0,0.0,0.0,0.0,0.0,0.0,0.0,0.0,0.0,0.0,,,0.0,0,0
2026-07-23 20:25:26.696671,Anna_Salai_Teynampet,13.0455,80.25,21,32,2003,1314,0.966978,True,2026-07-23 20:00:00,0.0,0.0,29.6,13.9,True,20,3,True,0.0,0.0,0.0,0.0,0.0,0.0,0.0,0.0,0.0,0.0,,,0.0,0,0
2026-07-23 20:25:26.696671,T_Nagar_Panagal,13.0418,80.2341,24,32,323,242,1.0,False,2026-07-23 20:00:00,0.0,0.0,29.6,13.9,True,20,3,True,0.0,0.0,0.0,0.0,0.0,0.0,0.0,0.0,0.0,0.0,,,0.0,0,0
2026-07-23 20:25:26.696671,Guindy,13.0067,80.2206,24,33,1791,1302,0.999159,False,2026-07-23 20:00:00,0.0,0.0,29.6,13.9,True,20,3,True,0.0,0.0,0.0,0.0,0.0,0.0,0.0,0.0,0.0,0.0,,,0.0,0,0
2026-07-23 20:25:26.696671,Ashok_Nagar,13.0385,80.2107,26,34,2756,2107,1.0,False,2026-07-23 20:00:00,0.0,0.0,29.6,13.9,True,20,3,True,0.0,0.0,0.0,0.0,0.0,0.0,0.0,0.0,0.0,0.0,,,0.0,0,0
2026-07-23 20:25:26.696671,Egmore,13.0732,80.2609,18,24,2,1,1.0,False,2026-07-23 20:00:00,0.0,0.0,29.6,13.9,True,20,3,True,0.0,0.0,0.0,0.0,0.0,1.0,0.0,5.0,6.0,3.0,,,0.0,0,0
2026-07-23 20:25:26.696671,Velachery_Junction,12.9791,80.2211,24,33,1791,1302,0.999159,False,2026-07-23 20:00:00,0.0,0.0,29.6,13.9,True,20,3,True,2.0,1.0,4.0,1.0,2.0,0.0,1.0,1.0,12.0,12.3,,,0.0,0,0
2026-07-23 20:25:26.696671,Tambaram,12.9249,80.1,20,28,1353,966,0.994848,False,2026-07-23 20:00:00,0.0,0.0,29.6,13.9,True,20,3,True,0.0,0.0,0.0,0.0,0.0,0.0,0.0,0.0,0.0,0.0,,,0.0,0,0
2026-07-23 20:25:26.696671,Chromepet,12.9516,80.1462,25,38,2855,1878,1.0,False,2026-07-23 20:00:00,0.0,0.0,29.6,13.9,True,20,3,True,0.0,0.0,0.0,0.0,0.0,0.0,0.0,0.0,0.0,0.0,,,0.0,0,0
2026-07-23 20:25:26.696671,Mylapore,13.0339,80.2698,13,17,580,443,0.827308,True,2026-07-23 20:00:00,0.0,0.0,29.6,13.9,True,20,3,True,0.0,0.0,0.0,0.0,0.0,0.0,0.0,0.0,0.0,0.0,,,0.0,0,0
2026-07-23 20:25:26.696671,Perambur,13.1141,80.2417,15,25,1726,1036,0.998024,False,2026-07-23 20:00:00,0.0,0.0,29.6,13.9,True,20,3,True,0.0,0.0,0.0,0.0,0.0,0.0,0.0,0.0,0.0,0.0,,,0.0,0,0
2026-07-23 20:25:26.696671,Kelambakkam_OMR,12.7925,80.2183,43,51,1587,1338,1.0,False,2026-07-23 20:00:00,0.0,0.0,29.6,13.9,True,20,3,True,0.0,0.0,0.0,0.0,0.0,0.0,0.0,0.0,0.0,0.0,,,0.0,0,0
2026-07-23 20:25:26.696671,Porur,13.0381,80.1564,19,19,129,129,1.0,False,2026-07-23 20:00:00,0.0,0.0,29.6,13.9,True,20,3,True,4.0,1.0,0.0,2.0,0.0,2.0,0.0,2.0,11.0,14.8,,,0.0,0,0
2026-07-23 20:25:26.696671,Thoraipakkam_OMR,12.9407,80.235,19,20,551,523,0.848991,False,2026-07-23 20:00:00,0.0,0.0,29.6,13.9,True,20,3,True,0.0,0.0,0.0,0.0,0.0,0.0,0.0,0.0,0.0,0.0,,,0.0,0,0
2026-07-23 20:25:26.696671,Perungudi_OMR,12.9634,80.2431,24,24,103,103,1.0,False,2026-07-23 20:00:00,0.0,0.0,29.6,13.9,True,20,3,True,0.0,0.0,0.0,0.0,0.0,0.0,0.0,0.0,0.0,0.0,,,0.0,0,0
2026-07-23 20:25:26.696671,Anna_Nagar_Roundtana,13.085,80.2101,11,15,90,66,0.99,False,2026-07-23 20:00:00,0.0,0.0,29.6,13.9,True,20,3,True,2.0,0.0,5.0,0.0,2.0,1.0,0.0,2.0,12.0,12.0,,,0.0,0,0
2026-07-23 20:35:27.849976,Adyar_Signal,13.0064,80.257,17,25,677,460,0.950816,True,2026-07-23 20:00:00,0.0,0.0,29.6,13.9,True,20,3,True,0.0,0.0,0.0,0.0,0.0,0.0,0.0,0.0,0.0,0.0,,,0.0,0,0
2026-07-23 20:35:27.849976,Kathipara,13.0107,80.2016,28,28,158,158,1.0,False,2026-07-23 20:00:00,0.0,0.0,29.6,13.9,True,20,3,True,0.0,0.0,0.0,0.0,0.0,0.0,0.0,0.0,0.0,0.0,,,0.0,0,0
2026-07-23 20:35:27.849976,Guindy,13.0067,80.2206,23,33,1869,1302,0.99786,False,2026-07-23 20:00:00,0.0,0.0,29.6,13.9,True,20,3,True,0.0,0.0,0.0,0.0,0.0,0.0,0.0,0.0,0.0,0.0,,,0.0,0,0
2026-07-23 20:35:27.849976,T_Nagar_Panagal,13.0418,80.2341,26,32,298,242,1.0,False,2026-07-23 20:00:00,0.0,0.0,29.6,13.9,True,20,3,True,0.0,0.0,0.0,0.0,0.0,0.0,0.0,0.0,0.0,0.0,,,0.0,0,0
2026-07-23 20:35:27.849976,Anna_Salai_Teynampet,13.0455,80.25,23,33,1829,1274,0.96744,True,2026-07-23 20:00:00,0.0,0.0,29.6,13.9,True,20,3,True,0.0,0.0,0.0,0.0,0.0,0.0,0.0,0.0,0.0,0.0,,,0.0,0,0
2026-07-23 20:35:27.849976,Egmore,13.0732,80.2609,14,25,3,1,1.0,False,2026-07-23 20:00:00,0.0,0.0,29.6,13.9,True,20,3,True,0.0,0.0,0.0,0.0,0.0,1.0,0.0,5.0,6.0,3.0,,,0.0,0,0
2026-07-23 20:35:27.849976,Central_Station,13.0827,80.2757,10,25,900,360,1.0,False,2026-07-23 20:00:00,0.0,0.0,29.6,13.9,True,20,3,True,0.0,0.0,1.0,3.0,0.0,1.0,0.0,0.0,5.0,13.0,,,0.0,0,0
2026-07-23 20:35:27.849976,Koyambedu,13.0694,80.1948,18,18,243,243,1.0,False,2026-07-23 20:00:00,0.0,0.0,29.6,13.9,True,20,3,True,0.0,0.0,0.0,0.0,0.0,0.0,0.0,0.0,0.0,0.0,,,0.0,0,0
2026-07-23 20:35:27.849976,Vadapalani,13.0503,80.2121,23,30,360,276,1.0,False,2026-07-23 20:00:00,0.0,0.0,29.6,13.9,True,20,3,True,4.0,0.0,2.0,0.0,1.0,1.0,0.0,0.0,8.0,8.5,,,0.0,0,0
2026-07-23 20:35:27.849976,Ashok_Nagar,13.0385,80.2107,27,35,2654,2047,0.999858,False,2026-07-23 20:00:00,0.0,0.0,29.6,13.9,True,20,3,True,0.0,0.0,0.0,0.0,0.0,0.0,0.0,0.0,0.0,0.0,,,0.0,0,0
2026-07-23 20:35:27.849976,Kelambakkam_OMR,12.7925,80.2183,51,51,1338,1338,1.0,False,2026-07-23 20:00:00,0.0,0.0,29.6,13.9,True,20,3,True,0.0,0.0,0.0,0.0,0.0,0.0,0.0,0.0,0.0,0.0,,,0.0,0,0
2026-07-23 20:35:27.849976,Perungudi_OMR,12.9634,80.2431,18,24,138,103,0.990942,False,2026-07-23 20:00:00,0.0,0.0,29.6,13.9,True,20,3,True,0.0,0.0,0.0,0.0,0.0,0.0,0.0,0.0,0.0,0.0,,,0.0,0,0
2026-07-23 20:35:27.849976,Thoraipakkam_OMR,12.9407,80.235,20,20,523,523,1.0,False,2026-07-23 20:00:00,0.0,0.0,29.6,13.9,True,20,3,True,0.0,0.0,0.0,0.0,0.0,0.0,0.0,0.0,0.0,0.0,,,0.0,0,0
2026-07-23 20:35:27.849976,Porur,13.0381,80.1564,19,19,129,129,1.0,False,2026-07-23 20:00:00,0.0,0.0,29.6,13.9,True,20,3,True,4.0,1.0,0.0,2.0,0.0,2.0,0.0,2.0,11.0,14.8,,,0.0,0,0
2026-07-23 20:35:27.849976,Anna_Nagar_Roundtana,13.085,80.2101,15,15,66,66,1.0,False,2026-07-23 20:00:00,0.0,0.0,29.6,13.9,True,20,3,True,2.0,0.0,5.0,0.0,2.0,1.0,0.0,2.0,12.0,12.0,,,0.0,0,0
2026-07-23 20:35:27.849976,Perambur,13.1141,80.2417,16,25,1618,1036,0.999462,False,2026-07-23 20:00:00,0.0,0.0,29.6,13.9,True,20,3,True,0.0,0.0,0.0,0.0,0.0,0.0,0.0,0.0,0.0,0.0,,,0.0,0,0
2026-07-23 20:35:27.849976,Mylapore,13.0339,80.2698,14,17,538,443,0.810412,True,2026-07-23 20:00:00,0.0,0.0,29.6,13.9,True,20,3,True,0.0,0.0,0.0,0.0,0.0,0.0,0.0,0.0,0.0,0.0,,,0.0,0,0
2026-07-23 20:35:27.849976,Chromepet,12.9516,80.1462,26,38,2745,1878,1.0,False,2026-07-23 20:00:00,0.0,0.0,29.6,13.9,True,20,3,True,0.0,0.0,0.0,0.0,0.0,0.0,0.0,0.0,0.0,0.0,,,0.0,0,0
2026-07-23 20:35:27.849976,Velachery_Junction,12.9791,80.2211,23,33,1869,1302,0.99786,False,2026-07-23 20:00:00,0.0,0.0,29.6,13.9,True,20,3,True,2.0,1.0,4.0,1.0,2.0,0.0,1.0,1.0,12.0,12.3,,,0.0,0,0
2026-07-23 20:35:27.849976,Tambaram,12.9249,80.1,23,29,1177,933,0.995185,False,2026-07-23 20:00:00,0.0,0.0,29.6,13.9,True,20,3,True,0.0,0.0,0.0,0.0,0.0,0.0,0.0,0.0,0.0,0.0,,,0.0,0,0
2026-07-23 20:40:26.177483,Ashok_Nagar,13.0385,80.2107,26,35,2756,2047,1.0,False,2026-07-23 20:00:00,0.0,0.0,29.6,13.9,True,20,3,True,0.0,0.0,0.0,0.0,0.0,0.0,0.0,0.0,0.0,0.0,,,0.0,0,0
2026-07-23 20:40:26.177483,Central_Station,13.0827,80.2757,10,27,900,333,0.998701,False,2026-07-23 20:00:00,0.0,0.0,29.6,13.9,True,20,3,True,0.0,0.0,1.0,3.0,0.0,1.0,0.0,0.0,5.0,13.0,,,0.0,0,0
2026-07-23 20:40:26.177483,Guindy,13.0067,80.2206,24,33,1791,1302,0.997994,False,2026-07-23 20:00:00,0.0,0.0,29.6,13.9,True,20,3,True,0.0,0.0,0.0,0.0,0.0,0.0,0.0,0.0,0.0,0.0,,,0.0,0,0
2026-07-23 20:40:26.177483,Koyambedu,13.0694,80.1948,18,18,243,243,1.0,False,2026-07-23 20:00:00,0.0,0.0,29.6,13.9,True,20,3,True,0.0,0.0,0.0,0.0,0.0,0.0,0.0,0.0,0.0,0.0,,,0.0,0,0
2026-07-23 20:40:26.177483,Velachery_Junction,12.9791,80.2211,24,33,1791,1302,0.997994,False,2026-07-23 20:00:00,0.0,0.0,29.6,13.9,True,20,3,True,2.0,1.0,4.0,1.0,2.0,0.0,1.0,1.0,12.0,12.3,,,0.0,0,0
2026-07-23 20:40:26.177483,Egmore,13.0732,80.2609,13,24,3,1,1.0,False,2026-07-23 20:00:00,0.0,0.0,29.6,13.9,True,20,3,True,0.0,0.0,0.0,0.0,0.0,1.0,0.0,5.0,6.0,3.0,,,0.0,0,0
2026-07-23 20:40:26.177483,Anna_Salai_Teynampet,13.0455,80.25,23,32,1829,1314,0.968595,True,2026-07-23 20:00:00,0.0,0.0,29.6,13.9,True,20,3,True,0.0,0.0,0.0,0.0,0.0,0.0,0.0,0.0,0.0,0.0,,,0.0,0,0
2026-07-23 20:40:26.177483,T_Nagar_Panagal,13.0418,80.2341,25,31,310,250,1.0,False,2026-07-23 20:00:00,0.0,0.0,29.6,13.9,True,20,3,True,0.0,0.0,0.0,0.0,0.0,0.0,0.0,0.0,0.0,0.0,,,0.0,0,0
2026-07-23 20:40:26.177483,Perungudi_OMR,12.9634,80.2431,18,24,138,103,0.99,False,2026-07-23 20:00:00,0.0,0.0,29.6,13.9,True,20,3,True,0.0,0.0,0.0,0.0,0.0,0.0,0.0,0.0,0.0,0.0,,,0.0,0,0
2026-07-23 20:40:26.177483,Kathipara,13.0107,80.2016,28,28,158,158,1.0,False,2026-07-23 20:00:00,0.0,0.0,29.6,13.9,True,20,3,True,0.0,0.0,0.0,0.0,0.0,0.0,0.0,0.0,0.0,0.0,,,0.0,0,0
2026-07-23 20:40:26.177483,Porur,13.0381,80.1564,19,19,129,129,1.0,False,2026-07-23 20:00:00,0.0,0.0,29.6,13.9,True,20,3,True,4.0,1.0,0.0,2.0,0.0,2.0,0.0,2.0,11.0,14.8,,,0.0,0,0
2026-07-23 20:40:26.177483,Adyar_Signal,13.0064,80.257,16,25,720,460,0.950816,True,2026-07-23 20:00:00,0.0,0.0,29.6,13.9,True,20,3,True,0.0,0.0,0.0,0.0,0.0,0.0,0.0,0.0,0.0,0.0,,,0.0,0,0
2026-07-23 20:40:26.177483,Tambaram,12.9249,80.1,22,29,1230,933,0.996255,False,2026-07-23 20:00:00,0.0,0.0,29.6,13.9,True,20,3,True,0.0,0.0,0.0,0.0,0.0,0.0,0.0,0.0,0.0,0.0,,,0.0,0,0
2026-07-23 20:40:26.177483,Kelambakkam_OMR,12.7925,80.2183,51,51,1338,1338,1.0,False,2026-07-23 20:00:00,0.0,0.0,29.6,13.9,True,20,3,True,0.0,0.0,0.0,0.0,0.0,0.0,0.0,0.0,0.0,0.0,,,0.0,0,0
2026-07-23 20:40:26.177483,Thoraipakkam_OMR,12.9407,80.235,17,20,616,523,0.934326,False,2026-07-23 20:00:00,0.0,0.0,29.6,13.9,True,20,3,True,0.0,0.0,0.0,0.0,0.0,0.0,0.0,0.0,0.0,0.0,,,0.0,0,0
2026-07-23 20:40:26.177483,Vadapalani,13.0503,80.2121,19,30,435,276,1.0,False,2026-07-23 20:00:00,0.0,0.0,29.6,13.9,True,20,3,True,4.0,0.0,2.0,0.0,1.0,1.0,0.0,0.0,8.0,8.5,,,0.0,0,0
2026-07-23 20:40:26.177483,Anna_Nagar_Roundtana,13.085,80.2101,12,15,83,66,1.0,False,2026-07-23 20:00:00,0.0,0.0,29.6,13.9,True,20,3,True,2.0,0.0,5.0,0.0,2.0,1.0,0.0,2.0,12.0,12.0,,,0.0,0,0
2026-07-23 20:40:26.177483,Chromepet,12.9516,80.1462,27,38,2643,1878,1.0,False,2026-07-23 20:00:00,0.0,0.0,29.6,13.9,True,20,3,True,0.0,0.0,0.0,0.0,0.0,0.0,0.0,0.0,0.0,0.0,,,0.0,0,0
2026-07-23 20:40:26.177483,Mylapore,13.0339,80.2698,14,16,538,471,0.769624,True,2026-07-23 20:00:00,0.0,0.0,29.6,13.9,True,20,3,True,0.0,0.0,0.0,0.0,0.0,0.0,0.0,0.0,0.0,0.0,,,0.0,0,0
2026-07-23 20:40:26.177483,Perambur,13.1141,80.2417,16,24,1618,1079,1.0,False,2026-07-23 20:00:00,0.0,0.0,29.6,13.9,True,20,3,True,0.0,0.0,0.0,0.0,0.0,0.0,0.0,0.0,0.0,0.0,,,0.0,0,0
2026-07-23 20:45:26.606032,Egmore,13.0732,80.2609,25,25,1,1,1.0,False,2026-07-23 20:00:00,0.0,0.0,29.6,13.9,True,20,3,True,0.0,0.0,0.0,0.0,0.0,1.0,0.0,5.0,6.0,3.0,,,0.0,0,0
2026-07-23 20:45:26.606032,Adyar_Signal,13.0064,80.257,15,25,768,460,0.953375,True,2026-07-23 20:00:00,0.0,0.0,29.6,13.9,True,20,3,True,0.0,0.0,0.0,0.0,0.0,0.0,0.0,0.0,0.0,0.0,,,0.0,0,0
2026-07-23 20:45:26.606032,Kathipara,13.0107,80.2016,24,28,185,158,0.998462,False,2026-07-23 20:00:00,0.0,0.0,29.6,13.9,True,20,3,True,0.0,0.0,0.0,0.0,0.0,0.0,0.0,0.0,0.0,0.0,,,0.0,0,0
2026-07-23 20:45:26.606032,Guindy,13.0067,80.2206,25,33,1719,1302,0.997745,False,2026-07-23 20:00:00,0.0,0.0,29.6,13.9,True,20,3,True,0.0,0.0,0.0,0.0,0.0,0.0,0.0,0.0,0.0,0.0,,,0.0,0,0
2026-07-23 20:45:26.606032,T_Nagar_Panagal,13.0418,80.2341,26,32,298,242,1.0,False,2026-07-23 20:00:00,0.0,0.0,29.6,13.9,True,20,3,True,0.0,0.0,0.0,0.0,0.0,0.0,0.0,0.0,0.0,0.0,,,0.0,0,0
2026-07-23 20:45:26.606032,Anna_Salai_Teynampet,13.0455,80.25,24,32,1752,1314,0.968595,True,2026-07-23 20:00:00,0.0,0.0,29.6,13.9,True,20,3,True,0.0,0.0,0.0,0.0,0.0,0.0,0.0,0.0,0.0,0.0,,,0.0,0,0
2026-07-23 20:45:26.606032,Central_Station,13.0827,80.2757,9,25,1001,360,1.0,False,2026-07-23 20:00:00,0.0,0.0,29.6,13.9,True,20,3,True,0.0,0.0,1.0,3.0,0.0,1.0,0.0,0.0,5.0,13.0,,,0.0,0,0
2026-07-23 20:45:26.606032,Koyambedu,13.0694,80.1948,18,18,243,243,1.0,False,2026-07-23 20:00:00,0.0,0.0,29.6,13.9,True,20,3,True,0.0,0.0,0.0,0.0,0.0,0.0,0.0,0.0,0.0,0.0,,,0.0,0,0
2026-07-23 20:45:26.606032,Ashok_Nagar,13.0385,80.2107,26,34,2756,2107,0.999886,False,2026-07-23 20:00:00,0.0,0.0,29.6,13.9,True,20,3,True,0.0,0.0,0.0,0.0,0.0,0.0,0.0,0.0,0.0,0.0,,,0.0,0,0
2026-07-23 20:45:26.606032,Vadapalani,13.0503,80.2121,21,31,394,267,1.0,False,2026-07-23 20:00:00,0.0,0.0,29.6,13.9,True,20,3,True,4.0,0.0,2.0,0.0,1.0,1.0,0.0,0.0,8.0,8.5,,,0.0,0,0
2026-07-23 20:45:26.606032,Velachery_Junction,12.9791,80.2211,25,33,1719,1302,0.997745,False,2026-07-23 20:00:00,0.0,0.0,29.6,13.9,True,20,3,True,2.0,1.0,4.0,1.0,2.0,0.0,1.0,1.0,12.0,12.3,,,0.0,0,0
2026-07-23 20:45:26.606032,Perungudi_OMR,12.9634,80.2431,24,24,103,103,1.0,False,2026-07-23 20:00:00,0.0,0.0,29.6,13.9,True,20,3,True,0.0,0.0,0.0,0.0,0.0,0.0,0.0,0.0,0.0,0.0,,,0.0,0,0
2026-07-23 20:45:26.606032,Thoraipakkam_OMR,12.9407,80.235,20,20,523,523,1.0,False,2026-07-23 20:00:00,0.0,0.0,29.6,13.9,True,20,3,True,0.0,0.0,0.0,0.0,0.0,0.0,0.0,0.0,0.0,0.0,,,0.0,0,0
2026-07-23 20:45:26.606032,Anna_Nagar_Roundtana,13.085,80.2101,15,15,66,66,1.0,False,2026-07-23 20:00:00,0.0,0.0,29.6,13.9,True,20,3,True,2.0,0.0,5.0,0.0,2.0,1.0,0.0,2.0,12.0,12.0,,,0.0,0,0
2026-07-23 20:45:26.606032,Perambur,13.1141,80.2417,16,24,1618,1079,1.0,False,2026-07-23 20:00:00,0.0,0.0,29.6,13.9,True,20,3,True,0.0,0.0,0.0,0.0,0.0,0.0,0.0,0.0,0.0,0.0,,,0.0,0,0
2026-07-23 20:45:26.606032,Mylapore,13.0339,80.2698,16,17,471,443,0.777033,True,2026-07-23 20:00:00,0.0,0.0,29.6,13.9,True,20,3,True,0.0,0.0,0.0,0.0,0.0,0.0,0.0,0.0,0.0,0.0,,,0.0,0,0
2026-07-23 20:45:26.606032,Chromepet,12.9516,80.1462,27,38,2643,1878,1.0,False,2026-07-23 20:00:00,0.0,0.0,29.6,13.9,True,20,3,True,0.0,0.0,0.0,0.0,0.0,0.0,0.0,0.0,0.0,0.0,,,0.0,0,0
2026-07-23 20:45:26.606032,Kelambakkam_OMR,12.7925,80.2183,51,51,1338,1338,1.0,False,2026-07-23 20:00:00,0.0,0.0,29.6,13.9,True,20,3,True,0.0,0.0,0.0,0.0,0.0,0.0,0.0,0.0,0.0,0.0,,,0.0,0,0
2026-07-23 20:45:26.606032,Porur,13.0381,80.1564,14,19,175,129,0.99,False,2026-07-23 20:00:00,0.0,0.0,29.6,13.9,True,20,3,True,4.0,1.0,0.0,2.0,0.0,2.0,0.0,2.0,11.0,14.8,,,0.0,0,0
2026-07-23 20:45:26.606032,Tambaram,12.9249,80.1,22,29,1230,933,0.994661,False,2026-07-23 20:00:00,0.0,0.0,29.6,13.9,True,20,3,True,0.0,0.0,0.0,0.0,0.0,0.0,0.0,0.0,0.0,0.0,,,0.0,0,0
2026-07-23 20:50:26.612943,Central_Station,13.0827,80.2757,9,26,1001,346,0.998534,False,2026-07-23 20:00:00,0.0,0.0,29.6,13.9,True,20,3,True,0.0,0.0,1.0,3.0,0.0,1.0,0.0,0.0,5.0,13.0,,,0.0,0,0
2026-07-23 20:50:26.612943,Vadapalani,13.0503,80.2121,21,31,394,267,1.0,False,2026-07-23 20:00:00,0.0,0.0,29.6,13.9,True,20,3,True,4.0,0.0,2.0,0.0,1.0,1.0,0.0,0.0,8.0,8.5,,,0.0,0,0
2026-07-23 20:50:26.612943,Koyambedu,13.0694,80.1948,18,18,243,243,1.0,False,2026-07-23 20:00:00,0.0,0.0,29.6,13.9,True,20,3,True,0.0,0.0,0.0,0.0,0.0,0.0,0.0,0.0,0.0,0.0,,,0.0,0,0
2026-07-23 20:50:26.612943,Anna_Salai_Teynampet,13.0455,80.25,26,32,1618,1314,0.968595,True,2026-07-23 20:00:00,0.0,0.0,29.6,13.9,True,20,3,True,0.0,0.0,0.0,0.0,0.0,0.0,0.0,0.0,0.0,0.0,,,0.0,0,0
2026-07-23 20:50:26.612943,Egmore,13.0732,80.2609,10,24,4,1,1.0,False,2026-07-23 20:00:00,0.0,0.0,29.6,13.9,True,20,3,True,0.0,0.0,0.0,0.0,0.0,1.0,0.0,5.0,6.0,3.0,,,0.0,0,0
2026-07-23 20:50:26.612943,Kathipara,13.0107,80.2016,28,28,158,158,1.0,False,2026-07-23 20:00:00,0.0,0.0,29.6,13.9,True,20,3,True,0.0,0.0,0.0,0.0,0.0,0.0,0.0,0.0,0.0,0.0,,,0.0,0,0
2026-07-23 20:50:26.612943,Velachery_Junction,12.9791,80.2211,26,33,1653,1302,0.998872,False,2026-07-23 20:00:00,0.0,0.0,29.6,13.9,True,20,3,True,2.0,1.0,4.0,1.0,2.0,0.0,1.0,1.0,12.0,12.3,,,0.0,0,0
2026-07-23 20:50:26.612943,Ashok_Nagar,13.0385,80.2107,27,35,2654,2047,1.0,False,2026-07-23 20:00:00,0.0,0.0,29.6,13.9,True,20,3,True,0.0,0.0,0.0,0.0,0.0,0.0,0.0,0.0,0.0,0.0,,,0.0,0,0
2026-07-23 20:50:26.612943,T_Nagar_Panagal,13.0418,80.2341,32,32,242,242,1.0,False,2026-07-23 20:00:00,0.0,0.0,29.6,13.9,True,20,3,True,0.0,0.0,0.0,0.0,0.0,0.0,0.0,0.0,0.0,0.0,,,0.0,0,0
2026-07-23 20:50:26.612943,Adyar_Signal,13.0064,80.257,18,24,640,480,0.953375,True,2026-07-23 20:00:00,0.0,0.0,29.6,13.9,True,20,3,True,0.0,0.0,0.0,0.0,0.0,0.0,0.0,0.0,0.0,0.0,,,0.0,0,0
2026-07-23 20:50:26.612943,Thoraipakkam_OMR,12.9407,80.235,20,20,523,523,1.0,False,2026-07-23 20:00:00,0.0,0.0,29.6,13.9,True,20,3,True,0.0,0.0,0.0,0.0,0.0,0.0,0.0,0.0,0.0,0.0,,,0.0,0,0
2026-07-23 20:50:26.612943,Tambaram,12.9249,80.1,23,28,1177,966,0.992463,False,2026-07-23 20:00:00,0.0,0.0,29.6,13.9,True,20,3,True,0.0,0.0,0.0,0.0,0.0,0.0,0.0,0.0,0.0,0.0,,,0.0,0,0
2026-07-23 20:50:26.612943,Mylapore,13.0339,80.2698,16,17,471,443,0.770369,True,2026-07-23 20:00:00,0.0,0.0,29.6,13.9,True,20,3,True,0.0,0.0,0.0,0.0,0.0,0.0,0.0,0.0,0.0,0.0,,,0.0,0,0
2026-07-23 20:50:26.612943,Perungudi_OMR,12.9634,80.2431,15,24,166,103,0.99,False,2026-07-23 20:00:00,0.0,0.0,29.6,13.9,True,20,3,True,0.0,0.0,0.0,0.0,0.0,0.0,0.0,0.0,0.0,0.0,,,0.0,0,0
2026-07-23 20:50:26.612943,Kelambakkam_OMR,12.7925,80.2183,51,51,1338,1338,1.0,False,2026-07-23 20:00:00,0.0,0.0,29.6,13.9,True,20,3,True,0.0,0.0,0.0,0.0,0.0,0.0,0.0,0.0,0.0,0.0,,,0.0,0,0
2026-07-23 20:50:26.612943,Chromepet,12.9516,80.1462,27,38,2643,1878,1.0,False,2026-07-23 20:00:00,0.0,0.0,29.6,13.9,True,20,3,True,0.0,0.0,0.0,0.0,0.0,0.0,0.0,0.0,0.0,0.0,,,0.0,0,0
2026-07-23 20:50:26.612943,Perambur,13.1141,80.2417,18,25,1439,1036,0.997732,False,2026-07-23 20:00:00,0.0,0.0,29.6,13.9,True,20,3,True,0.0,0.0,0.0,0.0,0.0,0.0,0.0,0.0,0.0,0.0,,,0.0,0,0
2026-07-23 20:50:26.612943,Porur,13.0381,80.1564,19,19,129,129,1.0,False,2026-07-23 20:00:00,0.0,0.0,29.6,13.9,True,20,3,True,4.0,1.0,0.0,2.0,0.0,2.0,0.0,2.0,11.0,14.8,,,0.0,0,0
2026-07-23 20:50:26.612943,Anna_Nagar_Roundtana,13.085,80.2101,12,15,83,66,1.0,False,2026-07-23 20:00:00,0.0,0.0,29.6,13.9,True,20,3,True,2.0,0.0,5.0,0.0,2.0,1.0,0.0,2.0,12.0,12.0,,,0.0,0,0
2026-07-23 20:50:26.612943,Guindy,13.0067,80.2206,26,33,1653,1302,0.998872,False,2026-07-23 20:00:00,0.0,0.0,29.6,13.9,True,20,3,True,0.0,0.0,0.0,0.0,0.0,0.0,0.0,0.0,0.0,0.0,,,0.0,0,0
2026-07-23 20:55:26.094915,Kathipara,13.0107,80.2016,28,28,158,158,1.0,False,2026-07-23 20:00:00,0.0,0.0,29.6,13.9,True,20,3,True,0.0,0.0,0.0,0.0,0.0,0.0,0.0,0.0,0.0,0.0,,,0.0,0,0
2026-07-23 20:55:26.094915,Velachery_Junction,12.9791,80.2211,25,33,1719,1302,0.997822,False,2026-07-23 20:00:00,0.0,0.0,29.6,13.9,True,20,3,True,2.0,1.0,4.0,1.0,2.0,0.0,1.0,1.0,12.0,12.3,,,0.0,0,0
2026-07-23 20:55:26.094915,Egmore,13.0732,80.2609,25,25,1,1,1.0,False,2026-07-23 20:00:00,0.0,0.0,29.6,13.9,True,20,3,True,0.0,0.0,0.0,0.0,0.0,1.0,0.0,5.0,6.0,3.0,,,0.0,0,0
2026-07-23 20:55:26.094915,Koyambedu,13.0694,80.1948,18,18,243,243,1.0,False,2026-07-23 20:00:00,0.0,0.0,29.6,13.9,True,20,3,True,0.0,0.0,0.0,0.0,0.0,0.0,0.0,0.0,0.0,0.0,,,0.0,0,0
2026-07-23 20:55:26.094915,Perambur,13.1141,80.2417,17,24,1523,1079,0.998133,False,2026-07-23 20:00:00,0.0,0.0,29.6,13.9,True,20,3,True,0.0,0.0,0.0,0.0,0.0,0.0,0.0,0.0,0.0,0.0,,,0.0,0,0
2026-07-23 20:55:26.094915,Ashok_Nagar,13.0385,80.2107,27,34,2654,2107,1.0,False,2026-07-23 20:00:00,0.0,0.0,29.6,13.9,True,20,3,True,0.0,0.0,0.0,0.0,0.0,0.0,0.0,0.0,0.0,0.0,,,0.0,0,0
2026-07-23 20:55:26.094915,Central_Station,13.0827,80.2757,12,26,750,346,0.99801,False,2026-07-23 20:00:00,0.0,0.0,29.6,13.9,True,20,3,True,0.0,0.0,1.0,3.0,0.0,1.0,0.0,0.0,5.0,13.0,,,0.0,0,0
2026-07-23 20:55:26.094915,Guindy,13.0067,80.2206,25,33,1719,1302,0.997822,False,2026-07-23 20:00:00,0.0,0.0,29.6,13.9,True,20,3,True,0.0,0.0,0.0,0.0,0.0,0.0,0.0,0.0,0.0,0.0,,,0.0,0,0
2026-07-23 20:55:26.094915,Vadapalani,13.0503,80.2121,21,29,394,285,1.0,False,2026-07-23 20:00:00,0.0,0.0,29.6,13.9,True,20,3,True,4.0,0.0,2.0,0.0,1.0,1.0,0.0,0.0,8.0,8.5,,,0.0,0,0
2026-07-23 20:55:26.094915,Adyar_Signal,13.0064,80.257,16,24,720,480,0.953378,True,2026-07-23 20:00:00,0.0,0.0,29.6,13.9,True,20,3,True,0.0,0.0,0.0,0.0,0.0,0.0,0.0,0.0,0.0,0.0,,,0.0,0,0
2026-07-23 20:55:26.094915,Porur,13.0381,80.1564,19,19,129,129,1.0,False,2026-07-23 20:00:00,0.0,0.0,29.6,13.9,True,20,3,True,4.0,1.0,0.0,2.0,0.0,2.0,0.0,2.0,11.0,14.8,,,0.0,0,0
2026-07-23 20:55:26.094915,Tambaram,12.9249,80.1,28,28,966,966,1.0,False,2026-07-23 20:00:00,0.0,0.0,29.6,13.9,True,20,3,True,0.0,0.0,0.0,0.0,0.0,0.0,0.0,0.0,0.0,0.0,,,0.0,0,0
2026-07-23 20:55:26.094915,Anna_Nagar_Roundtana,13.085,80.2101,12,15,83,66,1.0,False,2026-07-23 20:00:00,0.0,0.0,29.6,13.9,True,20,3,True,2.0,0.0,5.0,0.0,2.0,1.0,0.0,2.0,12.0,12.0,,,0.0,0,0
2026-07-23 20:55:26.094915,Thoraipakkam_OMR,12.9407,80.235,20,20,523,523,1.0,False,2026-07-23 20:00:00,0.0,0.0,29.6,13.9,True,20,3,True,0.0,0.0,0.0,0.0,0.0,0.0,0.0,0.0,0.0,0.0,,,0.0,0,0
2026-07-23 20:55:26.094915,Anna_Salai_Teynampet,13.0455,80.25,25,32,1682,1314,0.968595,True,2026-07-23 20:00:00,0.0,0.0,29.6,13.9,True,20,3,True,0.0,0.0,0.0,0.0,0.0,0.0,0.0,0.0,0.0,0.0,,,0.0,0,0
2026-07-23 20:55:26.094915,T_Nagar_Panagal,13.0418,80.2341,26,32,298,242,1.0,False,2026-07-23 20:00:00,0.0,0.0,29.6,13.9,True,20,3,True,0.0,0.0,0.0,0.0,0.0,0.0,0.0,0.0,0.0,0.0,,,0.0,0,0
2026-07-23 20:55:26.094915,Kelambakkam_OMR,12.7925,80.2183,51,51,1338,1338,1.0,False,2026-07-23 20:00:00,0.0,0.0,29.6,13.9,True,20,3,True,0.0,0.0,0.0,0.0,0.0,0.0,0.0,0.0,0.0,0.0,,,0.0,0,0
2026-07-23 20:55:26.094915,Perungudi_OMR,12.9634,80.2431,24,24,103,103,1.0,False,2026-07-23 20:00:00,0.0,0.0,29.6,13.9,True,20,3,True,0.0,0.0,0.0,0.0,0.0,0.0,0.0,0.0,0.0,0.0,,,0.0,0,0
2026-07-23 20:55:26.094915,Mylapore,13.0339,80.2698,14,17,538,443,0.760357,True,2026-07-23 20:00:00,0.0,0.0,29.6,13.9,True,20,3,True,0.0,0.0,0.0,0.0,0.0,0.0,0.0,0.0,0.0,0.0,,,0.0,0,0
2026-07-23 20:55:26.094915,Chromepet,12.9516,80.1462,27,38,2643,1878,1.0,False,2026-07-23 20:00:00,0.0,0.0,29.6,13.9,True,20,3,True,0.0,0.0,0.0,0.0,0.0,0.0,0.0,0.0,0.0,0.0,,,0.0,0,0
2026-07-23 21:20:26.325773,Ashok_Nagar,13.0385,80.2107,28,34,2559,2107,1.0,False,2026-07-23 21:00:00,0.0,0.0,29.6,10.0,True,21,3,False,0.0,0.0,0.0,0.0,0.0,0.0,0.0,0.0,0.0,0.0,,,0.0,0,0
2026-07-23 21:20:26.325773,Adyar_Signal,13.0064,80.257,19,25,606,460,0.953375,True,2026-07-23 21:00:00,0.0,0.0,29.6,10.0,True,21,3,False,0.0,0.0,0.0,0.0,0.0,0.0,0.0,0.0,0.0,0.0,,,0.0,0,0
2026-07-23 21:20:26.325773,Guindy,13.0067,80.2206,26,33,1653,1302,0.997923,False,2026-07-23 21:00:00,0.0,0.0,29.6,10.0,True,21,3,False,0.0,0.0,0.0,0.0,0.0,0.0,0.0,0.0,0.0,0.0,,,0.0,0,0
2026-07-23 21:20:26.325773,T_Nagar_Panagal,13.0418,80.2341,32,32,242,242,1.0,False,2026-07-23 21:00:00,0.0,0.0,29.6,10.0,True,21,3,False,0.0,0.0,0.0,0.0,0.0,0.0,0.0,0.0,0.0,0.0,,,0.0,0,0
2026-07-23 21:20:26.325773,Anna_Salai_Teynampet,13.0455,80.25,26,32,1618,1314,0.9663,True,2026-07-23 21:00:00,0.0,0.0,29.6,10.0,True,21,3,False,0.0,0.0,0.0,0.0,0.0,0.0,0.0,0.0,0.0,0.0,,,0.0,0,0
2026-07-23 21:20:26.325773,Egmore,13.0732,80.2609,20,25,2,1,1.0,False,2026-07-23 21:00:00,0.0,0.0,29.6,10.0,True,21,3,False,0.0,0.0,0.0,0.0,0.0,1.0,0.0,5.0,6.0,3.0,,,0.0,0,0
2026-07-23 21:20:26.325773,Central_Station,13.0827,80.2757,15,25,600,360,1.0,False,2026-07-23 21:00:00,0.0,0.0,29.6,10.0,True,21,3,False,0.0,0.0,1.0,3.0,0.0,1.0,0.0,0.0,5.0,13.0,,,0.0,0,0
2026-07-23 21:20:26.325773,Koyambedu,13.0694,80.1948,18,18,243,243,1.0,False,2026-07-23 21:00:00,0.0,0.0,29.6,10.0,True,21,3,False,0.0,0.0,0.0,0.0,0.0,0.0,0.0,0.0,0.0,0.0,,,0.0,0,0
2026-07-23 21:20:26.325773,Vadapalani,13.0503,80.2121,16,29,517,285,1.0,False,2026-07-23 21:00:00,0.0,0.0,29.6,10.0,True,21,3,False,4.0,0.0,2.0,0.0,1.0,1.0,0.0,0.0,8.0,8.5,,,0.0,0,0
2026-07-23 21:20:26.325773,Kathipara,13.0107,80.2016,28,28,158,158,1.0,False,2026-07-23 21:00:00,0.0,0.0,29.6,10.0,True,21,3,False,0.0,0.0,0.0,0.0,0.0,0.0,0.0,0.0,0.0,0.0,,,0.0,0,0
2026-07-23 21:20:26.325773,Chromepet,12.9516,80.1462,29,38,2461,1878,1.0,False,2026-07-23 21:00:00,0.0,0.0,29.6,10.0,True,21,3,False,0.0,0.0,0.0,0.0,0.0,0.0,0.0,0.0,0.0,0.0,,,0.0,0,0
2026-07-23 21:20:26.325773,Perungudi_OMR,12.9634,80.2431,24,24,103,103,1.0,False,2026-07-23 21:00:00,0.0,0.0,29.6,10.0,True,21,3,False,0.0,0.0,0.0,0.0,0.0,0.0,0.0,0.0,0.0,0.0,,,0.0,0,0
2026-07-23 21:20:26.325773,Thoraipakkam_OMR,12.9407,80.235,18,20,581,523,0.951887,False,2026-07-23 21:00:00,0.0,0.0,29.6,10.0,True,21,3,False,0.0,0.0,0.0,0.0,0.0,0.0,0.0,0.0,0.0,0.0,,,0.0,0,0
2026-07-23 21:20:26.325773,Porur,13.0381,80.1564,19,19,129,129,1.0,False,2026-07-23 21:00:00,0.0,0.0,29.6,10.0,True,21,3,False,4.0,1.0,0.0,2.0,0.0,2.0,0.0,2.0,11.0,14.8,,,0.0,0,0
2026-07-23 21:20:26.325773,Anna_Nagar_Roundtana,13.085,80.2101,12,15,83,66,0.99,False,2026-07-23 21:00:00,0.0,0.0,29.6,10.0,True,21,3,False,2.0,0.0,5.0,0.0,2.0,1.0,0.0,2.0,12.0,12.0,,,0.0,0,0
2026-07-23 21:20:26.325773,Perambur,13.1141,80.2417,18,24,1439,1079,0.993626,False,2026-07-23 21:00:00,0.0,0.0,29.6,10.0,True,21,3,False,0.0,0.0,0.0,0.0,0.0,0.0,0.0,0.0,0.0,0.0,,,0.0,0,0
2026-07-23 21:20:26.325773,Mylapore,13.0339,80.2698,16,17,471,443,0.777596,True,2026-07-23 21:00:00,0.0,0.0,29.6,10.0,True,21,3,False,0.0,0.0,0.0,0.0,0.0,0.0,0.0,0.0,0.0,0.0,,,0.0,0,0
2026-07-23 21:20:26.325773,Velachery_Junction,12.9791,80.2211,26,33,1653,1302,0.997923,False,2026-07-23 21:00:00,0.0,0.0,29.6,10.0,True,21,3,False,2.0,1.0,4.0,1.0,2.0,0.0,1.0,1.0,12.0,12.3,,,0.0,0,0
2026-07-23 21:20:26.325773,Kelambakkam_OMR,12.7925,80.2183,42,51,1625,1338,0.994619,False,2026-07-23 21:00:00,0.0,0.0,29.6,10.0,True,21,3,False,0.0,0.0,0.0,0.0,0.0,0.0,0.0,0.0,0.0,0.0,,,0.0,0,0
2026-07-23 21:20:26.325773,Tambaram,12.9249,80.1,24,28,1127,966,0.994598,False,2026-07-23 21:00:00,0.0,0.0,29.6,10.0,True,21,3,False,0.0,0.0,0.0,0.0,0.0,0.0,0.0,0.0,0.0,0.0,,,0.0,0,0
2026-07-23 21:25:26.858232,Ashok_Nagar,13.0385,80.2107,29,35,2471,2047,0.999456,False,2026-07-23 21:00:00,0.0,0.0,29.6,10.0,True,21,3,False,0.0,0.0,0.0,0.0,0.0,0.0,0.0,0.0,0.0,0.0,,,0.0,0,0
2026-07-23 21:25:26.858232,Koyambedu,13.0694,80.1948,18,18,243,243,1.0,False,2026-07-23 21:00:00,0.0,0.0,29.6,10.0,True,21,3,False,0.0,0.0,0.0,0.0,0.0,0.0,0.0,0.0,0.0,0.0,,,0.0,0,0
2026-07-23 21:25:26.858232,Guindy,13.0067,80.2206,27,33,1592,1302,0.996688,False,2026-07-23 21:00:00,0.0,0.0,29.6,10.0,True,21,3,False,0.0,0.0,0.0,0.0,0.0,0.0,0.0,0.0,0.0,0.0,,,0.0,0,0
2026-07-23 21:25:26.858232,Vadapalani,13.0503,80.2121,14,30,591,276,0.997385,False,2026-07-23 21:00:00,0.0,0.0,29.6,10.0,True,21,3,False,4.0,0.0,2.0,0.0,1.0,1.0,0.0,0.0,8.0,8.5,,,0.0,0,0
2026-07-23 21:25:26.858232,Adyar_Signal,13.0064,80.257,19,25,606,460,0.953375,True,2026-07-23 21:00:00,0.0,0.0,29.6,10.0,True,21,3,False,0.0,0.0,0.0,0.0,0.0,0.0,0.0,0.0,0.0,0.0,,,0.0,0,0
2026-07-23 21:25:26.858232,Egmore,13.0732,80.2609,25,25,1,1,1.0,False,2026-07-23 21:00:00,0.0,0.0,29.6,10.0,True,21,3,False,0.0,0.0,0.0,0.0,0.0,1.0,0.0,5.0,6.0,3.0,,,0.0,0,0
2026-07-23 21:25:26.858232,Central_Station,13.0827,80.2757,15,26,600,346,1.0,False,2026-07-23 21:00:00,0.0,0.0,29.6,10.0,True,21,3,False,0.0,0.0,1.0,3.0,0.0,1.0,0.0,0.0,5.0,13.0,,,0.0,0,0
2026-07-23 21:25:26.858232,T_Nagar_Panagal,13.0418,80.2341,26,32,298,242,1.0,False,2026-07-23 21:00:00,0.0,0.0,29.6,10.0,True,21,3,False,0.0,0.0,0.0,0.0,0.0,0.0,0.0,0.0,0.0,0.0,,,0.0,0,0
2026-07-23 21:25:26.858232,Anna_Salai_Teynampet,13.0455,80.25,25,32,1682,1314,0.966978,True,2026-07-23 21:00:00,0.0,0.0,29.6,10.0,True,21,3,False,0.0,0.0,0.0,0.0,0.0,0.0,0.0,0.0,0.0,0.0,,,0.0,0,0
2026-07-23 21:25:26.858232,Kathipara,13.0107,80.2016,28,28,158,158,1.0,False,2026-07-23 21:00:00,0.0,0.0,29.6,10.0,True,21,3,False,0.0,0.0,0.0,0.0,0.0,0.0,0.0,0.0,0.0,0.0,,,0.0,0,0
2026-07-23 21:25:26.858232,Porur,13.0381,80.1564,19,19,129,129,1.0,False,2026-07-23 21:00:00,0.0,0.0,29.6,10.0,True,21,3,False,4.0,1.0,0.0,2.0,0.0,2.0,0.0,2.0,11.0,14.8,,,0.0,0,0
2026-07-23 21:25:26.858232,Chromepet,12.9516,80.1462,29,38,2461,1878,1.0,False,2026-07-23 21:00:00,0.0,0.0,29.6,10.0,True,21,3,False,0.0,0.0,0.0,0.0,0.0,0.0,0.0,0.0,0.0,0.0,,,0.0,0,0
2026-07-23 21:25:26.858232,Tambaram,12.9249,80.1,28,28,966,966,1.0,False,2026-07-23 21:00:00,0.0,0.0,29.6,10.0,True,21,3,False,0.0,0.0,0.0,0.0,0.0,0.0,0.0,0.0,0.0,0.0,,,0.0,0,0
2026-07-23 21:25:26.858232,Kelambakkam_OMR,12.7925,80.2183,42,51,1625,1338,0.994666,False,2026-07-23 21:00:00,0.0,0.0,29.6,10.0,True,21,3,False,0.0,0.0,0.0,0.0,0.0,0.0,0.0,0.0,0.0,0.0,,,0.0,0,0
2026-07-23 21:25:26.858232,Thoraipakkam_OMR,12.9407,80.235,20,20,523,523,1.0,False,2026-07-23 21:00:00,0.0,0.0,29.6,10.0,True,21,3,False,0.0,0.0,0.0,0.0,0.0,0.0,0.0,0.0,0.0,0.0,,,0.0,0,0
2026-07-23 21:25:26.858232,Perungudi_OMR,12.9634,80.2431,24,24,103,103,1.0,False,2026-07-23 21:00:00,0.0,0.0,29.6,10.0,True,21,3,False,0.0,0.0,0.0,0.0,0.0,0.0,0.0,0.0,0.0,0.0,,,0.0,0,0
2026-07-23 21:25:26.858232,Anna_Nagar_Roundtana,13.085,80.2101,12,15,83,66,0.99,False,2026-07-23 21:00:00,0.0,0.0,29.6,10.0,True,21,3,False,2.0,0.0,5.0,0.0,2.0,1.0,0.0,2.0,12.0,12.0,,,0.0,0,0
2026-07-23 21:25:26.858232,Perambur,13.1141,80.2417,19,25,1363,1036,0.994356,False,2026-07-23 21:00:00,0.0,0.0,29.6,10.0,True,21,3,False,0.0,0.0,0.0,0.0,0.0,0.0,0.0,0.0,0.0,0.0,,,0.0,0,0
2026-07-23 21:25:26.858232,Velachery_Junction,12.9791,80.2211,27,33,1592,1302,0.996688,False,2026-07-23 21:00:00,0.0,0.0,29.6,10.0,True,21,3,False,2.0,1.0,4.0,1.0,2.0,0.0,1.0,1.0,12.0,12.3,,,0.0,0,0
2026-07-23 21:25:26.858232,Mylapore,13.0339,80.2698,15,17,503,443,0.757766,True,2026-07-23 21:00:00,0.0,0.0,29.6,10.0,True,21,3,False,0.0,0.0,0.0,0.0,0.0,0.0,0.0,0.0,0.0,0.0,,,0.0,0,0
2026-07-23 21:30:26.876311,Egmore,13.0732,80.2609,18,24,2,1,1.0,False,2026-07-23 21:00:00,0.0,0.0,29.6,10.0,True,21,3,False,0.0,0.0,0.0,0.0,0.0,1.0,0.0,5.0,6.0,3.0,,,0.0,0,0
2026-07-23 21:30:26.876311,Vadapalani,13.0503,80.2121,14,29,591,285,0.997385,False,2026-07-23 21:00:00,0.0,0.0,29.6,10.0,True,21,3,False,4.0,0.0,2.0,0.0,1.0,1.0,0.0,0.0,8.0,8.5,,,0.0,0,0
2026-07-23 21:30:26.876311,Koyambedu,13.0694,80.1948,18,18,243,243,1.0,False,2026-07-23 21:00:00,0.0,0.0,29.6,10.0,True,21,3,False,0.0,0.0,0.0,0.0,0.0,0.0,0.0,0.0,0.0,0.0,,,0.0,0,0
2026-07-23 21:30:26.876311,Central_Station,13.0827,80.2757,15,26,600,346,1.0,False,2026-07-23 21:00:00,0.0,0.0,29.6,10.0,True,21,3,False,0.0,0.0,1.0,3.0,0.0,1.0,0.0,0.0,5.0,13.0,,,0.0,0,0
2026-07-23 21:30:26.876311,Kathipara,13.0107,80.2016,28,28,158,158,1.0,False,2026-07-23 21:00:00,0.0,0.0,29.6,10.0,True,21,3,False,0.0,0.0,0.0,0.0,0.0,0.0,0.0,0.0,0.0,0.0,,,0.0,0,0
2026-07-23 21:30:26.876311,Anna_Salai_Teynampet,13.0455,80.25,26,32,1618,1314,0.968595,True,2026-07-23 21:00:00,0.0,0.0,29.6,10.0,True,21,3,False,0.0,0.0,0.0,0.0,0.0,0.0,0.0,0.0,0.0,0.0,,,0.0,0,0
2026-07-23 21:30:26.876311,T_Nagar_Panagal,13.0418,80.2341,32,32,242,242,1.0,False,2026-07-23 21:00:00,0.0,0.0,29.6,10.0,True,21,3,False,0.0,0.0,0.0,0.0,0.0,0.0,0.0,0.0,0.0,0.0,,,0.0,0,0
2026-07-23 21:30:26.876311,Adyar_Signal,13.0064,80.257,19,25,606,460,0.953375,True,2026-07-23 21:00:00,0.0,0.0,29.6,10.0,True,21,3,False,0.0,0.0,0.0,0.0,0.0,0.0,0.0,0.0,0.0,0.0,,,0.0,0,0
2026-07-23 21:30:26.876311,Ashok_Nagar,13.0385,80.2107,28,34,2559,2107,0.998986,False,2026-07-23 21:00:00,0.0,0.0,29.6,10.0,True,21,3,False,0.0,0.0,0.0,0.0,0.0,0.0,0.0,0.0,0.0,0.0,,,0.0,0,0
2026-07-23 21:30:26.876311,Guindy,13.0067,80.2206,28,33,1535,1302,0.996944,False,2026-07-23 21:00:00,0.0,0.0,29.6,10.0,True,21,3,False,0.0,0.0,0.0,0.0,0.0,0.0,0.0,0.0,0.0,0.0,,,0.0,0,0
2026-07-23 21:30:26.876311,Velachery_Junction,12.9791,80.2211,28,33,1535,1302,0.996944,False,2026-07-23 21:00:00,0.0,0.0,29.6,10.0,True,21,3,False,2.0,1.0,4.0,1.0,2.0,0.0,1.0,1.0,12.0,12.3,,,0.0,0,0
2026-07-23 21:30:26.876311,Perungudi_OMR,12.9634,80.2431,13,24,191,103,0.99,False,2026-07-23 21:00:00,0.0,0.0,29.6,10.0,True,21,3,False,0.0,0.0,0.0,0.0,0.0,0.0,0.0,0.0,0.0,0.0,,,0.0,0,0
2026-07-23 21:30:26.876311,Chromepet,12.9516,80.1462,29,38,2461,1878,1.0,False,2026-07-23 21:00:00,0.0,0.0,29.6,10.0,True,21,3,False,0.0,0.0,0.0,0.0,0.0,0.0,0.0,0.0,0.0,0.0,,,0.0,0,0
2026-07-23 21:30:26.876311,Mylapore,13.0339,80.2698,16,16,471,471,0.768579,True,2026-07-23 21:00:00,0.0,0.0,29.6,10.0,True,21,3,False,0.0,0.0,0.0,0.0,0.0,0.0,0.0,0.0,0.0,0.0,,,0.0,0,0
2026-07-23 21:30:26.876311,Perambur,13.1141,80.2417,20,25,1295,1036,0.987022,False,2026-07-23 21:00:00,0.0,0.0,29.6,10.0,True,21,3,False,0.0,0.0,0.0,0.0,0.0,0.0,0.0,0.0,0.0,0.0,,,0.0,0,0
2026-07-23 21:30:26.876311,Kelambakkam_OMR,12.7925,80.2183,43,51,1587,1338,0.995496,False,2026-07-23 21:00:00,0.0,0.0,29.6,10.0,True,21,3,False,0.0,0.0,0.0,0.0,0.0,0.0,0.0,0.0,0.0,0.0,,,0.0,0,0
2026-07-23 21:30:26.876311,Porur,13.0381,80.1564,15,19,164,129,0.97,False,2026-07-23 21:00:00,0.0,0.0,29.6,10.0,True,21,3,False,4.0,1.0,0.0,2.0,0.0,2.0,0.0,2.0,11.0,14.8,,,0.0,0,0
2026-07-23 21:30:26.876311,Thoraipakkam_OMR,12.9407,80.235,20,20,523,523,1.0,False,2026-07-23 21:00:00,0.0,0.0,29.6,10.0,True,21,3,False,0.0,0.0,0.0,0.0,0.0,0.0,0.0,0.0,0.0,0.0,,,0.0,0,0
2026-07-23 21:30:26.876311,Tambaram,12.9249,80.1,23,28,1177,966,0.994025,False,2026-07-23 21:00:00,0.0,0.0,29.6,10.0,True,21,3,False,0.0,0.0,0.0,0.0,0.0,0.0,0.0,0.0,0.0,0.0,,,0.0,0,0
2026-07-23 21:30:26.876311,Anna_Nagar_Roundtana,13.085,80.2101,15,15,66,66,1.0,False,2026-07-23 21:00:00,0.0,0.0,29.6,10.0,True,21,3,False,2.0,0.0,5.0,0.0,2.0,1.0,0.0,2.0,12.0,12.0,,,0.0,0,0
2026-07-23 21:35:26.965508,Kathipara,13.0107,80.2016,28,28,158,158,1.0,False,2026-07-23 21:00:00,0.0,0.0,29.6,10.0,True,21,3,False,0.0,0.0,0.0,0.0,0.0,0.0,0.0,0.0,0.0,0.0,,,0.0,0,0
2026-07-23 21:35:26.965508,Vadapalani,13.0503,80.2121,13,31,637,267,0.995911,False,2026-07-23 21:00:00,0.0,0.0,29.6,10.0,True,21,3,False,4.0,0.0,2.0,0.0,1.0,1.0,0.0,0.0,8.0,8.5,,,0.0,0,0
2026-07-23 21:35:26.965508,Koyambedu,13.0694,80.1948,18,18,243,243,1.0,False,2026-07-23 21:00:00,0.0,0.0,29.6,10.0,True,21,3,False,0.0,0.0,0.0,0.0,0.0,0.0,0.0,0.0,0.0,0.0,,,0.0,0,0
2026-07-23 21:35:26.965508,Central_Station,13.0827,80.2757,14,26,643,346,1.0,False,2026-07-23 21:00:00,0.0,0.0,29.6,10.0,True,21,3,False,0.0,0.0,1.0,3.0,0.0,1.0,0.0,0.0,5.0,13.0,,,0.0,0,0
2026-07-23 21:35:26.965508,Adyar_Signal,13.0064,80.257,18,24,640,480,0.953375,True,2026-07-23 21:00:00,0.0,0.0,29.6,10.0,True,21,3,False,0.0,0.0,0.0,0.0,0.0,0.0,0.0,0.0,0.0,0.0,,,0.0,0,0
2026-07-23 21:35:26.965508,Anna_Salai_Teynampet,13.0455,80.25,26,32,1618,1314,0.968595,True,2026-07-23 21:00:00,0.0,0.0,29.6,10.0,True,21,3,False,0.0,0.0,0.0,0.0,0.0,0.0,0.0,0.0,0.0,0.0,,,0.0,0,0
2026-07-23 21:35:26.965508,T_Nagar_Panagal,13.0418,80.2341,32,32,242,242,1.0,False,2026-07-23 21:00:00,0.0,0.0,29.6,10.0,True,21,3,False,0.0,0.0,0.0,0.0,0.0,0.0,0.0,0.0,0.0,0.0,,,0.0,0,0
2026-07-23 21:35:26.965508,Guindy,13.0067,80.2206,27,32,1592,1343,0.998018,False,2026-07-23 21:00:00,0.0,0.0,29.6,10.0,True,21,3,False,0.0,0.0,0.0,0.0,0.0,0.0,0.0,0.0,0.0,0.0,,,0.0,0,0
2026-07-23 21:35:26.965508,Ashok_Nagar,13.0385,80.2107,28,34,2559,2107,1.0,False,2026-07-23 21:00:00,0.0,0.0,29.6,10.0,True,21,3,False,0.0,0.0,0.0,0.0,0.0,0.0,0.0,0.0,0.0,0.0,,,0.0,0,0
2026-07-23 21:35:26.965508,Egmore,13.0732,80.2609,19,24,2,1,1.0,False,2026-07-23 21:00:00,0.0,0.0,29.6,10.0,True,21,3,False,0.0,0.0,0.0,0.0,0.0,1.0,0.0,5.0,6.0,3.0,,,0.0,0,0
2026-07-23 21:35:26.965508,Velachery_Junction,12.9791,80.2211,27,32,1592,1343,0.998018,False,2026-07-23 21:00:00,0.0,0.0,29.6,10.0,True,21,3,False,2.0,1.0,4.0,1.0,2.0,0.0,1.0,1.0,12.0,12.3,,,0.0,0,0
2026-07-23 21:35:26.965508,Tambaram,12.9249,80.1,28,28,966,966,1.0,False,2026-07-23 21:00:00,0.0,0.0,29.6,10.0,True,21,3,False,0.0,0.0,0.0,0.0,0.0,0.0,0.0,0.0,0.0,0.0,,,0.0,0,0
2026-07-23 21:35:26.965508,Chromepet,12.9516,80.1462,29,38,2461,1878,1.0,False,2026-07-23 21:00:00,0.0,0.0,29.6,10.0,True,21,3,False,0.0,0.0,0.0,0.0,0.0,0.0,0.0,0.0,0.0,0.0,,,0.0,0,0
2026-07-23 21:35:26.965508,Mylapore,13.0339,80.2698,16,17,471,443,0.804745,True,2026-07-23 21:00:00,0.0,0.0,29.6,10.0,True,21,3,False,0.0,0.0,0.0,0.0,0.0,0.0,0.0,0.0,0.0,0.0,,,0.0,0,0
2026-07-23 21:35:26.965508,Perambur,13.1141,80.2417,19,25,1363,1036,0.981517,False,2026-07-23 21:00:00,0.0,0.0,29.6,10.0,True,21,3,False,0.0,0.0,0.0,0.0,0.0,0.0,0.0,0.0,0.0,0.0,,,0.0,0,0
2026-07-23 21:35:26.965508,Kelambakkam_OMR,12.7925,80.2183,51,51,1338,1338,1.0,False,2026-07-23 21:00:00,0.0,0.0,29.6,10.0,True,21,3,False,0.0,0.0,0.0,0.0,0.0,0.0,0.0,0.0,0.0,0.0,,,0.0,0,0
2026-07-23 21:35:26.965508,Porur,13.0381,80.1564,15,19,164,129,0.98,False,2026-07-23 21:00:00,0.0,0.0,29.6,10.0,True,21,3,False,4.0,1.0,0.0,2.0,0.0,2.0,0.0,2.0,11.0,14.8,,,0.0,0,0
2026-07-23 21:35:26.965508,Thoraipakkam_OMR,12.9407,80.235,20,20,523,523,1.0,False,2026-07-23 21:00:00,0.0,0.0,29.6,10.0,True,21,3,False,0.0,0.0,0.0,0.0,0.0,0.0,0.0,0.0,0.0,0.0,,,0.0,0,0
2026-07-23 21:35:26.965508,Perungudi_OMR,12.9634,80.2431,15,24,166,103,0.986981,False,2026-07-23 21:00:00,0.0,0.0,29.6,10.0,True,21,3,False,0.0,0.0,0.0,0.0,0.0,0.0,0.0,0.0,0.0,0.0,,,0.0,0,0
2026-07-23 21:35:26.965508,Anna_Nagar_Roundtana,13.085,80.2101,15,15,66,66,1.0,False,2026-07-23 21:00:00,0.0,0.0,29.6,10.0,True,21,3,False,2.0,0.0,5.0,0.0,2.0,1.0,0.0,2.0,12.0,12.0,,,0.0,0,0
2026-07-23 21:50:33.974991,Adyar_Signal,13.0064,80.257,19,25,606,460,0.952716,True,2026-07-23 21:00:00,0.0,0.0,29.6,10.0,True,21,3,False,0.0,0.0,0.0,0.0,0.0,0.0,0.0,0.0,0.0,0.0,,,0.0,0,0
2026-07-23 21:50:33.974991,Egmore,13.0732,80.2609,25,25,1,1,1.0,False,2026-07-23 21:00:00,0.0,0.0,29.6,10.0,True,21,3,False,0.0,0.0,0.0,0.0,0.0,1.0,0.0,5.0,6.0,3.0,,,0.0,0,0
2026-07-23 21:50:33.974991,Koyambedu,13.0694,80.1948,18,18,243,243,1.0,False,2026-07-23 21:00:00,0.0,0.0,29.6,10.0,True,21,3,False,0.0,0.0,0.0,0.0,0.0,0.0,0.0,0.0,0.0,0.0,,,0.0,0,0
2026-07-23 21:50:33.974991,Central_Station,13.0827,80.2757,17,26,529,346,1.0,False,2026-07-23 21:00:00,0.0,0.0,29.6,10.0,True,21,3,False,0.0,0.0,1.0,3.0,0.0,1.0,0.0,0.0,5.0,13.0,,,0.0,0,0
2026-07-23 21:50:33.974991,T_Nagar_Panagal,13.0418,80.2341,32,32,242,242,1.0,False,2026-07-23 21:00:00,0.0,0.0,29.6,10.0,True,21,3,False,0.0,0.0,0.0,0.0,0.0,0.0,0.0,0.0,0.0,0.0,,,0.0,0,0
2026-07-23 21:50:33.974991,Anna_Salai_Teynampet,13.0455,80.25,25,32,1682,1314,0.968595,True,2026-07-23 21:00:00,0.0,0.0,29.6,10.0,True,21,3,False,0.0,0.0,0.0,0.0,0.0,0.0,0.0,0.0,0.0,0.0,,,0.0,0,0
2026-07-23 21:50:33.974991,Guindy,13.0067,80.2206,33,33,1302,1302,1.0,False,2026-07-23 21:00:00,0.0,0.0,29.6,10.0,True,21,3,False,0.0,0.0,0.0,0.0,0.0,0.0,0.0,0.0,0.0,0.0,,,0.0,0,0
2026-07-23 21:50:33.974991,Kathipara,13.0107,80.2016,28,28,158,158,1.0,False,2026-07-23 21:00:00,0.0,0.0,29.6,10.0,True,21,3,False,0.0,0.0,0.0,0.0,0.0,0.0,0.0,0.0,0.0,0.0,,,0.0,0,0
2026-07-23 21:50:33.974991,Ashok_Nagar,13.0385,80.2107,34,34,2107,2107,1.0,False,2026-07-23 21:00:00,0.0,0.0,29.6,10.0,True,21,3,False,0.0,0.0,0.0,0.0,0.0,0.0,0.0,0.0,0.0,0.0,,,0.0,0,0
2026-07-23 21:50:33.974991,Vadapalani,13.0503,80.2121,19,31,435,267,1.0,False,2026-07-23 21:00:00,0.0,0.0,29.6,10.0,True,21,3,False,4.0,0.0,2.0,0.0,1.0,1.0,0.0,0.0,8.0,8.5,,,0.0,0,0
2026-07-23 21:50:33.974991,Velachery_Junction,12.9791,80.2211,33,33,1302,1302,1.0,False,2026-07-23 21:00:00,0.0,0.0,29.6,10.0,True,21,3,False,2.0,1.0,4.0,1.0,2.0,0.0,1.0,1.0,12.0,12.3,,,0.0,0,0
2026-07-23 21:50:33.974991,Kelambakkam_OMR,12.7925,80.2183,51,51,1338,1338,1.0,False,2026-07-23 21:00:00,0.0,0.0,29.6,10.0,True,21,3,False,0.0,0.0,0.0,0.0,0.0,0.0,0.0,0.0,0.0,0.0,,,0.0,0,0
2026-07-23 21:50:33.974991,Tambaram,12.9249,80.1,28,28,966,966,1.0,False,2026-07-23 21:00:00,0.0,0.0,29.6,10.0,True,21,3,False,0.0,0.0,0.0,0.0,0.0,0.0,0.0,0.0,0.0,0.0,,,0.0,0,0
2026-07-23 21:50:33.974991,Chromepet,12.9516,80.1462,29,38,2461,1878,1.0,False,2026-07-23 21:00:00,0.0,0.0,29.6,10.0,True,21,3,False,0.0,0.0,0.0,0.0,0.0,0.0,0.0,0.0,0.0,0.0,,,0.0,0,0
2026-07-23 21:50:33.974991,Perambur,13.1141,80.2417,25,25,1036,1036,1.0,False,2026-07-23 21:00:00,0.0,0.0,29.6,10.0,True,21,3,False,0.0,0.0,0.0,0.0,0.0,0.0,0.0,0.0,0.0,0.0,,,0.0,0,0
2026-07-23 21:50:33.974991,Mylapore,13.0339,80.2698,17,17,443,443,0.712275,True,2026-07-23 21:00:00,0.0,0.0,29.6,10.0,True,21,3,False,0.0,0.0,0.0,0.0,0.0,0.0,0.0,0.0,0.0,0.0,,,0.0,0,0
2026-07-23 21:50:33.974991,Porur,13.0381,80.1564,10,19,246,129,0.97,False,2026-07-23 21:00:00,0.0,0.0,29.6,10.0,True,21,3,False,4.0,1.0,0.0,2.0,0.0,2.0,0.0,2.0,11.0,14.8,,,0.0,0,0
2026-07-23 21:50:33.974991,Thoraipakkam_OMR,12.9407,80.235,17,20,616,523,0.871694,False,2026-07-23 21:00:00,0.0,0.0,29.6,10.0,True,21,3,False,0.0,0.0,0.0,0.0,0.0,0.0,0.0,0.0,0.0,0.0,,,0.0,0,0
2026-07-23 21:50:33.974991,Anna_Nagar_Roundtana,13.085,80.2101,15,15,66,66,1.0,False,2026-07-23 21:00:00,0.0,0.0,29.6,10.0,True,21,3,False,2.0,0.0,5.0,0.0,2.0,1.0,0.0,2.0,12.0,12.0,,,0.0,0,0
2026-07-23 21:50:33.974991,Perungudi_OMR,12.9634,80.2431,24,24,103,103,1.0,False,2026-07-23 21:00:00,0.0,0.0,29.6,10.0,True,21,3,False,0.0,0.0,0.0,0.0,0.0,0.0,0.0,0.0,0.0,0.0,,,0.0,0,0
2026-07-23 21:55:26.281008,Koyambedu,13.0694,80.1948,18,18,243,243,1.0,False,2026-07-23 21:00:00,0.0,0.0,29.6,10.0,True,21,3,False,0.0,0.0,0.0,0.0,0.0,0.0,0.0,0.0,0.0,0.0,,,0.0,0,0
2026-07-23 21:55:26.281008,Ashok_Nagar,13.0385,80.2107,34,34,2107,2107,1.0,False,2026-07-23 21:00:00,0.0,0.0,29.6,10.0,True,21,3,False,0.0,0.0,0.0,0.0,0.0,0.0,0.0,0.0,0.0,0.0,,,0.0,0,0
2026-07-23 21:55:26.281008,Kathipara,13.0107,80.2016,28,28,158,158,1.0,False,2026-07-23 21:00:00,0.0,0.0,29.6,10.0,True,21,3,False,0.0,0.0,0.0,0.0,0.0,0.0,0.0,0.0,0.0,0.0,,,0.0,0,0
2026-07-23 21:55:26.281008,Guindy,13.0067,80.2206,27,33,1592,1302,0.998986,False,2026-07-23 21:00:00,0.0,0.0,29.6,10.0,True,21,3,False,0.0,0.0,0.0,0.0,0.0,0.0,0.0,0.0,0.0,0.0,,,0.0,0,0
2026-07-23 21:55:26.281008,T_Nagar_Panagal,13.0418,80.2341,32,32,242,242,1.0,False,2026-07-23 21:00:00,0.0,0.0,29.6,10.0,True,21,3,False,0.0,0.0,0.0,0.0,0.0,0.0,0.0,0.0,0.0,0.0,,,0.0,0,0
2026-07-23 21:55:26.281008,Anna_Salai_Teynampet,13.0455,80.25,26,32,1618,1314,0.967932,True,2026-07-23 21:00:00,0.0,0.0,29.6,10.0,True,21,3,False,0.0,0.0,0.0,0.0,0.0,0.0,0.0,0.0,0.0,0.0,,,0.0,0,0
2026-07-23 21:55:26.281008,Egmore,13.0732,80.2609,14,24,3,1,1.0,False,2026-07-23 21:00:00,0.0,0.0,29.6,10.0,True,21,3,False,0.0,0.0,0.0,0.0,0.0,1.0,0.0,5.0,6.0,3.0,,,0.0,0,0
2026-07-23 21:55:26.281008,Central_Station,13.0827,80.2757,17,26,529,346,1.0,False,2026-07-23 21:00:00,0.0,0.0,29.6,10.0,True,21,3,False,0.0,0.0,1.0,3.0,0.0,1.0,0.0,0.0,5.0,13.0,,,0.0,0,0
2026-07-23 21:55:26.281008,Vadapalani,13.0503,80.2121,20,30,414,276,1.0,False,2026-07-23 21:00:00,0.0,0.0,29.6,10.0,True,21,3,False,4.0,0.0,2.0,0.0,1.0,1.0,0.0,0.0,8.0,8.5,,,0.0,0,0
2026-07-23 21:55:26.281008,Adyar_Signal,13.0064,80.257,18,25,640,460,0.952716,True,2026-07-23 21:00:00,0.0,0.0,29.6,10.0,True,21,3,False,0.0,0.0,0.0,0.0,0.0,0.0,0.0,0.0,0.0,0.0,,,0.0,0,0
2026-07-23 21:55:26.281008,Velachery_Junction,12.9791,80.2211,27,33,1592,1302,0.998986,False,2026-07-23 21:00:00,0.0,0.0,29.6,10.0,True,21,3,False,2.0,1.0,4.0,1.0,2.0,0.0,1.0,1.0,12.0,12.3,,,0.0,0,0
2026-07-23 21:55:26.281008,Thoraipakkam_OMR,12.9407,80.235,18,20,581,523,0.882532,False,2026-07-23 21:00:00,0.0,0.0,29.6,10.0,True,21,3,False,0.0,0.0,0.0,0.0,0.0,0.0,0.0,0.0,0.0,0.0,,,0.0,0,0
2026-07-23 21:55:26.281008,Porur,13.0381,80.1564,13,19,189,129,0.96,False,2026-07-23 21:00:00,0.0,0.0,29.6,10.0,True,21,3,False,4.0,1.0,0.0,2.0,0.0,2.0,0.0,2.0,11.0,14.8,,,0.0,0,0
2026-07-23 21:55:26.281008,Anna_Nagar_Roundtana,13.085,80.2101,15,15,66,66,1.0,False,2026-07-23 21:00:00,0.0,0.0,29.6,10.0,True,21,3,False,2.0,0.0,5.0,0.0,2.0,1.0,0.0,2.0,12.0,12.0,,,0.0,0,0
2026-07-23 21:55:26.281008,Perambur,13.1141,80.2417,25,25,1036,1036,1.0,False,2026-07-23 21:00:00,0.0,0.0,29.6,10.0,True,21,3,False,0.0,0.0,0.0,0.0,0.0,0.0,0.0,0.0,0.0,0.0,,,0.0,0,0
2026-07-23 21:55:26.281008,Mylapore,13.0339,80.2698,17,17,443,443,0.743631,True,2026-07-23 21:00:00,0.0,0.0,29.6,10.0,True,21,3,False,0.0,0.0,0.0,0.0,0.0,0.0,0.0,0.0,0.0,0.0,,,0.0,0,0
2026-07-23 21:55:26.281008,Chromepet,12.9516,80.1462,30,38,2379,1878,1.0,False,2026-07-23 21:00:00,0.0,0.0,29.6,10.0,True,21,3,False,0.0,0.0,0.0,0.0,0.0,0.0,0.0,0.0,0.0,0.0,,,0.0,0,0
2026-07-23 21:55:26.281008,Kelambakkam_OMR,12.7925,80.2183,51,51,1338,1338,1.0,False,2026-07-23 21:00:00,0.0,0.0,29.6,10.0,True,21,3,False,0.0,0.0,0.0,0.0,0.0,0.0,0.0,0.0,0.0,0.0,,,0.0,0,0
2026-07-23 21:55:26.281008,Perungudi_OMR,12.9634,80.2431,24,24,103,103,1.0,False,2026-07-23 21:00:00,0.0,0.0,29.6,10.0,True,21,3,False,0.0,0.0,0.0,0.0,0.0,0.0,0.0,0.0,0.0,0.0,,,0.0,0,0
2026-07-23 21:55:26.281008,Tambaram,12.9249,80.1,28,28,966,966,1.0,False,2026-07-23 21:00:00,0.0,0.0,29.6,10.0,True,21,3,False,0.0,0.0,0.0,0.0,0.0,0.0,0.0,0.0,0.0,0.0,,,0.0,0,0
2026-07-23 22:05:26.189717,Vadapalani,13.0503,80.2121,22,31,376,267,0.998633,False,2026-07-23 22:00:00,0.0,0.0,29.3,5.1,True,22,3,False,4.0,0.0,2.0,0.0,1.0,1.0,0.0,0.0,8.0,8.5,,,0.0,0,0
2026-07-23 22:05:26.189717,Kathipara,13.0107,80.2016,28,28,158,158,1.0,False,2026-07-23 22:00:00,0.0,0.0,29.3,5.1,True,22,3,False,0.0,0.0,0.0,0.0,0.0,0.0,0.0,0.0,0.0,0.0,,,0.0,0,0
2026-07-23 22:05:26.189717,Guindy,13.0067,80.2206,33,33,1302,1302,1.0,False,2026-07-23 22:00:00,0.0,0.0,29.3,5.1,True,22,3,False,0.0,0.0,0.0,0.0,0.0,0.0,0.0,0.0,0.0,0.0,,,0.0,0,0
2026-07-23 22:05:26.189717,T_Nagar_Panagal,13.0418,80.2341,32,32,242,242,1.0,False,2026-07-23 22:00:00,0.0,0.0,29.3,5.1,True,22,3,False,0.0,0.0,0.0,0.0,0.0,0.0,0.0,0.0,0.0,0.0,,,0.0,0,0
2026-07-23 22:05:26.189717,Koyambedu,13.0694,80.1948,13,18,337,243,0.96,False,2026-07-23 22:00:00,0.0,0.0,29.3,5.1,True,22,3,False,0.0,0.0,0.0,0.0,0.0,0.0,0.0,0.0,0.0,0.0,,,0.0,0,0
2026-07-23 22:05:26.189717,Egmore,13.0732,80.2609,20,25,2,1,1.0,False,2026-07-23 22:00:00,0.0,0.0,29.3,5.1,True,22,3,False,0.0,0.0,0.0,0.0,0.0,1.0,0.0,5.0,6.0,3.0,,,0.0,0,0
2026-07-23 22:05:26.189717,Central_Station,13.0827,80.2757,21,26,429,346,1.0,False,2026-07-23 22:00:00,0.0,0.0,29.3,5.1,True,22,3,False,0.0,0.0,1.0,3.0,0.0,1.0,0.0,0.0,5.0,13.0,,,0.0,0,0
2026-07-23 22:05:26.189717,Anna_Salai_Teynampet,13.0455,80.25,28,32,1502,1314,0.9663,True,2026-07-23 22:00:00,0.0,0.0,29.3,5.1,True,22,3,False,0.0,0.0,0.0,0.0,0.0,0.0,0.0,0.0,0.0,0.0,,,0.0,0,0
2026-07-23 22:05:26.189717,Ashok_Nagar,13.0385,80.2107,34,34,2107,2107,1.0,False,2026-07-23 22:00:00,0.0,0.0,29.3,5.1,True,22,3,False,0.0,0.0,0.0,0.0,0.0,0.0,0.0,0.0,0.0,0.0,,,0.0,0,0
2026-07-23 22:05:26.189717,Adyar_Signal,13.0064,80.257,22,25,523,460,0.952716,True,2026-07-23 22:00:00,0.0,0.0,29.3,5.1,True,22,3,False,0.0,0.0,0.0,0.0,0.0,0.0,0.0,0.0,0.0,0.0,,,0.0,0,0
2026-07-23 22:05:26.189717,Velachery_Junction,12.9791,80.2211,33,33,1302,1302,1.0,False,2026-07-23 22:00:00,0.0,0.0,29.3,5.1,True,22,3,False,2.0,1.0,4.0,1.0,2.0,0.0,1.0,1.0,12.0,12.3,,,0.0,0,0
2026-07-23 22:05:26.189717,Kelambakkam_OMR,12.7925,80.2183,51,51,1338,1338,1.0,False,2026-07-23 22:00:00,0.0,0.0,29.3,5.1,True,22,3,False,0.0,0.0,0.0,0.0,0.0,0.0,0.0,0.0,0.0,0.0,,,0.0,0,0
2026-07-23 22:05:26.189717,Tambaram,12.9249,80.1,28,28,966,966,1.0,False,2026-07-23 22:00:00,0.0,0.0,29.3,5.1,True,22,3,False,0.0,0.0,0.0,0.0,0.0,0.0,0.0,0.0,0.0,0.0,,,0.0,0,0
2026-07-23 22:05:26.189717,Perungudi_OMR,12.9634,80.2431,24,24,103,103,1.0,False,2026-07-23 22:00:00,0.0,0.0,29.3,5.1,True,22,3,False,0.0,0.0,0.0,0.0,0.0,0.0,0.0,0.0,0.0,0.0,,,0.0,0,0
2026-07-23 22:05:26.189717,Thoraipakkam_OMR,12.9407,80.235,16,20,654,523,0.869861,False,2026-07-23 22:00:00,0.0,0.0,29.3,5.1,True,22,3,False,0.0,0.0,0.0,0.0,0.0,0.0,0.0,0.0,0.0,0.0,,,0.0,0,0
2026-07-23 22:05:26.189717,Anna_Nagar_Roundtana,13.085,80.2101,15,15,66,66,1.0,False,2026-07-23 22:00:00,0.0,0.0,29.3,5.1,True,22,3,False,2.0,0.0,5.0,0.0,2.0,1.0,0.0,2.0,12.0,12.0,,,0.0,0,0
2026-07-23 22:05:26.189717,Chromepet,12.9516,80.1462,30,38,2379,1878,1.0,False,2026-07-23 22:00:00,0.0,0.0,29.3,5.1,True,22,3,False,0.0,0.0,0.0,0.0,0.0,0.0,0.0,0.0,0.0,0.0,,,0.0,0,0
2026-07-23 22:05:26.189717,Perambur,13.1141,80.2417,25,25,1036,1036,1.0,False,2026-07-23 22:00:00,0.0,0.0,29.3,5.1,True,22,3,False,0.0,0.0,0.0,0.0,0.0,0.0,0.0,0.0,0.0,0.0,,,0.0,0,0
2026-07-23 22:05:26.189717,Mylapore,13.0339,80.2698,16,17,471,443,0.701611,True,2026-07-23 22:00:00,0.0,0.0,29.3,5.1,True,22,3,False,0.0,0.0,0.0,0.0,0.0,0.0,0.0,0.0,0.0,0.0,,,0.0,0,0
2026-07-23 22:05:26.189717,Porur,13.0381,80.1564,19,19,129,129,1.0,False,2026-07-23 22:00:00,0.0,0.0,29.3,5.1,True,22,3,False,4.0,1.0,0.0,2.0,0.0,2.0,0.0,2.0,11.0,14.8,,,0.0,0,0
2026-07-23 22:10:25.966054,Vadapalani,13.0503,80.2121,25,31,331,267,1.0,False,2026-07-23 22:00:00,0.0,0.0,29.3,5.1,True,22,3,False,4.0,0.0,2.0,0.0,1.0,1.0,0.0,0.0,8.0,8.5,,,0.0,0,0
2026-07-23 22:10:25.966054,Velachery_Junction,12.9791,80.2211,33,33,1302,1302,1.0,False,2026-07-23 22:00:00,0.0,0.0,29.3,5.1,True,22,3,False,2.0,1.0,4.0,1.0,2.0,0.0,1.0,1.0,12.0,12.3,,,0.0,0,0
2026-07-23 22:10:25.966054,Kathipara,13.0107,80.2016,28,28,158,158,1.0,False,2026-07-23 22:00:00,0.0,0.0,29.3,5.1,True,22,3,False,0.0,0.0,0.0,0.0,0.0,0.0,0.0,0.0,0.0,0.0,,,0.0,0,0
2026-07-23 22:10:25.966054,Anna_Salai_Teynampet,13.0455,80.25,27,32,1558,1314,0.968595,True,2026-07-23 22:00:00,0.0,0.0,29.3,5.1,True,22,3,False,0.0,0.0,0.0,0.0,0.0,0.0,0.0,0.0,0.0,0.0,,,0.0,0,0
2026-07-23 22:10:25.966054,Egmore,13.0732,80.2609,25,25,1,1,1.0,False,2026-07-23 22:00:00,0.0,0.0,29.3,5.1,True,22,3,False,0.0,0.0,0.0,0.0,0.0,1.0,0.0,5.0,6.0,3.0,,,0.0,0,0
2026-07-23 22:10:25.966054,Central_Station,13.0827,80.2757,26,26,346,346,1.0,False,2026-07-23 22:00:00,0.0,0.0,29.3,5.1,True,22,3,False,0.0,0.0,1.0,3.0,0.0,1.0,0.0,0.0,5.0,13.0,,,0.0,0,0
2026-07-23 22:10:25.966054,Koyambedu,13.0694,80.1948,18,18,243,243,1.0,False,2026-07-23 22:00:00,0.0,0.0,29.3,5.1,True,22,3,False,0.0,0.0,0.0,0.0,0.0,0.0,0.0,0.0,0.0,0.0,,,0.0,0,0
2026-07-23 22:10:25.966054,Ashok_Nagar,13.0385,80.2107,34,34,2107,2107,1.0,False,2026-07-23 22:00:00,0.0,0.0,29.3,5.1,True,22,3,False,0.0,0.0,0.0,0.0,0.0,0.0,0.0,0.0,0.0,0.0,,,0.0,0,0
2026-07-23 22:10:25.966054,Adyar_Signal,13.0064,80.257,20,25,576,460,0.940548,True,2026-07-23 22:00:00,0.0,0.0,29.3,5.1,True,22,3,False,0.0,0.0,0.0,0.0,0.0,0.0,0.0,0.0,0.0,0.0,,,0.0,0,0
2026-07-23 22:10:25.966054,Perungudi_OMR,12.9634,80.2431,24,24,103,103,1.0,False,2026-07-23 22:00:00,0.0,0.0,29.3,5.1,True,22,3,False,0.0,0.0,0.0,0.0,0.0,0.0,0.0,0.0,0.0,0.0,,,0.0,0,0
2026-07-23 22:10:25.966054,Porur,13.0381,80.1564,19,19,129,129,1.0,False,2026-07-23 22:00:00,0.0,0.0,29.3,5.1,True,22,3,False,4.0,1.0,0.0,2.0,0.0,2.0,0.0,2.0,11.0,14.8,,,0.0,0,0
2026-07-23 22:10:25.966054,Anna_Nagar_Roundtana,13.085,80.2101,15,15,66,66,1.0,False,2026-07-23 22:00:00,0.0,0.0,29.3,5.1,True,22,3,False,2.0,0.0,5.0,0.0,2.0,1.0,0.0,2.0,12.0,12.0,,,0.0,0,0
2026-07-23 22:10:25.966054,Perambur,13.1141,80.2417,25,25,1036,1036,1.0,False,2026-07-23 22:00:00,0.0,0.0,29.3,5.1,True,22,3,False,0.0,0.0,0.0,0.0,0.0,0.0,0.0,0.0,0.0,0.0,,,0.0,0,0
2026-07-23 22:10:25.966054,Mylapore,13.0339,80.2698,16,17,471,443,0.754546,True,2026-07-23 22:00:00,0.0,0.0,29.3,5.1,True,22,3,False,0.0,0.0,0.0,0.0,0.0,0.0,0.0,0.0,0.0,0.0,,,0.0,0,0
2026-07-23 22:10:25.966054,Chromepet,12.9516,80.1462,38,38,1878,1878,1.0,False,2026-07-23 22:00:00,0.0,0.0,29.3,5.1,True,22,3,False,0.0,0.0,0.0,0.0,0.0,0.0,0.0,0.0,0.0,0.0,,,0.0,0,0
2026-07-23 22:10:25.966054,Kelambakkam_OMR,12.7925,80.2183,51,51,1338,1338,1.0,False,2026-07-23 22:00:00,0.0,0.0,29.3,5.1,True,22,3,False,0.0,0.0,0.0,0.0,0.0,0.0,0.0,0.0,0.0,0.0,,,0.0,0,0
2026-07-23 22:10:25.966054,Thoraipakkam_OMR,12.9407,80.235,20,20,523,523,1.0,False,2026-07-23 22:00:00,0.0,0.0,29.3,5.1,True,22,3,False,0.0,0.0,0.0,0.0,0.0,0.0,0.0,0.0,0.0,0.0,,,0.0,0,0
2026-07-23 22:10:25.966054,Tambaram,12.9249,80.1,28,28,966,966,1.0,False,2026-07-23 22:00:00,0.0,0.0,29.3,5.1,True,22,3,False,0.0,0.0,0.0,0.0,0.0,0.0,0.0,0.0,0.0,0.0,,,0.0,0,0
2026-07-23 22:30:26.087294,Ashok_Nagar,13.0385,80.2107,34,34,2107,2107,1.0,False,2026-07-23 22:00:00,0.0,0.0,29.3,5.1,True,22,3,False,0.0,0.0,0.0,0.0,0.0,0.0,0.0,0.0,0.0,0.0,,,0.0,0,0
2026-07-23 22:30:26.087294,Vadapalani,13.0503,80.2121,30,30,276,276,1.0,False,2026-07-23 22:00:00,0.0,0.0,29.3,5.1,True,22,3,False,4.0,0.0,2.0,0.0,1.0,1.0,0.0,0.0,8.0,8.5,,,0.0,0,0
2026-07-23 22:30:26.087294,Koyambedu,13.0694,80.1948,18,18,243,243,1.0,False,2026-07-23 22:00:00,0.0,0.0,29.3,5.1,True,22,3,False,0.0,0.0,0.0,0.0,0.0,0.0,0.0,0.0,0.0,0.0,,,0.0,0,0
2026-07-23 22:30:26.087294,Central_Station,13.0827,80.2757,21,26,429,346,1.0,False,2026-07-23 22:00:00,0.0,0.0,29.3,5.1,True,22,3,False,0.0,0.0,1.0,3.0,0.0,1.0,0.0,0.0,5.0,13.0,,,0.0,0,0
2026-07-23 22:30:26.087294,Adyar_Signal,13.0064,80.257,22,25,523,460,0.939889,True,2026-07-23 22:00:00,0.0,0.0,29.3,5.1,True,22,3,False,0.0,0.0,0.0,0.0,0.0,0.0,0.0,0.0,0.0,0.0,,,0.0,0,0
2026-07-23 22:30:26.087294,Anna_Salai_Teynampet,13.0455,80.25,25,32,1682,1314,0.968595,True,2026-07-23 22:00:00,0.0,0.0,29.3,5.1,True,22,3,False,0.0,0.0,0.0,0.0,0.0,0.0,0.0,0.0,0.0,0.0,,,0.0,0,0
2026-07-23 22:30:26.087294,T_Nagar_Panagal,13.0418,80.2341,32,32,242,242,1.0,False,2026-07-23 22:00:00,0.0,0.0,29.3,5.1,True,22,3,False,0.0,0.0,0.0,0.0,0.0,0.0,0.0,0.0,0.0,0.0,,,0.0,0,0
2026-07-23 22:30:26.087294,Guindy,13.0067,80.2206,33,33,1302,1302,1.0,False,2026-07-23 22:00:00,0.0,0.0,29.3,5.1,True,22,3,False,0.0,0.0,0.0,0.0,0.0,0.0,0.0,0.0,0.0,0.0,,,0.0,0,0
2026-07-23 22:30:26.087294,Egmore,13.0732,80.2609,25,25,1,1,1.0,False,2026-07-23 22:00:00,0.0,0.0,29.3,5.1,True,22,3,False,0.0,0.0,0.0,0.0,0.0,1.0,0.0,5.0,6.0,3.0,,,0.0,0,0
2026-07-23 22:30:26.087294,Kathipara,13.0107,80.2016,28,28,158,158,1.0,False,2026-07-23 22:00:00,0.0,0.0,29.3,5.1,True,22,3,False,0.0,0.0,0.0,0.0,0.0,0.0,0.0,0.0,0.0,0.0,,,0.0,0,0
2026-07-23 22:30:26.087294,Tambaram,12.9249,80.1,28,28,966,966,1.0,False,2026-07-23 22:00:00,0.0,0.0,29.3,5.1,True,22,3,False,0.0,0.0,0.0,0.0,0.0,0.0,0.0,0.0,0.0,0.0,,,0.0,0,0
2026-07-23 22:30:26.087294,Anna_Nagar_Roundtana,13.085,80.2101,15,15,66,66,1.0,False,2026-07-23 22:00:00,0.0,0.0,29.3,5.1,True,22,3,False,2.0,0.0,5.0,0.0,2.0,1.0,0.0,2.0,12.0,12.0,,,0.0,0,0
2026-07-23 22:30:26.087294,Chromepet,12.9516,80.1462,38,38,1878,1878,1.0,False,2026-07-23 22:00:00,0.0,0.0,29.3,5.1,True,22,3,False,0.0,0.0,0.0,0.0,0.0,0.0,0.0,0.0,0.0,0.0,,,0.0,0,0
2026-07-23 22:30:26.087294,Mylapore,13.0339,80.2698,16,17,471,443,0.757275,True,2026-07-23 22:00:00,0.0,0.0,29.3,5.1,True,22,3,False,0.0,0.0,0.0,0.0,0.0,0.0,0.0,0.0,0.0,0.0,,,0.0,0,0
2026-07-23 22:30:26.087294,Perambur,13.1141,80.2417,25,25,1036,1036,1.0,False,2026-07-23 22:00:00,0.0,0.0,29.3,5.1,True,22,3,False,0.0,0.0,0.0,0.0,0.0,0.0,0.0,0.0,0.0,0.0,,,0.0,0,0
2026-07-23 22:30:26.087294,Kelambakkam_OMR,12.7925,80.2183,51,51,1338,1338,1.0,False,2026-07-23 22:00:00,0.0,0.0,29.3,5.1,True,22,3,False,0.0,0.0,0.0,0.0,0.0,0.0,0.0,0.0,0.0,0.0,,,0.0,0,0
2026-07-23 22:30:26.087294,Porur,13.0381,80.1564,13,19,189,129,0.96,False,2026-07-23 22:00:00,0.0,0.0,29.3,5.1,True,22,3,False,4.0,1.0,0.0,2.0,0.0,2.0,0.0,2.0,11.0,14.8,,,0.0,0,0
2026-07-23 22:30:26.087294,Thoraipakkam_OMR,12.9407,80.235,20,20,523,523,1.0,False,2026-07-23 22:00:00,0.0,0.0,29.3,5.1,True,22,3,False,0.0,0.0,0.0,0.0,0.0,0.0,0.0,0.0,0.0,0.0,,,0.0,0,0
2026-07-23 22:30:26.087294,Perungudi_OMR,12.9634,80.2431,24,24,103,103,1.0,False,2026-07-23 22:00:00,0.0,0.0,29.3,5.1,True,22,3,False,0.0,0.0,0.0,0.0,0.0,0.0,0.0,0.0,0.0,0.0,,,0.0,0,0
2026-07-23 22:30:26.087294,Velachery_Junction,12.9791,80.2211,33,33,1302,1302,1.0,False,2026-07-23 22:00:00,0.0,0.0,29.3,5.1,True,22,3,False,2.0,1.0,4.0,1.0,2.0,0.0,1.0,1.0,12.0,12.3,,,0.0,0,0
2026-07-24 10:10:26.798684,Anna_Salai_Teynampet,13.0455,80.25,23,32,1829,1314,0.967661,True,2026-07-24 10:00:00,0.0,0.0,32.3,7.1,True,10,4,True,0.0,0.0,0.0,0.0,0.0,0.0,0.0,0.0,0.0,0.0,,,0.0,0,0
2026-07-24 10:10:26.798684,Egmore,13.0732,80.2609,2,33,23,1,1.0,False,2026-07-24 10:00:00,0.0,0.0,32.3,7.1,True,10,4,True,0.0,0.0,0.0,0.0,0.0,1.0,0.0,5.0,6.0,3.0,,,0.0,0,0
2026-07-24 10:10:26.798684,Kathipara,13.0107,80.2016,22,28,202,158,1.0,False,2026-07-24 10:00:00,0.0,0.0,32.3,7.1,True,10,4,True,0.0,0.0,0.0,0.0,0.0,0.0,0.0,0.0,0.0,0.0,,,0.0,0,0
2026-07-24 10:10:26.798684,T_Nagar_Panagal,13.0418,80.2341,20,31,388,250,1.0,False,2026-07-24 10:00:00,0.0,0.0,32.3,7.1,True,10,4,True,0.0,0.0,0.0,0.0,0.0,0.0,0.0,0.0,0.0,0.0,,,0.0,0,0
2026-07-24 10:10:26.798684,Vadapalani,13.0503,80.2121,21,30,394,276,1.0,False,2026-07-24 10:00:00,0.0,0.0,32.3,7.1,True,10,4,True,4.0,0.0,2.0,0.0,1.0,1.0,0.0,0.0,8.0,8.5,,,0.0,0,0
2026-07-24 10:10:26.798684,Adyar_Signal,13.0064,80.257,17,25,677,460,0.95515,True,2026-07-24 10:00:00,0.0,0.0,32.3,7.1,True,10,4,True,0.0,0.0,0.0,0.0,0.0,0.0,0.0,0.0,0.0,0.0,,,0.0,0,0
2026-07-24 10:10:26.798684,Central_Station,13.0827,80.2757,19,26,474,346,1.0,False,2026-07-24 10:00:00,0.0,0.0,32.3,7.1,True,10,4,True,0.0,0.0,1.0,3.0,0.0,1.0,0.0,0.0,5.0,13.0,,,0.0,0,0
2026-07-24 10:10:26.798684,Koyambedu,13.0694,80.1948,14,18,313,243,0.92711,False,2026-07-24 10:00:00,0.0,0.0,32.3,7.1,True,10,4,True,0.0,0.0,0.0,0.0,0.0,0.0,0.0,0.0,0.0,0.0,,,0.0,0,0
2026-07-24 10:10:26.798684,Ashok_Nagar,13.0385,80.2107,34,34,2107,2107,1.0,False,2026-07-24 10:00:00,0.0,0.0,32.3,7.1,True,10,4,True,0.0,0.0,0.0,0.0,0.0,0.0,0.0,0.0,0.0,0.0,,,0.0,0,0
2026-07-24 10:10:26.798684,Guindy,13.0067,80.2206,24,33,1791,1302,1.0,False,2026-07-24 10:00:00,0.0,0.0,32.3,7.1,True,10,4,True,0.0,0.0,0.0,0.0,0.0,0.0,0.0,0.0,0.0,0.0,,,0.0,0,0
2026-07-24 10:10:26.798684,Velachery_Junction,12.9791,80.2211,24,33,1791,1302,1.0,False,2026-07-24 10:00:00,0.0,0.0,32.3,7.1,True,10,4,True,2.0,1.0,4.0,1.0,2.0,0.0,1.0,1.0,12.0,12.3,,,0.0,0,0
2026-07-24 10:10:26.798684,Porur,13.0381,80.1564,19,19,129,129,1.0,False,2026-07-24 10:00:00,0.0,0.0,32.3,7.1,True,10,4,True,4.0,1.0,0.0,2.0,0.0,2.0,0.0,2.0,11.0,14.8,,,0.0,0,0
2026-07-24 10:10:26.798684,Anna_Nagar_Roundtana,13.085,80.2101,11,14,90,71,0.99,False,2026-07-24 10:00:00,0.0,0.0,32.3,7.1,True,10,4,True,2.0,0.0,5.0,0.0,2.0,1.0,0.0,2.0,12.0,12.0,,,0.0,0,0
2026-07-24 10:10:26.798684,Perungudi_OMR,12.9634,80.2431,14,24,177,103,1.0,False,2026-07-24 10:00:00,0.0,0.0,32.3,7.1,True,10,4,True,0.0,0.0,0.0,0.0,0.0,0.0,0.0,0.0,0.0,0.0,,,0.0,0,0
2026-07-24 10:10:26.798684,Mylapore,13.0339,80.2698,13,17,580,443,0.778684,True,2026-07-24 10:00:00,0.0,0.0,32.3,7.1,True,10,4,True,0.0,0.0,0.0,0.0,0.0,0.0,0.0,0.0,0.0,0.0,,,0.0,0,0
2026-07-24 10:10:26.798684,Thoraipakkam_OMR,12.9407,80.235,17,20,616,523,0.968116,False,2026-07-24 10:00:00,0.0,0.0,32.3,7.1,True,10,4,True,0.0,0.0,0.0,0.0,0.0,0.0,0.0,0.0,0.0,0.0,,,0.0,0,0
2026-07-24 10:10:26.798684,Kelambakkam_OMR,12.7925,80.2183,41,51,1664,1338,1.0,False,2026-07-24 10:00:00,0.0,0.0,32.3,7.1,True,10,4,True,0.0,0.0,0.0,0.0,0.0,0.0,0.0,0.0,0.0,0.0,,,0.0,0,0
2026-07-24 10:10:26.798684,Perambur,13.1141,80.2417,25,25,1036,1036,1.0,False,2026-07-24 10:00:00,0.0,0.0,32.3,7.1,True,10,4,True,0.0,0.0,0.0,0.0,0.0,0.0,0.0,0.0,0.0,0.0,,,0.0,0,0
2026-07-24 10:10:26.798684,Tambaram,12.9249,80.1,24,28,1127,966,0.978932,False,2026-07-24 10:00:00,0.0,0.0,32.3,7.1,True,10,4,True,0.0,0.0,0.0,0.0,0.0,0.0,0.0,0.0,0.0,0.0,,,0.0,0,0
2026-07-24 10:10:26.798684,Chromepet,12.9516,80.1462,29,38,2461,1878,0.99998,False,2026-07-24 10:00:00,0.0,0.0,32.3,7.1,True,10,4,True,0.0,0.0,0.0,0.0,0.0,0.0,0.0,0.0,0.0,0.0,,,0.0,0,0
2026-07-24 10:30:26.212944,Kathipara,13.0107,80.2016,21,28,211,158,0.995573,False,2026-07-24 10:00:00,0.0,0.0,32.3,7.1,True,10,4,True,0.0,0.0,0.0,0.0,0.0,0.0,0.0,0.0,0.0,0.0,,,0.0,0,0
2026-07-24 10:30:26.212944,Vadapalani,13.0503,80.2121,20,29,414,285,1.0,False,2026-07-24 10:00:00,0.0,0.0,32.3,7.1,True,10,4,True,4.0,0.0,2.0,0.0,1.0,1.0,0.0,0.0,8.0,8.5,,,0.0,0,0
2026-07-24 10:30:26.212944,Koyambedu,13.0694,80.1948,18,18,243,243,1.0,False,2026-07-24 10:00:00,0.0,0.0,32.3,7.1,True,10,4,True,0.0,0.0,0.0,0.0,0.0,0.0,0.0,0.0,0.0,0.0,,,0.0,0,0
2026-07-24 10:30:26.212944,Central_Station,13.0827,80.2757,18,26,500,346,0.996803,False,2026-07-24 10:00:00,0.0,0.0,32.3,7.1,True,10,4,True,0.0,0.0,1.0,3.0,0.0,1.0,0.0,0.0,5.0,13.0,,,0.0,0,0
2026-07-24 10:30:26.212944,Adyar_Signal,13.0064,80.257,18,25,640,460,0.955941,True,2026-07-24 10:00:00,0.0,0.0,32.3,7.1,True,10,4,True,0.0,0.0,0.0,0.0,0.0,0.0,0.0,0.0,0.0,0.0,,,0.0,0,0
2026-07-24 10:30:26.212944,Anna_Salai_Teynampet,13.0455,80.25,23,32,1829,1314,0.968595,True,2026-07-24 10:00:00,0.0,0.0,32.3,7.1,True,10,4,True,0.0,0.0,0.0,0.0,0.0,0.0,0.0,0.0,0.0,0.0,,,0.0,0,0
2026-07-24 10:30:26.212944,T_Nagar_Panagal,13.0418,80.2341,22,32,353,242,1.0,False,2026-07-24 10:00:00,0.0,0.0,32.3,7.1,True,10,4,True,0.0,0.0,0.0,0.0,0.0,0.0,0.0,0.0,0.0,0.0,,,0.0,0,0
2026-07-24 10:30:26.212944,Guindy,13.0067,80.2206,25,32,1719,1343,0.999495,False,2026-07-24 10:00:00,0.0,0.0,32.3,7.1,True,10,4,True,0.0,0.0,0.0,0.0,0.0,0.0,0.0,0.0,0.0,0.0,,,0.0,0,0
2026-07-24 10:30:26.212944,Ashok_Nagar,13.0385,80.2107,34,34,2107,2107,1.0,False,2026-07-24 10:00:00,0.0,0.0,32.3,7.1,True,10,4,True,0.0,0.0,0.0,0.0,0.0,0.0,0.0,0.0,0.0,0.0,,,0.0,0,0
2026-07-24 10:30:26.212944,Egmore,13.0732,80.2609,20,25,2,1,1.0,False,2026-07-24 10:00:00,0.0,0.0,32.3,7.1,True,10,4,True,0.0,0.0,0.0,0.0,0.0,1.0,0.0,5.0,6.0,3.0,,,0.0,0,0
2026-07-24 10:30:26.212944,Velachery_Junction,12.9791,80.2211,25,32,1719,1343,0.999495,False,2026-07-24 10:00:00,0.0,0.0,32.3,7.1,True,10,4,True,2.0,1.0,4.0,1.0,2.0,0.0,1.0,1.0,12.0,12.3,,,0.0,0,0
2026-07-24 10:30:26.212944,Tambaram,12.9249,80.1,28,28,966,966,1.0,False,2026-07-24 10:00:00,0.0,0.0,32.3,7.1,True,10,4,True,0.0,0.0,0.0,0.0,0.0,0.0,0.0,0.0,0.0,0.0,,,0.0,0,0
2026-07-24 10:30:26.212944,Chromepet,12.9516,80.1462,29,38,2461,1878,1.0,False,2026-07-24 10:00:00,0.0,0.0,32.3,7.1,True,10,4,True,0.0,0.0,0.0,0.0,0.0,0.0,0.0,0.0,0.0,0.0,,,0.0,0,0
2026-07-24 10:30:26.212944,Mylapore,13.0339,80.2698,14,17,538,443,0.753332,True,2026-07-24 10:00:00,0.0,0.0,32.3,7.1,True,10,4,True,0.0,0.0,0.0,0.0,0.0,0.0,0.0,0.0,0.0,0.0,,,0.0,0,0
2026-07-24 10:30:26.212944,Perambur,13.1141,80.2417,25,25,1036,1036,1.0,False,2026-07-24 10:00:00,0.0,0.0,32.3,7.1,True,10,4,True,0.0,0.0,0.0,0.0,0.0,0.0,0.0,0.0,0.0,0.0,,,0.0,0,0
2026-07-24 10:30:26.212944,Kelambakkam_OMR,12.7925,80.2183,45,51,1516,1338,1.0,False,2026-07-24 10:00:00,0.0,0.0,32.3,7.1,True,10,4,True,0.0,0.0,0.0,0.0,0.0,0.0,0.0,0.0,0.0,0.0,,,0.0,0,0
2026-07-24 10:30:26.212944,Porur,13.0381,80.1564,19,19,129,129,1.0,False,2026-07-24 10:00:00,0.0,0.0,32.3,7.1,True,10,4,True,4.0,1.0,0.0,2.0,0.0,2.0,0.0,2.0,11.0,14.8,,,0.0,0,0
2026-07-24 10:30:26.212944,Thoraipakkam_OMR,12.9407,80.235,16,20,654,523,0.903748,False,2026-07-24 10:00:00,0.0,0.0,32.3,7.1,True,10,4,True,0.0,0.0,0.0,0.0,0.0,0.0,0.0,0.0,0.0,0.0,,,0.0,0,0
2026-07-24 10:30:26.212944,Perungudi_OMR,12.9634,80.2431,17,24,146,103,0.99,False,2026-07-24 10:00:00,0.0,0.0,32.3,7.1,True,10,4,True,0.0,0.0,0.0,0.0,0.0,0.0,0.0,0.0,0.0,0.0,,,0.0,0,0
2026-07-24 10:30:26.212944,Anna_Nagar_Roundtana,13.085,80.2101,12,15,83,66,1.0,False,2026-07-24 10:00:00,0.0,0.0,32.3,7.1,True,10,4,True,2.0,0.0,5.0,0.0,2.0,1.0,0.0,2.0,12.0,12.0,,,0.0,0,0
2026-07-24 10:55:26.755561,Adyar_Signal,13.0064,80.257,16,25,720,460,0.95515,True,2026-07-24 10:00:00,0.0,0.0,32.3,7.1,True,10,4,True,0.0,0.0,0.0,0.0,0.0,0.0,0.0,0.0,0.0,0.0,,,0.0,0,0
2026-07-24 10:55:26.755561,Kathipara,13.0107,80.2016,22,29,202,153,1.0,False,2026-07-24 10:00:00,0.0,0.0,32.3,7.1,True,10,4,True,0.0,0.0,0.0,0.0,0.0,0.0,0.0,0.0,0.0,0.0,,,0.0,0,0
2026-07-24 10:55:26.755561,Guindy,13.0067,80.2206,26,33,1653,1302,0.993408,False,2026-07-24 10:00:00,0.0,0.0,32.3,7.1,True,10,4,True,0.0,0.0,0.0,0.0,0.0,0.0,0.0,0.0,0.0,0.0,,,0.0,0,0
2026-07-24 10:55:26.755561,T_Nagar_Panagal,13.0418,80.2341,22,32,353,242,1.0,False,2026-07-24 10:00:00,0.0,0.0,32.3,7.1,True,10,4,True,0.0,0.0,0.0,0.0,0.0,0.0,0.0,0.0,0.0,0.0,,,0.0,0,0
2026-07-24 10:55:26.755561,Anna_Salai_Teynampet,13.0455,80.25,24,32,1752,1314,0.968595,True,2026-07-24 10:00:00,0.0,0.0,32.3,7.1,True,10,4,True,0.0,0.0,0.0,0.0,0.0,0.0,0.0,0.0,0.0,0.0,,,0.0,0,0
2026-07-24 10:55:26.755561,Egmore,13.0732,80.2609,5,26,9,1,1.0,False,2026-07-24 10:00:00,0.0,0.0,32.3,7.1,True,10,4,True,0.0,0.0,0.0,0.0,0.0,1.0,0.0,5.0,6.0,3.0,,,0.0,0,0
2026-07-24 10:55:26.755561,Central_Station,13.0827,80.2757,26,26,346,346,1.0,False,2026-07-24 10:00:00,0.0,0.0,32.3,7.1,True,10,4,True,0.0,0.0,1.0,3.0,0.0,1.0,0.0,0.0,5.0,13.0,,,0.0,0,0
2026-07-24 10:55:26.755561,Koyambedu,13.0694,80.1948,18,18,243,243,1.0,False,2026-07-24 10:00:00,0.0,0.0,32.3,7.1,True,10,4,True,0.0,0.0,0.0,0.0,0.0,0.0,0.0,0.0,0.0,0.0,,,0.0,0,0
2026-07-24 10:55:26.755561,Vadapalani,13.0503,80.2121,25,31,331,267,1.0,False,2026-07-24 10:00:00,0.0,0.0,32.3,7.1,True,10,4,True,4.0,0.0,2.0,0.0,1.0,1.0,0.0,0.0,8.0,8.5,,,0.0,0,0
2026-07-24 10:55:26.755561,Ashok_Nagar,13.0385,80.2107,34,34,2107,2107,1.0,False,2026-07-24 10:00:00,0.0,0.0,32.3,7.1,True,10,4,True,0.0,0.0,0.0,0.0,0.0,0.0,0.0,0.0,0.0,0.0,,,0.0,0,0
2026-07-24 10:55:26.755561,Kelambakkam_OMR,12.7925,80.2183,45,51,1516,1338,1.0,False,2026-07-24 10:00:00,0.0,0.0,32.3,7.1,True,10,4,True,0.0,0.0,0.0,0.0,0.0,0.0,0.0,0.0,0.0,0.0,,,0.0,0,0
2026-07-24 10:55:26.755561,Perungudi_OMR,12.9634,80.2431,17,25,146,99,0.996981,False,2026-07-24 10:00:00,0.0,0.0,32.3,7.1,True,10,4,True,0.0,0.0,0.0,0.0,0.0,0.0,0.0,0.0,0.0,0.0,,,0.0,0,0
2026-07-24 10:55:26.755561,Thoraipakkam_OMR,12.9407,80.235,20,20,523,523,1.0,False,2026-07-24 10:00:00,0.0,0.0,32.3,7.1,True,10,4,True,0.0,0.0,0.0,0.0,0.0,0.0,0.0,0.0,0.0,0.0,,,0.0,0,0
2026-07-24 10:55:26.755561,Porur,13.0381,80.1564,19,19,129,129,1.0,False,2026-07-24 10:00:00,0.0,0.0,32.3,7.1,True,10,4,True,4.0,1.0,0.0,2.0,0.0,2.0,0.0,2.0,11.0,14.8,,,0.0,0,0
2026-07-24 10:55:26.755561,Anna_Nagar_Roundtana,13.085,80.2101,15,15,66,66,1.0,False,2026-07-24 10:00:00,0.0,0.0,32.3,7.1,True,10,4,True,2.0,0.0,5.0,0.0,2.0,1.0,0.0,2.0,12.0,12.0,,,0.0,0,0
2026-07-24 10:55:26.755561,Perambur,13.1141,80.2417,25,25,1036,1036,1.0,False,2026-07-24 10:00:00,0.0,0.0,32.3,7.1,True,10,4,True,0.0,0.0,0.0,0.0,0.0,0.0,0.0,0.0,0.0,0.0,,,0.0,0,0
2026-07-24 10:55:26.755561,Mylapore,13.0339,80.2698,13,17,580,443,0.822087,True,2026-07-24 10:00:00,0.0,0.0,32.3,7.1,True,10,4,True,0.0,0.0,0.0,0.0,0.0,0.0,0.0,0.0,0.0,0.0,,,0.0,0,0
2026-07-24 10:55:26.755561,Chromepet,12.9516,80.1462,29,38,2461,1878,1.0,False,2026-07-24 10:00:00,0.0,0.0,32.3,7.1,True,10,4,True,0.0,0.0,0.0,0.0,0.0,0.0,0.0,0.0,0.0,0.0,,,0.0,0,0
2026-07-24 10:55:26.755561,Velachery_Junction,12.9791,80.2211,26,33,1653,1302,0.993408,False,2026-07-24 10:00:00,0.0,0.0,32.3,7.1,True,10,4,True,2.0,1.0,4.0,1.0,2.0,0.0,1.0,1.0,12.0,12.3,,,0.0,0,0
2026-07-24 10:55:26.755561,Tambaram,12.9249,80.1,24,28,1127,966,0.990975,False,2026-07-24 10:00:00,0.0,0.0,32.3,7.1,True,10,4,True,0.0,0.0,0.0,0.0,0.0,0.0,0.0,0.0,0.0,0.0,,,0.0,0,0
2026-07-24 11:10:26.906520,Adyar_Signal,13.0064,80.257,15,25,768,460,0.955941,True,2026-07-24 11:00:00,0.0,0.0,33.6,7.5,True,11,4,False,0.0,0.0,0.0,0.0,0.0,0.0,0.0,0.0,0.0,0.0,,,0.0,0,0
2026-07-24 11:10:26.906520,T_Nagar_Panagal,13.0418,80.2341,21,31,369,250,1.0,False,2026-07-24 11:00:00,0.0,0.0,33.6,7.5,True,11,4,False,0.0,0.0,0.0,0.0,0.0,0.0,0.0,0.0,0.0,0.0,,,0.0,0,0
2026-07-24 11:10:26.906520,Anna_Salai_Teynampet,13.0455,80.25,24,32,1752,1314,0.967661,True,2026-07-24 11:00:00,0.0,0.0,33.6,7.5,True,11,4,False,0.0,0.0,0.0,0.0,0.0,0.0,0.0,0.0,0.0,0.0,,,0.0,0,0
2026-07-24 11:10:26.906520,Kathipara,13.0107,80.2016,21,28,211,158,1.0,False,2026-07-24 11:00:00,0.0,0.0,33.6,7.5,True,11,4,False,0.0,0.0,0.0,0.0,0.0,0.0,0.0,0.0,0.0,0.0,,,0.0,0,0
2026-07-24 11:10:26.906520,Egmore,13.0732,80.2609,19,24,2,1,1.0,False,2026-07-24 11:00:00,0.0,0.0,33.6,7.5,True,11,4,False,0.0,0.0,0.0,0.0,0.0,1.0,0.0,5.0,6.0,3.0,,,0.0,0,0
2026-07-24 11:10:26.906520,Koyambedu,13.0694,80.1948,18,18,243,243,1.0,False,2026-07-24 11:00:00,0.0,0.0,33.6,7.5,True,11,4,False,0.0,0.0,0.0,0.0,0.0,0.0,0.0,0.0,0.0,0.0,,,0.0,0,0
2026-07-24 11:10:26.906520,Vadapalani,13.0503,80.2121,24,30,345,276,1.0,False,2026-07-24 11:00:00,0.0,0.0,33.6,7.5,True,11,4,False,4.0,0.0,2.0,0.0,1.0,1.0,0.0,0.0,8.0,8.5,,,0.0,0,0
2026-07-24 11:10:26.906520,Ashok_Nagar,13.0385,80.2107,34,34,2107,2107,1.0,False,2026-07-24 11:00:00,0.0,0.0,33.6,7.5,True,11,4,False,0.0,0.0,0.0,0.0,0.0,0.0,0.0,0.0,0.0,0.0,,,0.0,0,0
2026-07-24 11:10:26.906520,Central_Station,13.0827,80.2757,26,26,346,346,1.0,False,2026-07-24 11:00:00,0.0,0.0,33.6,7.5,True,11,4,False,0.0,0.0,1.0,3.0,0.0,1.0,0.0,0.0,5.0,13.0,,,0.0,0,0
2026-07-24 11:10:26.906520,Guindy,13.0067,80.2206,26,32,1653,1343,0.998977,False,2026-07-24 11:00:00,0.0,0.0,33.6,7.5,True,11,4,False,0.0,0.0,0.0,0.0,0.0,0.0,0.0,0.0,0.0,0.0,,,0.0,0,0
2026-07-24 11:10:26.906520,Thoraipakkam_OMR,12.9407,80.235,20,20,523,523,1.0,False,2026-07-24 11:00:00,0.0,0.0,33.6,7.5,True,11,4,False,0.0,0.0,0.0,0.0,0.0,0.0,0.0,0.0,0.0,0.0,,,0.0,0,0
2026-07-24 11:10:26.906520,Perambur,13.1141,80.2417,25,25,1036,1036,1.0,False,2026-07-24 11:00:00,0.0,0.0,33.6,7.5,True,11,4,False,0.0,0.0,0.0,0.0,0.0,0.0,0.0,0.0,0.0,0.0,,,0.0,0,0
2026-07-24 11:10:26.906520,Velachery_Junction,12.9791,80.2211,26,32,1653,1343,0.998977,False,2026-07-24 11:00:00,0.0,0.0,33.6,7.5,True,11,4,False,2.0,1.0,4.0,1.0,2.0,0.0,1.0,1.0,12.0,12.3,,,0.0,0,0
2026-07-24 11:10:26.906520,Porur,13.0381,80.1564,19,19,129,129,1.0,False,2026-07-24 11:00:00,0.0,0.0,33.6,7.5,True,11,4,False,4.0,1.0,0.0,2.0,0.0,2.0,0.0,2.0,11.0,14.8,,,0.0,0,0
2026-07-24 11:10:26.906520,Anna_Nagar_Roundtana,13.085,80.2101,12,15,83,66,1.0,False,2026-07-24 11:00:00,0.0,0.0,33.6,7.5,True,11,4,False,2.0,0.0,5.0,0.0,2.0,1.0,0.0,2.0,12.0,12.0,,,0.0,0,0
2026-07-24 11:10:26.906520,Perungudi_OMR,12.9634,80.2431,17,24,146,103,0.995088,False,2026-07-24 11:00:00,0.0,0.0,33.6,7.5,True,11,4,False,0.0,0.0,0.0,0.0,0.0,0.0,0.0,0.0,0.0,0.0,,,0.0,0,0
2026-07-24 11:10:26.906520,Mylapore,13.0339,80.2698,13,16,580,471,0.844439,True,2026-07-24 11:00:00,0.0,0.0,33.6,7.5,True,11,4,False,0.0,0.0,0.0,0.0,0.0,0.0,0.0,0.0,0.0,0.0,,,0.0,0,0
2026-07-24 11:10:26.906520,Chromepet,12.9516,80.1462,30,38,2379,1878,1.0,False,2026-07-24 11:00:00,0.0,0.0,33.6,7.5,True,11,4,False,0.0,0.0,0.0,0.0,0.0,0.0,0.0,0.0,0.0,0.0,,,0.0,0,0
2026-07-24 11:10:26.906520,Tambaram,12.9249,80.1,22,28,1230,966,0.981321,False,2026-07-24 11:00:00,0.0,0.0,33.6,7.5,True,11,4,False,0.0,0.0,0.0,0.0,0.0,0.0,0.0,0.0,0.0,0.0,,,0.0,0,0
2026-07-24 11:10:26.906520,Kelambakkam_OMR,12.7925,80.2183,51,51,1338,1338,1.0,False,2026-07-24 11:00:00,0.0,0.0,33.6,7.5,True,11,4,False,0.0,0.0,0.0,0.0,0.0,0.0,0.0,0.0,0.0,0.0,,,0.0,0,0
2026-07-24 11:40:26.599438,Vadapalani,13.0503,80.2121,22,29,376,285,1.0,False,2026-07-24 11:00:00,0.0,0.0,33.6,7.5,True,11,4,False,4.0,0.0,2.0,0.0,1.0,1.0,0.0,0.0,8.0,8.5,,,0.0,0,0
2026-07-24 11:40:26.599438,Adyar_Signal,13.0064,80.257,17,25,677,460,0.955941,True,2026-07-24 11:00:00,0.0,0.0,33.6,7.5,True,11,4,False,0.0,0.0,0.0,0.0,0.0,0.0,0.0,0.0,0.0,0.0,,,0.0,0,0
2026-07-24 11:40:26.599438,Guindy,13.0067,80.2206,26,33,1653,1302,1.0,False,2026-07-24 11:00:00,0.0,0.0,33.6,7.5,True,11,4,False,0.0,0.0,0.0,0.0,0.0,0.0,0.0,0.0,0.0,0.0,,,0.0,0,0
2026-07-24 11:40:26.599438,T_Nagar_Panagal,13.0418,80.2341,22,31,353,250,1.0,False,2026-07-24 11:00:00,0.0,0.0,33.6,7.5,True,11,4,False,0.0,0.0,0.0,0.0,0.0,0.0,0.0,0.0,0.0,0.0,,,0.0,0,0
2026-07-24 11:40:26.599438,Anna_Salai_Teynampet,13.0455,80.25,23,32,1829,1314,0.968595,True,2026-07-24 11:00:00,0.0,0.0,33.6,7.5,True,11,4,False,0.0,0.0,0.0,0.0,0.0,0.0,0.0,0.0,0.0,0.0,,,0.0,0,0
2026-07-24 11:40:26.599438,Egmore,13.0732,80.2609,25,25,1,1,1.0,False,2026-07-24 11:00:00,0.0,0.0,33.6,7.5,True,11,4,False,0.0,0.0,0.0,0.0,0.0,1.0,0.0,5.0,6.0,3.0,,,0.0,0,0
2026-07-24 11:40:26.599438,Central_Station,13.0827,80.2757,20,25,450,360,1.0,False,2026-07-24 11:00:00,0.0,0.0,33.6,7.5,True,11,4,False,0.0,0.0,1.0,3.0,0.0,1.0,0.0,0.0,5.0,13.0,,,0.0,0,0
2026-07-24 11:40:26.599438,Koyambedu,13.0694,80.1948,16,19,274,231,0.908896,False,2026-07-24 11:00:00,0.0,0.0,33.6,7.5,True,11,4,False,0.0,0.0,0.0,0.0,0.0,0.0,0.0,0.0,0.0,0.0,,,0.0,0,0
2026-07-24 11:40:26.599438,Ashok_Nagar,13.0385,80.2107,34,34,2107,2107,1.0,False,2026-07-24 11:00:00,0.0,0.0,33.6,7.5,True,11,4,False,0.0,0.0,0.0,0.0,0.0,0.0,0.0,0.0,0.0,0.0,,,0.0,0,0
2026-07-24 11:40:26.599438,Kathipara,13.0107,80.2016,18,28,247,158,1.0,False,2026-07-24 11:00:00,0.0,0.0,33.6,7.5,True,11,4,False,0.0,0.0,0.0,0.0,0.0,0.0,0.0,0.0,0.0,0.0,,,0.0,0,0
2026-07-24 11:40:26.599438,Perungudi_OMR,12.9634,80.2431,24,24,103,103,1.0,False,2026-07-24 11:00:00,0.0,0.0,33.6,7.5,True,11,4,False,0.0,0.0,0.0,0.0,0.0,0.0,0.0,0.0,0.0,0.0,,,0.0,0,0
2026-07-24 11:40:26.599438,Tambaram,12.9249,80.1,28,28,966,966,1.0,False,2026-07-24 11:00:00,0.0,0.0,33.6,7.5,True,11,4,False,0.0,0.0,0.0,0.0,0.0,0.0,0.0,0.0,0.0,0.0,,,0.0,0,0
2026-07-24 11:40:26.599438,Thoraipakkam_OMR,12.9407,80.235,20,20,523,523,1.0,False,2026-07-24 11:00:00,0.0,0.0,33.6,7.5,True,11,4,False,0.0,0.0,0.0,0.0,0.0,0.0,0.0,0.0,0.0,0.0,,,0.0,0,0
2026-07-24 11:40:26.599438,Porur,13.0381,80.1564,19,19,129,129,1.0,False,2026-07-24 11:00:00,0.0,0.0,33.6,7.5,True,11,4,False,4.0,1.0,0.0,2.0,0.0,2.0,0.0,2.0,11.0,14.8,,,0.0,0,0
2026-07-24 11:40:26.599438,Anna_Nagar_Roundtana,13.085,80.2101,10,14,99,71,1.0,False,2026-07-24 11:00:00,0.0,0.0,33.6,7.5,True,11,4,False,2.0,0.0,5.0,0.0,2.0,1.0,0.0,2.0,12.0,12.0,,,0.0,0,0
2026-07-24 11:40:26.599438,Perambur,13.1141,80.2417,25,25,1036,1036,1.0,False,2026-07-24 11:00:00,0.0,0.0,33.6,7.5,True,11,4,False,0.0,0.0,0.0,0.0,0.0,0.0,0.0,0.0,0.0,0.0,,,0.0,0,0
2026-07-24 11:40:26.599438,Mylapore,13.0339,80.2698,14,17,538,443,0.844206,True,2026-07-24 11:00:00,0.0,0.0,33.6,7.5,True,11,4,False,0.0,0.0,0.0,0.0,0.0,0.0,0.0,0.0,0.0,0.0,,,0.0,0,0
2026-07-24 11:40:26.599438,Chromepet,12.9516,80.1462,31,38,2302,1878,1.0,False,2026-07-24 11:00:00,0.0,0.0,33.6,7.5,True,11,4,False,0.0,0.0,0.0,0.0,0.0,0.0,0.0,0.0,0.0,0.0,,,0.0,0,0
2026-07-24 11:40:26.599438,Kelambakkam_OMR,12.7925,80.2183,43,51,1587,1338,0.999738,False,2026-07-24 11:00:00,0.0,0.0,33.6,7.5,True,11,4,False,0.0,0.0,0.0,0.0,0.0,0.0,0.0,0.0,0.0,0.0,,,0.0,0,0
2026-07-24 11:40:26.599438,Velachery_Junction,12.9791,80.2211,26,33,1653,1302,1.0,False,2026-07-24 11:00:00,0.0,0.0,33.6,7.5,True,11,4,False,2.0,1.0,4.0,1.0,2.0,0.0,1.0,1.0,12.0,12.3,,,0.0,0,0
2026-07-24 11:45:26.215742,Vadapalani,13.0503,80.2121,19,30,435,276,1.0,False,2026-07-24 11:00:00,0.0,0.0,33.6,7.5,True,11,4,False,4.0,0.0,2.0,0.0,1.0,1.0,0.0,0.0,8.0,8.5,,,0.0,0,0
2026-07-24 11:45:26.215742,Koyambedu,13.0694,80.1948,18,18,243,243,1.0,False,2026-07-24 11:00:00,0.0,0.0,33.6,7.5,True,11,4,False,0.0,0.0,0.0,0.0,0.0,0.0,0.0,0.0,0.0,0.0,,,0.0,0,0
2026-07-24 11:45:26.215742,Central_Station,13.0827,80.2757,21,26,429,346,1.0,False,2026-07-24 11:00:00,0.0,0.0,33.6,7.5,True,11,4,False,0.0,0.0,1.0,3.0,0.0,1.0,0.0,0.0,5.0,13.0,,,0.0,0,0
2026-07-24 11:45:26.215742,Egmore,13.0732,80.2609,25,25,1,1,1.0,False,2026-07-24 11:00:00,0.0,0.0,33.6,7.5,True,11,4,False,0.0,0.0,0.0,0.0,0.0,1.0,0.0,5.0,6.0,3.0,,,0.0,0,0
2026-07-24 11:45:26.215742,Ashok_Nagar,13.0385,80.2107,34,34,2107,2107,1.0,False,2026-07-24 11:00:00,0.0,0.0,33.6,7.5,True,11,4,False,0.0,0.0,0.0,0.0,0.0,0.0,0.0,0.0,0.0,0.0,,,0.0,0,0
2026-07-24 11:45:26.215742,T_Nagar_Panagal,13.0418,80.2341,22,32,353,242,1.0,False,2026-07-24 11:00:00,0.0,0.0,33.6,7.5,True,11,4,False,0.0,0.0,0.0,0.0,0.0,0.0,0.0,0.0,0.0,0.0,,,0.0,0,0
2026-07-24 11:45:26.215742,Guindy,13.0067,80.2206,26,32,1653,1343,0.999797,False,2026-07-24 11:00:00,0.0,0.0,33.6,7.5,True,11,4,False,0.0,0.0,0.0,0.0,0.0,0.0,0.0,0.0,0.0,0.0,,,0.0,0,0
2026-07-24 11:45:26.215742,Adyar_Signal,13.0064,80.257,18,25,640,460,0.955941,True,2026-07-24 11:00:00,0.0,0.0,33.6,7.5,True,11,4,False,0.0,0.0,0.0,0.0,0.0,0.0,0.0,0.0,0.0,0.0,,,0.0,0,0
2026-07-24 11:45:26.215742,Anna_Salai_Teynampet,13.0455,80.25,22,33,1912,1274,0.968595,True,2026-07-24 11:00:00,0.0,0.0,33.6,7.5,True,11,4,False,0.0,0.0,0.0,0.0,0.0,0.0,0.0,0.0,0.0,0.0,,,0.0,0,0
2026-07-24 11:45:26.215742,Kathipara,13.0107,80.2016,20,28,222,158,1.0,False,2026-07-24 11:00:00,0.0,0.0,33.6,7.5,True,11,4,False,0.0,0.0,0.0,0.0,0.0,0.0,0.0,0.0,0.0,0.0,,,0.0,0,0
2026-07-24 11:45:26.215742,Perungudi_OMR,12.9634,80.2431,24,24,103,103,1.0,False,2026-07-24 11:00:00,0.0,0.0,33.6,7.5,True,11,4,False,0.0,0.0,0.0,0.0,0.0,0.0,0.0,0.0,0.0,0.0,,,0.0,0,0
2026-07-24 11:45:26.215742,Perambur,13.1141,80.2417,25,25,1036,1036,1.0,False,2026-07-24 11:00:00,0.0,0.0,33.6,7.5,True,11,4,False,0.0,0.0,0.0,0.0,0.0,0.0,0.0,0.0,0.0,0.0,,,0.0,0,0
2026-07-24 11:45:26.215742,Kelambakkam_OMR,12.7925,80.2183,44,50,1551,1365,0.999749,False,2026-07-24 11:00:00,0.0,0.0,33.6,7.5,True,11,4,False,0.0,0.0,0.0,0.0,0.0,0.0,0.0,0.0,0.0,0.0,,,0.0,0,0
2026-07-24 11:45:26.215742,Chromepet,12.9516,80.1462,31,38,2302,1878,1.0,False,2026-07-24 11:00:00,0.0,0.0,33.6,7.5,True,11,4,False,0.0,0.0,0.0,0.0,0.0,0.0,0.0,0.0,0.0,0.0,,,0.0,0,0
2026-07-24 11:45:26.215742,Mylapore,13.0339,80.2698,14,16,538,471,0.843257,True,2026-07-24 11:00:00,0.0,0.0,33.6,7.5,True,11,4,False,0.0,0.0,0.0,0.0,0.0,0.0,0.0,0.0,0.0,0.0,,,0.0,0,0
2026-07-24 11:45:26.215742,Tambaram,12.9249,80.1,26,28,1041,966,0.984926,False,2026-07-24 11:00:00,0.0,0.0,33.6,7.5,True,11,4,False,0.0,0.0,0.0,0.0,0.0,0.0,0.0,0.0,0.0,0.0,,,0.0,0,0
2026-07-24 11:45:26.215742,Anna_Nagar_Roundtana,13.085,80.2101,6,14,166,71,1.0,False,2026-07-24 11:00:00,0.0,0.0,33.6,7.5,True,11,4,False,2.0,0.0,5.0,0.0,2.0,1.0,0.0,2.0,12.0,12.0,,,0.0,0,0
2026-07-24 11:45:26.215742,Porur,13.0381,80.1564,19,19,129,129,1.0,False,2026-07-24 11:00:00,0.0,0.0,33.6,7.5,True,11,4,False,4.0,1.0,0.0,2.0,0.0,2.0,0.0,2.0,11.0,14.8,,,0.0,0,0
2026-07-24 11:45:26.215742,Thoraipakkam_OMR,12.9407,80.235,16,20,654,523,0.953121,False,2026-07-24 11:00:00,0.0,0.0,33.6,7.5,True,11,4,False,0.0,0.0,0.0,0.0,0.0,0.0,0.0,0.0,0.0,0.0,,,0.0,0,0
2026-07-24 11:45:26.215742,Velachery_Junction,12.9791,80.2211,26,32,1653,1343,0.999797,False,2026-07-24 11:00:00,0.0,0.0,33.6,7.5,True,11,4,False,2.0,1.0,4.0,1.0,2.0,0.0,1.0,1.0,12.0,12.3,,,0.0,0,0
2026-07-24 11:50:26.553578,Guindy,13.0067,80.2206,26,33,1653,1302,1.0,False,2026-07-24 11:00:00,0.0,0.0,33.6,7.5,True,11,4,False,0.0,0.0,0.0,0.0,0.0,0.0,0.0,0.0,0.0,0.0,,,0.0,0,0
2026-07-24 11:50:26.553578,T_Nagar_Panagal,13.0418,80.2341,21,32,369,242,1.0,False,2026-07-24 11:00:00,0.0,0.0,33.6,7.5,True,11,4,False,0.0,0.0,0.0,0.0,0.0,0.0,0.0,0.0,0.0,0.0,,,0.0,0,0
2026-07-24 11:50:26.553578,Anna_Salai_Teynampet,13.0455,80.25,23,32,1829,1314,0.968595,True,2026-07-24 11:00:00,0.0,0.0,33.6,7.5,True,11,4,False,0.0,0.0,0.0,0.0,0.0,0.0,0.0,0.0,0.0,0.0,,,0.0,0,0
2026-07-24 11:50:26.553578,Adyar_Signal,13.0064,80.257,19,25,606,460,0.955941,True,2026-07-24 11:00:00,0.0,0.0,33.6,7.5,True,11,4,False,0.0,0.0,0.0,0.0,0.0,0.0,0.0,0.0,0.0,0.0,,,0.0,0,0
2026-07-24 11:50:26.553578,Egmore,13.0732,80.2609,25,25,1,1,1.0,False,2026-07-24 11:00:00,0.0,0.0,33.6,7.5,True,11,4,False,0.0,0.0,0.0,0.0,0.0,1.0,0.0,5.0,6.0,3.0,,,0.0,0,0
2026-07-24 11:50:26.553578,Koyambedu,13.0694,80.1948,18,18,243,243,1.0,False,2026-07-24 11:00:00,0.0,0.0,33.6,7.5,True,11,4,False,0.0,0.0,0.0,0.0,0.0,0.0,0.0,0.0,0.0,0.0,,,0.0,0,0
2026-07-24 11:50:26.553578,Vadapalani,13.0503,80.2121,18,30,460,276,1.0,False,2026-07-24 11:00:00,0.0,0.0,33.6,7.5,True,11,4,False,4.0,0.0,2.0,0.0,1.0,1.0,0.0,0.0,8.0,8.5,,,0.0,0,0
2026-07-24 11:50:26.553578,Ashok_Nagar,13.0385,80.2107,34,34,2107,2107,1.0,False,2026-07-24 11:00:00,0.0,0.0,33.6,7.5,True,11,4,False,0.0,0.0,0.0,0.0,0.0,0.0,0.0,0.0,0.0,0.0,,,0.0,0,0
2026-07-24 11:50:26.553578,Central_Station,13.0827,80.2757,20,26,450,346,1.0,False,2026-07-24 11:00:00,0.0,0.0,33.6,7.5,True,11,4,False,0.0,0.0,1.0,3.0,0.0,1.0,0.0,0.0,5.0,13.0,,,0.0,0,0
2026-07-24 11:50:26.553578,Kathipara,13.0107,80.2016,22,29,202,153,1.0,False,2026-07-24 11:00:00,0.0,0.0,33.6,7.5,True,11,4,False,0.0,0.0,0.0,0.0,0.0,0.0,0.0,0.0,0.0,0.0,,,0.0,0,0
2026-07-24 11:50:26.553578,Perungudi_OMR,12.9634,80.2431,16,23,155,108,0.99,False,2026-07-24 11:00:00,0.0,0.0,33.6,7.5,True,11,4,False,0.0,0.0,0.0,0.0,0.0,0.0,0.0,0.0,0.0,0.0,,,0.0,0,0
2026-07-24 11:50:26.553578,Perambur,13.1141,80.2417,25,25,1036,1036,1.0,False,2026-07-24 11:00:00,0.0,0.0,33.6,7.5,True,11,4,False,0.0,0.0,0.0,0.0,0.0,0.0,0.0,0.0,0.0,0.0,,,0.0,0,0
2026-07-24 11:50:26.553578,Thoraipakkam_OMR,12.9407,80.235,20,20,523,523,1.0,False,2026-07-24 11:00:00,0.0,0.0,33.6,7.5,True,11,4,False,0.0,0.0,0.0,0.0,0.0,0.0,0.0,0.0,0.0,0.0,,,0.0,0,0
2026-07-24 11:50:26.553578,Porur,13.0381,80.1564,19,19,129,129,1.0,False,2026-07-24 11:00:00,0.0,0.0,33.6,7.5,True,11,4,False,4.0,1.0,0.0,2.0,0.0,2.0,0.0,2.0,11.0,14.8,,,0.0,0,0
2026-07-24 11:50:26.553578,Anna_Nagar_Roundtana,13.085,80.2101,8,14,124,71,1.0,False,2026-07-24 11:00:00,0.0,0.0,33.6,7.5,True,11,4,False,2.0,0.0,5.0,0.0,2.0,1.0,0.0,2.0,12.0,12.0,,,0.0,0,0
2026-07-24 11:50:26.553578,Velachery_Junction,12.9791,80.2211,26,33,1653,1302,1.0,False,2026-07-24 11:00:00,0.0,0.0,33.6,7.5,True,11,4,False,2.0,1.0,4.0,1.0,2.0,0.0,1.0,1.0,12.0,12.3,,,0.0,0,0
2026-07-24 11:50:26.553578,Mylapore,13.0339,80.2698,13,17,580,443,0.849802,True,2026-07-24 11:00:00,0.0,0.0,33.6,7.5,True,11,4,False,0.0,0.0,0.0,0.0,0.0,0.0,0.0,0.0,0.0,0.0,,,0.0,0,0
2026-07-24 11:50:26.553578,Chromepet,12.9516,80.1462,32,38,2230,1878,1.0,False,2026-07-24 11:00:00,0.0,0.0,33.6,7.5,True,11,4,False,0.0,0.0,0.0,0.0,0.0,0.0,0.0,0.0,0.0,0.0,,,0.0,0,0
2026-07-24 11:50:26.553578,Tambaram,12.9249,80.1,28,28,966,966,1.0,False,2026-07-24 11:00:00,0.0,0.0,33.6,7.5,True,11,4,False,0.0,0.0,0.0,0.0,0.0,0.0,0.0,0.0,0.0,0.0,,,0.0,0,0
2026-07-24 11:50:26.553578,Kelambakkam_OMR,12.7925,80.2183,44,51,1551,1338,0.999776,False,2026-07-24 11:00:00,0.0,0.0,33.6,7.5,True,11,4,False,0.0,0.0,0.0,0.0,0.0,0.0,0.0,0.0,0.0,0.0,,,0.0,0,0
2026-07-24 11:55:26.472100,Vadapalani,13.0503,80.2121,21,31,394,267,1.0,False,2026-07-24 11:00:00,0.0,0.0,33.6,7.5,True,11,4,False,4.0,0.0,2.0,0.0,1.0,1.0,0.0,0.0,8.0,8.5,,,0.0,0,0
2026-07-24 11:55:26.472100,Kathipara,13.0107,80.2016,28,28,158,158,1.0,False,2026-07-24 11:00:00,0.0,0.0,33.6,7.5,True,11,4,False,0.0,0.0,0.0,0.0,0.0,0.0,0.0,0.0,0.0,0.0,,,0.0,0,0
2026-07-24 11:55:26.472100,Guindy,13.0067,80.2206,27,33,1592,1302,1.0,False,2026-07-24 11:00:00,0.0,0.0,33.6,7.5,True,11,4,False,0.0,0.0,0.0,0.0,0.0,0.0,0.0,0.0,0.0,0.0,,,0.0,0,0
2026-07-24 11:55:26.472100,T_Nagar_Panagal,13.0418,80.2341,25,31,310,250,1.0,False,2026-07-24 11:00:00,0.0,0.0,33.6,7.5,True,11,4,False,0.0,0.0,0.0,0.0,0.0,0.0,0.0,0.0,0.0,0.0,,,0.0,0,0
2026-07-24 11:55:26.472100,Anna_Salai_Teynampet,13.0455,80.25,23,33,1829,1274,0.968595,True,2026-07-24 11:00:00,0.0,0.0,33.6,7.5,True,11,4,False,0.0,0.0,0.0,0.0,0.0,0.0,0.0,0.0,0.0,0.0,,,0.0,0,0
2026-07-24 11:55:26.472100,Egmore,13.0732,80.2609,14,24,3,1,1.0,False,2026-07-24 11:00:00,0.0,0.0,33.6,7.5,True,11,4,False,0.0,0.0,0.0,0.0,0.0,1.0,0.0,5.0,6.0,3.0,,,0.0,0,0
2026-07-24 11:55:26.472100,Central_Station,13.0827,80.2757,19,26,474,346,1.0,False,2026-07-24 11:00:00,0.0,0.0,33.6,7.5,True,11,4,False,0.0,0.0,1.0,3.0,0.0,1.0,0.0,0.0,5.0,13.0,,,0.0,0,0
2026-07-24 11:55:26.472100,Koyambedu,13.0694,80.1948,18,18,243,243,1.0,False,2026-07-24 11:00:00,0.0,0.0,33.6,7.5,True,11,4,False,0.0,0.0,0.0,0.0,0.0,0.0,0.0,0.0,0.0,0.0,,,0.0,0,0
2026-07-24 11:55:26.472100,Adyar_Signal,13.0064,80.257,18,25,640,460,0.955941,True,2026-07-24 11:00:00,0.0,0.0,33.6,7.5,True,11,4,False,0.0,0.0,0.0,0.0,0.0,0.0,0.0,0.0,0.0,0.0,,,0.0,0,0
2026-07-24 11:55:26.472100,Ashok_Nagar,13.0385,80.2107,34,34,2107,2107,1.0,False,2026-07-24 11:00:00,0.0,0.0,33.6,7.5,True,11,4,False,0.0,0.0,0.0,0.0,0.0,0.0,0.0,0.0,0.0,0.0,,,0.0,0,0
2026-07-24 11:55:26.472100,Kelambakkam_OMR,12.7925,80.2183,43,50,1587,1365,0.999784,False,2026-07-24 11:00:00,0.0,0.0,33.6,7.5,True,11,4,False,0.0,0.0,0.0,0.0,0.0,0.0,0.0,0.0,0.0,0.0,,,0.0,0,0
2026-07-24 11:55:26.472100,Perungudi_OMR,12.9634,80.2431,24,24,103,103,1.0,False,2026-07-24 11:00:00,0.0,0.0,33.6,7.5,True,11,4,False,0.0,0.0,0.0,0.0,0.0,0.0,0.0,0.0,0.0,0.0,,,0.0,0,0
2026-07-24 11:55:26.472100,Thoraipakkam_OMR,12.9407,80.235,20,20,523,523,1.0,False,2026-07-24 11:00:00,0.0,0.0,33.6,7.5,True,11,4,False,0.0,0.0,0.0,0.0,0.0,0.0,0.0,0.0,0.0,0.0,,,0.0,0,0
2026-07-24 11:55:26.472100,Porur,13.0381,80.1564,19,19,129,129,1.0,False,2026-07-24 11:00:00,0.0,0.0,33.6,7.5,True,11,4,False,4.0,1.0,0.0,2.0,0.0,2.0,0.0,2.0,11.0,14.8,,,0.0,0,0
2026-07-24 11:55:26.472100,Anna_Nagar_Roundtana,13.085,80.2101,15,15,66,66,1.0,False,2026-07-24 11:00:00,0.0,0.0,33.6,7.5,True,11,4,False,2.0,0.0,5.0,0.0,2.0,1.0,0.0,2.0,12.0,12.0,,,0.0,0,0
2026-07-24 11:55:26.472100,Perambur,13.1141,80.2417,25,25,1036,1036,1.0,False,2026-07-24 11:00:00,0.0,0.0,33.6,7.5,True,11,4,False,0.0,0.0,0.0,0.0,0.0,0.0,0.0,0.0,0.0,0.0,,,0.0,0,0
2026-07-24 11:55:26.472100,Mylapore,13.0339,80.2698,13,17,580,443,0.836968,True,2026-07-24 11:00:00,0.0,0.0,33.6,7.5,True,11,4,False,0.0,0.0,0.0,0.0,0.0,0.0,0.0,0.0,0.0,0.0,,,0.0,0,0
2026-07-24 11:55:26.472100,Chromepet,12.9516,80.1462,38,38,1878,1878,1.0,False,2026-07-24 11:00:00,0.0,0.0,33.6,7.5,True,11,4,False,0.0,0.0,0.0,0.0,0.0,0.0,0.0,0.0,0.0,0.0,,,0.0,0,0
2026-07-24 11:55:26.472100,Tambaram,12.9249,80.1,28,28,966,966,1.0,False,2026-07-24 11:00:00,0.0,0.0,33.6,7.5,True,11,4,False,0.0,0.0,0.0,0.0,0.0,0.0,0.0,0.0,0.0,0.0,,,0.0,0,0
2026-07-24 11:55:26.472100,Velachery_Junction,12.9791,80.2211,27,33,1592,1302,1.0,False,2026-07-24 11:00:00,0.0,0.0,33.6,7.5,True,11,4,False,2.0,1.0,4.0,1.0,2.0,0.0,1.0,1.0,12.0,12.3,,,0.0,0,0
2026-07-24 12:25:26.428938,Kathipara,13.0107,80.2016,28,28,158,158,1.0,False,2026-07-24 12:00:00,0.0,0.0,34.3,6.1,True,12,4,False,0.0,0.0,0.0,0.0,0.0,0.0,0.0,0.0,0.0,0.0,,,0.0,0,0
2026-07-24 12:25:26.428938,T_Nagar_Panagal,13.0418,80.2341,24,32,323,242,1.0,False,2026-07-24 12:00:00,0.0,0.0,34.3,6.1,True,12,4,False,0.0,0.0,0.0,0.0,0.0,0.0,0.0,0.0,0.0,0.0,,,0.0,0,0
2026-07-24 12:25:26.428938,Anna_Salai_Teynampet,13.0455,80.25,24,32,1752,1314,0.965362,True,2026-07-24 12:00:00,0.0,0.0,34.3,6.1,True,12,4,False,0.0,0.0,0.0,0.0,0.0,0.0,0.0,0.0,0.0,0.0,,,0.0,0,0
2026-07-24 12:25:26.428938,Adyar_Signal,13.0064,80.257,17,25,677,460,0.955941,True,2026-07-24 12:00:00,0.0,0.0,34.3,6.1,True,12,4,False,0.0,0.0,0.0,0.0,0.0,0.0,0.0,0.0,0.0,0.0,,,0.0,0,0
2026-07-24 12:25:26.428938,Ashok_Nagar,13.0385,80.2107,34,34,2107,2107,1.0,False,2026-07-24 12:00:00,0.0,0.0,34.3,6.1,True,12,4,False,0.0,0.0,0.0,0.0,0.0,0.0,0.0,0.0,0.0,0.0,,,0.0,0,0
2026-07-24 12:25:26.428938,Koyambedu,13.0694,80.1948,18,18,243,243,1.0,False,2026-07-24 12:00:00,0.0,0.0,34.3,6.1,True,12,4,False,0.0,0.0,0.0,0.0,0.0,0.0,0.0,0.0,0.0,0.0,,,0.0,0,0
2026-07-24 12:25:26.428938,Egmore,13.0732,80.2609,19,25,2,1,1.0,False,2026-07-24 12:00:00,0.0,0.0,34.3,6.1,True,12,4,False,0.0,0.0,0.0,0.0,0.0,1.0,0.0,5.0,6.0,3.0,,,0.0,0,0
2026-07-24 12:25:26.428938,Vadapalani,13.0503,80.2121,22,31,376,267,1.0,False,2026-07-24 12:00:00,0.0,0.0,34.3,6.1,True,12,4,False,4.0,0.0,2.0,0.0,1.0,1.0,0.0,0.0,8.0,8.5,,,0.0,0,0
2026-07-24 12:25:26.428938,Central_Station,13.0827,80.2757,19,26,474,346,1.0,False,2026-07-24 12:00:00,0.0,0.0,34.3,6.1,True,12,4,False,0.0,0.0,1.0,3.0,0.0,1.0,0.0,0.0,5.0,13.0,,,0.0,0,0
2026-07-24 12:25:26.428938,Guindy,13.0067,80.2206,27,32,1592,1343,0.998381,False,2026-07-24 12:00:00,0.0,0.0,34.3,6.1,True,12,4,False,0.0,0.0,0.0,0.0,0.0,0.0,0.0,0.0,0.0,0.0,,,0.0,0,0
2026-07-24 12:25:26.428938,Thoraipakkam_OMR,12.9407,80.235,18,20,581,523,0.937155,False,2026-07-24 12:00:00,0.0,0.0,34.3,6.1,True,12,4,False,0.0,0.0,0.0,0.0,0.0,0.0,0.0,0.0,0.0,0.0,,,0.0,0,0
2026-07-24 12:25:26.428938,Perambur,13.1141,80.2417,18,24,1439,1079,0.999027,False,2026-07-24 12:00:00,0.0,0.0,34.3,6.1,True,12,4,False,0.0,0.0,0.0,0.0,0.0,0.0,0.0,0.0,0.0,0.0,,,0.0,0,0
2026-07-24 12:25:26.428938,Perungudi_OMR,12.9634,80.2431,15,25,166,99,0.990176,False,2026-07-24 12:00:00,0.0,0.0,34.3,6.1,True,12,4,False,0.0,0.0,0.0,0.0,0.0,0.0,0.0,0.0,0.0,0.0,,,0.0,0,0
2026-07-24 12:25:26.428938,Porur,13.0381,80.1564,19,19,129,129,1.0,False,2026-07-24 12:00:00,0.0,0.0,34.3,6.1,True,12,4,False,4.0,1.0,0.0,2.0,0.0,2.0,0.0,2.0,11.0,14.8,,,0.0,0,0
2026-07-24 12:25:26.428938,Anna_Nagar_Roundtana,13.085,80.2101,15,15,66,66,1.0,False,2026-07-24 12:00:00,0.0,0.0,34.3,6.1,True,12,4,False,2.0,0.0,5.0,0.0,2.0,1.0,0.0,2.0,12.0,12.0,,,0.0,0,0
2026-07-24 12:25:26.428938,Velachery_Junction,12.9791,80.2211,27,33,1592,1302,0.998381,False,2026-07-24 12:00:00,0.0,0.0,34.3,6.1,True,12,4,False,2.0,1.0,4.0,1.0,2.0,0.0,1.0,1.0,12.0,12.3,,,0.0,0,0
2026-07-24 12:25:26.428938,Mylapore,13.0339,80.2698,15,16,503,471,0.779795,True,2026-07-24 12:00:00,0.0,0.0,34.3,6.1,True,12,4,False,0.0,0.0,0.0,0.0,0.0,0.0,0.0,0.0,0.0,0.0,,,0.0,0,0
2026-07-24 12:25:26.428938,Chromepet,12.9516,80.1462,38,38,1878,1878,1.0,False,2026-07-24 12:00:00,0.0,0.0,34.3,6.1,True,12,4,False,0.0,0.0,0.0,0.0,0.0,0.0,0.0,0.0,0.0,0.0,,,0.0,0,0
2026-07-24 12:25:26.428938,Tambaram,12.9249,80.1,25,29,1082,933,0.986307,False,2026-07-24 12:00:00,0.0,0.0,34.3,6.1,True,12,4,False,0.0,0.0,0.0,0.0,0.0,0.0,0.0,0.0,0.0,0.0,,,0.0,0,0
2026-07-24 12:25:26.428938,Kelambakkam_OMR,12.7925,80.2183,43,51,1587,1338,0.999732,False,2026-07-24 12:00:00,0.0,0.0,34.3,6.1,True,12,4,False,0.0,0.0,0.0,0.0,0.0,0.0,0.0,0.0,0.0,0.0,,,0.0,0,0
2026-07-24 12:50:32.046549,Egmore,13.0732,80.2609,19,24,2,1,1.0,False,2026-07-24 12:00:00,0.0,0.0,34.3,6.1,True,12,4,False,0.0,0.0,0.0,0.0,0.0,1.0,0.0,5.0,6.0,3.0,,,0.0,0,0
2026-07-24 12:50:32.046549,Vadapalani,13.0503,80.2121,23,30,360,276,1.0,False,2026-07-24 12:00:00,0.0,0.0,34.3,6.1,True,12,4,False,4.0,0.0,2.0,0.0,1.0,1.0,0.0,0.0,8.0,8.5,,,0.0,0,0
2026-07-24 12:50:32.046549,Koyambedu,13.0694,80.1948,18,18,243,243,1.0,False,2026-07-24 12:00:00,0.0,0.0,34.3,6.1,True,12,4,False,0.0,0.0,0.0,0.0,0.0,0.0,0.0,0.0,0.0,0.0,,,0.0,0,0
2026-07-24 12:50:32.046549,Central_Station,13.0827,80.2757,17,26,529,346,1.0,False,2026-07-24 12:00:00,0.0,0.0,34.3,6.1,True,12,4,False,0.0,0.0,1.0,3.0,0.0,1.0,0.0,0.0,5.0,13.0,,,0.0,0,0
2026-07-24 12:50:32.046549,Kathipara,13.0107,80.2016,28,28,158,158,1.0,False,2026-07-24 12:00:00,0.0,0.0,34.3,6.1,True,12,4,False,0.0,0.0,0.0,0.0,0.0,0.0,0.0,0.0,0.0,0.0,,,0.0,0,0
2026-07-24 12:50:32.046549,Anna_Salai_Teynampet,13.0455,80.25,22,32,1912,1314,0.966297,True,2026-07-24 12:00:00,0.0,0.0,34.3,6.1,True,12,4,False,0.0,0.0,0.0,0.0,0.0,0.0,0.0,0.0,0.0,0.0,,,0.0,0,0
2026-07-24 12:50:32.046549,T_Nagar_Panagal,13.0418,80.2341,23,32,337,242,1.0,False,2026-07-24 12:00:00,0.0,0.0,34.3,6.1,True,12,4,False,0.0,0.0,0.0,0.0,0.0,0.0,0.0,0.0,0.0,0.0,,,0.0,0,0
2026-07-24 12:50:32.046549,Adyar_Signal,13.0064,80.257,19,25,606,460,0.955941,True,2026-07-24 12:00:00,0.0,0.0,34.3,6.1,True,12,4,False,0.0,0.0,0.0,0.0,0.0,0.0,0.0,0.0,0.0,0.0,,,0.0,0,0
2026-07-24 12:50:32.046549,Ashok_Nagar,13.0385,80.2107,30,35,2388,2047,0.997892,False,2026-07-24 12:00:00,0.0,0.0,34.3,6.1,True,12,4,False,0.0,0.0,0.0,0.0,0.0,0.0,0.0,0.0,0.0,0.0,,,0.0,0,0
2026-07-24 12:50:32.046549,Guindy,13.0067,80.2206,28,33,1535,1302,0.998988,False,2026-07-24 12:00:00,0.0,0.0,34.3,6.1,True,12,4,False,0.0,0.0,0.0,0.0,0.0,0.0,0.0,0.0,0.0,0.0,,,0.0,0,0
2026-07-24 12:50:32.046549,Velachery_Junction,12.9791,80.2211,28,33,1535,1302,0.998988,False,2026-07-24 12:00:00,0.0,0.0,34.3,6.1,True,12,4,False,2.0,1.0,4.0,1.0,2.0,0.0,1.0,1.0,12.0,12.3,,,0.0,0,0
2026-07-24 12:50:32.046549,Perungudi_OMR,12.9634,80.2431,24,24,103,103,1.0,False,2026-07-24 12:00:00,0.0,0.0,34.3,6.1,True,12,4,False,0.0,0.0,0.0,0.0,0.0,0.0,0.0,0.0,0.0,0.0,,,0.0,0,0
2026-07-24 12:50:32.046549,Chromepet,12.9516,80.1462,31,38,2302,1878,1.0,False,2026-07-24 12:00:00,0.0,0.0,34.3,6.1,True,12,4,False,0.0,0.0,0.0,0.0,0.0,0.0,0.0,0.0,0.0,0.0,,,0.0,0,0
2026-07-24 12:50:32.046549,Mylapore,13.0339,80.2698,14,16,538,471,0.824382,True,2026-07-24 12:00:00,0.0,0.0,34.3,6.1,True,12,4,False,0.0,0.0,0.0,0.0,0.0,0.0,0.0,0.0,0.0,0.0,,,0.0,0,0
2026-07-24 12:50:32.046549,Perambur,13.1141,80.2417,19,24,1363,1079,0.999287,False,2026-07-24 12:00:00,0.0,0.0,34.3,6.1,True,12,4,False,0.0,0.0,0.0,0.0,0.0,0.0,0.0,0.0,0.0,0.0,,,0.0,0,0
2026-07-24 12:50:32.046549,Kelambakkam_OMR,12.7925,80.2183,42,50,1625,1365,0.999796,False,2026-07-24 12:00:00,0.0,0.0,34.3,6.1,True,12,4,False,0.0,0.0,0.0,0.0,0.0,0.0,0.0,0.0,0.0,0.0,,,0.0,0,0
2026-07-24 12:50:32.046549,Porur,13.0381,80.1564,19,19,129,129,1.0,False,2026-07-24 12:00:00,0.0,0.0,34.3,6.1,True,12,4,False,4.0,1.0,0.0,2.0,0.0,2.0,0.0,2.0,11.0,14.8,,,0.0,0,0
2026-07-24 12:50:32.046549,Thoraipakkam_OMR,12.9407,80.235,20,20,523,523,1.0,False,2026-07-24 12:00:00,0.0,0.0,34.3,6.1,True,12,4,False,0.0,0.0,0.0,0.0,0.0,0.0,0.0,0.0,0.0,0.0,,,0.0,0,0
2026-07-24 12:50:32.046549,Tambaram,12.9249,80.1,25,29,1082,933,0.988048,False,2026-07-24 12:00:00,0.0,0.0,34.3,6.1,True,12,4,False,0.0,0.0,0.0,0.0,0.0,0.0,0.0,0.0,0.0,0.0,,,0.0,0,0
2026-07-24 12:50:32.046549,Anna_Nagar_Roundtana,13.085,80.2101,15,15,66,66,1.0,False,2026-07-24 12:00:00,0.0,0.0,34.3,6.1,True,12,4,False,2.0,0.0,5.0,0.0,2.0,1.0,0.0,2.0,12.0,12.0,,,0.0,0,0
2026-07-24 12:55:25.750817,Kathipara,13.0107,80.2016,28,28,158,158,1.0,False,2026-07-24 12:00:00,0.0,0.0,34.3,6.1,True,12,4,False,0.0,0.0,0.0,0.0,0.0,0.0,0.0,0.0,0.0,0.0,,,0.0,0,0
2026-07-24 12:55:25.750817,Vadapalani,13.0503,80.2121,24,31,345,267,1.0,False,2026-07-24 12:00:00,0.0,0.0,34.3,6.1,True,12,4,False,4.0,0.0,2.0,0.0,1.0,1.0,0.0,0.0,8.0,8.5,,,0.0,0,0
2026-07-24 12:55:25.750817,Koyambedu,13.0694,80.1948,18,18,243,243,1.0,False,2026-07-24 12:00:00,0.0,0.0,34.3,6.1,True,12,4,False,0.0,0.0,0.0,0.0,0.0,0.0,0.0,0.0,0.0,0.0,,,0.0,0,0
2026-07-24 12:55:25.750817,Central_Station,13.0827,80.2757,18,25,500,360,1.0,False,2026-07-24 12:00:00,0.0,0.0,34.3,6.1,True,12,4,False,0.0,0.0,1.0,3.0,0.0,1.0,0.0,0.0,5.0,13.0,,,0.0,0,0
2026-07-24 12:55:25.750817,Adyar_Signal,13.0064,80.257,19,25,606,460,0.955941,True,2026-07-24 12:00:00,0.0,0.0,34.3,6.1,True,12,4,False,0.0,0.0,0.0,0.0,0.0,0.0,0.0,0.0,0.0,0.0,,,0.0,0,0
2026-07-24 12:55:25.750817,Anna_Salai_Teynampet,13.0455,80.25,24,32,1752,1314,0.966272,True,2026-07-24 12:00:00,0.0,0.0,34.3,6.1,True,12,4,False,0.0,0.0,0.0,0.0,0.0,0.0,0.0,0.0,0.0,0.0,,,0.0,0,0
2026-07-24 12:55:25.750817,T_Nagar_Panagal,13.0418,80.2341,26,31,298,250,1.0,False,2026-07-24 12:00:00,0.0,0.0,34.3,6.1,True,12,4,False,0.0,0.0,0.0,0.0,0.0,0.0,0.0,0.0,0.0,0.0,,,0.0,0,0
2026-07-24 12:55:25.750817,Guindy,13.0067,80.2206,27,33,1592,1302,0.998875,False,2026-07-24 12:00:00,0.0,0.0,34.3,6.1,True,12,4,False,0.0,0.0,0.0,0.0,0.0,0.0,0.0,0.0,0.0,0.0,,,0.0,0,0
2026-07-24 12:55:25.750817,Ashok_Nagar,13.0385,80.2107,34,34,2107,2107,1.0,False,2026-07-24 12:00:00,0.0,0.0,34.3,6.1,True,12,4,False,0.0,0.0,0.0,0.0,0.0,0.0,0.0,0.0,0.0,0.0,,,0.0,0,0
2026-07-24 12:55:25.750817,Egmore,13.0732,80.2609,15,25,3,1,1.0,False,2026-07-24 12:00:00,0.0,0.0,34.3,6.1,True,12,4,False,0.0,0.0,0.0,0.0,0.0,1.0,0.0,5.0,6.0,3.0,,,0.0,0,0
2026-07-24 12:55:25.750817,Velachery_Junction,12.9791,80.2211,27,33,1592,1302,0.998875,False,2026-07-24 12:00:00,0.0,0.0,34.3,6.1,True,12,4,False,2.0,1.0,4.0,1.0,2.0,0.0,1.0,1.0,12.0,12.3,,,0.0,0,0
2026-07-24 12:55:25.750817,Tambaram,12.9249,80.1,28,28,966,966,1.0,False,2026-07-24 12:00:00,0.0,0.0,34.3,6.1,True,12,4,False,0.0,0.0,0.0,0.0,0.0,0.0,0.0,0.0,0.0,0.0,,,0.0,0,0
2026-07-24 12:55:25.750817,Chromepet,12.9516,80.1462,32,38,2230,1878,1.0,False,2026-07-24 12:00:00,0.0,0.0,34.3,6.1,True,12,4,False,0.0,0.0,0.0,0.0,0.0,0.0,0.0,0.0,0.0,0.0,,,0.0,0,0
2026-07-24 12:55:25.750817,Mylapore,13.0339,80.2698,15,17,503,443,0.846098,True,2026-07-24 12:00:00,0.0,0.0,34.3,6.1,True,12,4,False,0.0,0.0,0.0,0.0,0.0,0.0,0.0,0.0,0.0,0.0,,,0.0,0,0
2026-07-24 12:55:25.750817,Perambur,13.1141,80.2417,25,25,1036,1036,1.0,False,2026-07-24 12:00:00,0.0,0.0,34.3,6.1,True,12,4,False,0.0,0.0,0.0,0.0,0.0,0.0,0.0,0.0,0.0,0.0,,,0.0,0,0
2026-07-24 12:55:25.750817,Kelambakkam_OMR,12.7925,80.2183,43,51,1587,1338,0.999817,False,2026-07-24 12:00:00,0.0,0.0,34.3,6.1,True,12,4,False,0.0,0.0,0.0,0.0,0.0,0.0,0.0,0.0,0.0,0.0,,,0.0,0,0
2026-07-24 12:55:25.750817,Porur,13.0381,80.1564,19,19,129,129,1.0,False,2026-07-24 12:00:00,0.0,0.0,34.3,6.1,True,12,4,False,4.0,1.0,0.0,2.0,0.0,2.0,0.0,2.0,11.0,14.8,,,0.0,0,0
2026-07-24 12:55:25.750817,Thoraipakkam_OMR,12.9407,80.235,16,20,654,523,0.92207,False,2026-07-24 12:00:00,0.0,0.0,34.3,6.1,True,12,4,False,0.0,0.0,0.0,0.0,0.0,0.0,0.0,0.0,0.0,0.0,,,0.0,0,0
2026-07-24 12:55:25.750817,Perungudi_OMR,12.9634,80.2431,24,24,103,103,1.0,False,2026-07-24 12:00:00,0.0,0.0,34.3,6.1,True,12,4,False,0.0,0.0,0.0,0.0,0.0,0.0,0.0,0.0,0.0,0.0,,,0.0,0,0
2026-07-24 12:55:25.750817,Anna_Nagar_Roundtana,13.085,80.2101,15,15,66,66,1.0,False,2026-07-24 12:00:00,0.0,0.0,34.3,6.1,True,12,4,False,2.0,0.0,5.0,0.0,2.0,1.0,0.0,2.0,12.0,12.0,,,0.0,0,0
2026-07-24 13:00:25.805848,Adyar_Signal,13.0064,80.257,17,24,677,480,0.955941,True,2026-07-24 13:00:00,0.0,0.0,34.4,2.4,True,13,4,False,0.0,0.0,0.0,0.0,0.0,0.0,0.0,0.0,0.0,0.0,,,0.0,0,0
2026-07-24 13:00:25.805848,Egmore,13.0732,80.2609,19,24,2,1,1.0,False,2026-07-24 13:00:00,0.0,0.0,34.4,2.4,True,13,4,False,0.0,0.0,0.0,0.0,0.0,1.0,0.0,5.0,6.0,3.0,,,0.0,0,0
2026-07-24 13:00:25.805848,Koyambedu,13.0694,80.1948,18,18,243,243,1.0,False,2026-07-24 13:00:00,0.0,0.0,34.4,2.4,True,13,4,False,0.0,0.0,0.0,0.0,0.0,0.0,0.0,0.0,0.0,0.0,,,0.0,0,0
2026-07-24 13:00:25.805848,Central_Station,13.0827,80.2757,18,26,500,346,1.0,False,2026-07-24 13:00:00,0.0,0.0,34.4,2.4,True,13,4,False,0.0,0.0,1.0,3.0,0.0,1.0,0.0,0.0,5.0,13.0,,,0.0,0,0
2026-07-24 13:00:25.805848,T_Nagar_Panagal,13.0418,80.2341,32,32,242,242,1.0,False,2026-07-24 13:00:00,0.0,0.0,34.4,2.4,True,13,4,False,0.0,0.0,0.0,0.0,0.0,0.0,0.0,0.0,0.0,0.0,,,0.0,0,0
2026-07-24 13:00:25.805848,Anna_Salai_Teynampet,13.0455,80.25,23,32,1829,1314,0.968595,True,2026-07-24 13:00:00,0.0,0.0,34.4,2.4,True,13,4,False,0.0,0.0,0.0,0.0,0.0,0.0,0.0,0.0,0.0,0.0,,,0.0,0,0
2026-07-24 13:00:25.805848,Guindy,13.0067,80.2206,26,32,1653,1343,0.999319,False,2026-07-24 13:00:00,0.0,0.0,34.4,2.4,True,13,4,False,0.0,0.0,0.0,0.0,0.0,0.0,0.0,0.0,0.0,0.0,,,0.0,0,0
2026-07-24 13:00:25.805848,Kathipara,13.0107,80.2016,28,28,158,158,1.0,False,2026-07-24 13:00:00,0.0,0.0,34.4,2.4,True,13,4,False,0.0,0.0,0.0,0.0,0.0,0.0,0.0,0.0,0.0,0.0,,,0.0,0,0
2026-07-24 13:00:25.805848,Ashok_Nagar,13.0385,80.2107,34,34,2107,2107,1.0,False,2026-07-24 13:00:00,0.0,0.0,34.4,2.4,True,13,4,False,0.0,0.0,0.0,0.0,0.0,0.0,0.0,0.0,0.0,0.0,,,0.0,0,0
2026-07-24 13:00:25.805848,Vadapalani,13.0503,80.2121,24,31,345,267,1.0,False,2026-07-24 13:00:00,0.0,0.0,34.4,2.4,True,13,4,False,4.0,0.0,2.0,0.0,1.0,1.0,0.0,0.0,8.0,8.5,,,0.0,0,0
2026-07-24 13:00:25.805848,Velachery_Junction,12.9791,80.2211,26,32,1653,1343,0.999319,False,2026-07-24 13:00:00,0.0,0.0,34.4,2.4,True,13,4,False,2.0,1.0,4.0,1.0,2.0,0.0,1.0,1.0,12.0,12.3,,,0.0,0,0
2026-07-24 13:00:25.805848,Kelambakkam_OMR,12.7925,80.2183,42,51,1625,1338,0.999134,False,2026-07-24 13:00:00,0.0,0.0,34.4,2.4,True,13,4,False,0.0,0.0,0.0,0.0,0.0,0.0,0.0,0.0,0.0,0.0,,,0.0,0,0
2026-07-24 13:00:25.805848,Tambaram,12.9249,80.1,24,28,1127,966,0.990774,False,2026-07-24 13:00:00,0.0,0.0,34.4,2.4,True,13,4,False,0.0,0.0,0.0,0.0,0.0,0.0,0.0,0.0,0.0,0.0,,,0.0,0,0
2026-07-24 13:00:25.805848,Chromepet,12.9516,80.1462,31,38,2302,1878,1.0,False,2026-07-24 13:00:00,0.0,0.0,34.4,2.4,True,13,4,False,0.0,0.0,0.0,0.0,0.0,0.0,0.0,0.0,0.0,0.0,,,0.0,0,0
2026-07-24 13:00:25.805848,Perambur,13.1141,80.2417,25,25,1036,1036,1.0,False,2026-07-24 13:00:00,0.0,0.0,34.4,2.4,True,13,4,False,0.0,0.0,0.0,0.0,0.0,0.0,0.0,0.0,0.0,0.0,,,0.0,0,0
2026-07-24 13:00:25.805848,Mylapore,13.0339,80.2698,15,17,503,443,0.835436,True,2026-07-24 13:00:00,0.0,0.0,34.4,2.4,True,13,4,False,0.0,0.0,0.0,0.0,0.0,0.0,0.0,0.0,0.0,0.0,,,0.0,0,0
2026-07-24 13:00:25.805848,Porur,13.0381,80.1564,19,19,129,129,1.0,False,2026-07-24 13:00:00,0.0,0.0,34.4,2.4,True,13,4,False,4.0,1.0,0.0,2.0,0.0,2.0,0.0,2.0,11.0,14.8,,,0.0,0,0
2026-07-24 13:00:25.805848,Thoraipakkam_OMR,12.9407,80.235,16,20,654,523,0.933785,False,2026-07-24 13:00:00,0.0,0.0,34.4,2.4,True,13,4,False,0.0,0.0,0.0,0.0,0.0,0.0,0.0,0.0,0.0,0.0,,,0.0,0,0
2026-07-24 13:00:25.805848,Anna_Nagar_Roundtana,13.085,80.2101,15,15,66,66,1.0,False,2026-07-24 13:00:00,0.0,0.0,34.4,2.4,True,13,4,False,2.0,0.0,5.0,0.0,2.0,1.0,0.0,2.0,12.0,12.0,,,0.0,0,0
2026-07-24 13:00:25.805848,Perungudi_OMR,12.9634,80.2431,24,24,103,103,1.0,False,2026-07-24 13:00:00,0.0,0.0,34.4,2.4,True,13,4,False,0.0,0.0,0.0,0.0,0.0,0.0,0.0,0.0,0.0,0.0,,,0.0,0,0
2026-07-24 13:05:25.614340,Koyambedu,13.0694,80.1948,16,18,274,243,0.96,False,2026-07-24 13:00:00,0.0,0.0,34.4,2.4,True,13,4,False,0.0,0.0,0.0,0.0,0.0,0.0,0.0,0.0,0.0,0.0,,,0.0,0,0
2026-07-24 13:05:25.614340,Ashok_Nagar,13.0385,80.2107,34,34,2107,2107,1.0,False,2026-07-24 13:00:00,0.0,0.0,34.4,2.4,True,13,4,False,0.0,0.0,0.0,0.0,0.0,0.0,0.0,0.0,0.0,0.0,,,0.0,0,0
2026-07-24 13:05:25.614340,Kathipara,13.0107,80.2016,28,28,158,158,1.0,False,2026-07-24 13:00:00,0.0,0.0,34.4,2.4,True,13,4,False,0.0,0.0,0.0,0.0,0.0,0.0,0.0,0.0,0.0,0.0,,,0.0,0,0
2026-07-24 13:05:25.614340,Guindy,13.0067,80.2206,28,33,1535,1302,0.99949,False,2026-07-24 13:00:00,0.0,0.0,34.4,2.4,True,13,4,False,0.0,0.0,0.0,0.0,0.0,0.0,0.0,0.0,0.0,0.0,,,0.0,0,0
2026-07-24 13:05:25.614340,T_Nagar_Panagal,13.0418,80.2341,27,32,287,242,1.0,False,2026-07-24 13:00:00,0.0,0.0,34.4,2.4,True,13,4,False,0.0,0.0,0.0,0.0,0.0,0.0,0.0,0.0,0.0,0.0,,,0.0,0,0
2026-07-24 13:05:25.614340,Anna_Salai_Teynampet,13.0455,80.25,22,32,1912,1314,0.968595,True,2026-07-24 13:00:00,0.0,0.0,34.4,2.4,True,13,4,False,0.0,0.0,0.0,0.0,0.0,0.0,0.0,0.0,0.0,0.0,,,0.0,0,0
2026-07-24 13:05:25.614340,Egmore,13.0732,80.2609,9,23,5,2,1.0,False,2026-07-24 13:00:00,0.0,0.0,34.4,2.4,True,13,4,False,0.0,0.0,0.0,0.0,0.0,1.0,0.0,5.0,6.0,3.0,,,0.0,0,0
2026-07-24 13:05:25.614340,Central_Station,13.0827,80.2757,19,25,474,360,1.0,False,2026-07-24 13:00:00,0.0,0.0,34.4,2.4,True,13,4,False,0.0,0.0,1.0,3.0,0.0,1.0,0.0,0.0,5.0,13.0,,,0.0,0,0
2026-07-24 13:05:25.614340,Vadapalani,13.0503,80.2121,22,31,376,267,1.0,False,2026-07-24 13:00:00,0.0,0.0,34.4,2.4,True,13,4,False,4.0,0.0,2.0,0.0,1.0,1.0,0.0,0.0,8.0,8.5,,,0.0,0,0
2026-07-24 13:05:25.614340,Adyar_Signal,13.0064,80.257,19,25,606,460,0.95515,True,2026-07-24 13:00:00,0.0,0.0,34.4,2.4,True,13,4,False,0.0,0.0,0.0,0.0,0.0,0.0,0.0,0.0,0.0,0.0,,,0.0,0,0
2026-07-24 13:05:25.614340,Velachery_Junction,12.9791,80.2211,28,33,1535,1302,0.99949,False,2026-07-24 13:00:00,0.0,0.0,34.4,2.4,True,13,4,False,2.0,1.0,4.0,1.0,2.0,0.0,1.0,1.0,12.0,12.3,,,0.0,0,0
2026-07-24 13:05:25.614340,Thoraipakkam_OMR,12.9407,80.235,17,20,616,523,0.930416,False,2026-07-24 13:00:00,0.0,0.0,34.4,2.4,True,13,4,False,0.0,0.0,0.0,0.0,0.0,0.0,0.0,0.0,0.0,0.0,,,0.0,0,0
2026-07-24 13:05:25.614340,Porur,13.0381,80.1564,19,19,129,129,1.0,False,2026-07-24 13:00:00,0.0,0.0,34.4,2.4,True,13,4,False,4.0,1.0,0.0,2.0,0.0,2.0,0.0,2.0,11.0,14.8,,,0.0,0,0
2026-07-24 13:05:25.614340,Anna_Nagar_Roundtana,13.085,80.2101,15,15,66,66,1.0,False,2026-07-24 13:00:00,0.0,0.0,34.4,2.4,True,13,4,False,2.0,0.0,5.0,0.0,2.0,1.0,0.0,2.0,12.0,12.0,,,0.0,0,0
2026-07-24 13:05:25.614340,Perambur,13.1141,80.2417,25,25,1036,1036,1.0,False,2026-07-24 13:00:00,0.0,0.0,34.4,2.4,True,13,4,False,0.0,0.0,0.0,0.0,0.0,0.0,0.0,0.0,0.0,0.0,,,0.0,0,0
2026-07-24 13:05:25.614340,Mylapore,13.0339,80.2698,14,17,538,443,0.833656,True,2026-07-24 13:00:00,0.0,0.0,34.4,2.4,True,13,4,False,0.0,0.0,0.0,0.0,0.0,0.0,0.0,0.0,0.0,0.0,,,0.0,0,0
2026-07-24 13:05:25.614340,Chromepet,12.9516,80.1462,31,38,2302,1878,1.0,False,2026-07-24 13:00:00,0.0,0.0,34.4,2.4,True,13,4,False,0.0,0.0,0.0,0.0,0.0,0.0,0.0,0.0,0.0,0.0,,,0.0,0,0
2026-07-24 13:05:25.614340,Kelambakkam_OMR,12.7925,80.2183,43,51,1587,1338,1.0,False,2026-07-24 13:00:00,0.0,0.0,34.4,2.4,True,13,4,False,0.0,0.0,0.0,0.0,0.0,0.0,0.0,0.0,0.0,0.0,,,0.0,0,0
2026-07-24 13:05:25.614340,Perungudi_OMR,12.9634,80.2431,24,24,103,103,1.0,False,2026-07-24 13:00:00,0.0,0.0,34.4,2.4,True,13,4,False,0.0,0.0,0.0,0.0,0.0,0.0,0.0,0.0,0.0,0.0,,,0.0,0,0
2026-07-24 13:05:25.614340,Tambaram,12.9249,80.1,28,28,966,966,1.0,False,2026-07-24 13:00:00,0.0,0.0,34.4,2.4,True,13,4,False,0.0,0.0,0.0,0.0,0.0,0.0,0.0,0.0,0.0,0.0,,,0.0,0,0
2026-07-24 13:10:25.625287,Guindy,13.0067,80.2206,28,33,1535,1302,0.999492,False,2026-07-24 13:00:00,0.0,0.0,34.4,2.4,True,13,4,False,0.0,0.0,0.0,0.0,0.0,0.0,0.0,0.0,0.0,0.0,,,0.0,0,0
2026-07-24 13:10:25.625287,T_Nagar_Panagal,13.0418,80.2341,26,31,298,250,1.0,False,2026-07-24 13:00:00,0.0,0.0,34.4,2.4,True,13,4,False,0.0,0.0,0.0,0.0,0.0,0.0,0.0,0.0,0.0,0.0,,,0.0,0,0
2026-07-24 13:10:25.625287,Anna_Salai_Teynampet,13.0455,80.25,22,32,1912,1314,0.968595,True,2026-07-24 13:00:00,0.0,0.0,34.4,2.4,True,13,4,False,0.0,0.0,0.0,0.0,0.0,0.0,0.0,0.0,0.0,0.0,,,0.0,0,0
2026-07-24 13:10:25.625287,Kathipara,13.0107,80.2016,28,28,158,158,1.0,False,2026-07-24 13:00:00,0.0,0.0,34.4,2.4,True,13,4,False,0.0,0.0,0.0,0.0,0.0,0.0,0.0,0.0,0.0,0.0,,,0.0,0,0
2026-07-24 13:10:25.625287,Central_Station,13.0827,80.2757,19,26,474,346,1.0,False,2026-07-24 13:00:00,0.0,0.0,34.4,2.4,True,13,4,False,0.0,0.0,1.0,3.0,0.0,1.0,0.0,0.0,5.0,13.0,,,0.0,0,0
2026-07-24 13:10:25.625287,Koyambedu,13.0694,80.1948,18,18,243,243,1.0,False,2026-07-24 13:00:00,0.0,0.0,34.4,2.4,True,13,4,False,0.0,0.0,0.0,0.0,0.0,0.0,0.0,0.0,0.0,0.0,,,0.0,0,0
2026-07-24 13:10:25.625287,Vadapalani,13.0503,80.2121,24,31,345,267,1.0,False,2026-07-24 13:00:00,0.0,0.0,34.4,2.4,True,13,4,False,4.0,0.0,2.0,0.0,1.0,1.0,0.0,0.0,8.0,8.5,,,0.0,0,0
2026-07-24 13:10:25.625287,Adyar_Signal,13.0064,80.257,19,25,606,460,0.953378,True,2026-07-24 13:00:00,0.0,0.0,34.4,2.4,True,13,4,False,0.0,0.0,0.0,0.0,0.0,0.0,0.0,0.0,0.0,0.0,,,0.0,0,0
2026-07-24 13:10:25.625287,Egmore,13.0732,80.2609,25,25,1,1,1.0,False,2026-07-24 13:00:00,0.0,0.0,34.4,2.4,True,13,4,False,0.0,0.0,0.0,0.0,0.0,1.0,0.0,5.0,6.0,3.0,,,0.0,0,0
2026-07-24 13:10:25.625287,Ashok_Nagar,13.0385,80.2107,30,35,2388,2047,0.999456,False,2026-07-24 13:00:00,0.0,0.0,34.4,2.4,True,13,4,False,0.0,0.0,0.0,0.0,0.0,0.0,0.0,0.0,0.0,0.0,,,0.0,0,0
2026-07-24 13:10:25.625287,Kelambakkam_OMR,12.7925,80.2183,45,51,1516,1338,1.0,False,2026-07-24 13:00:00,0.0,0.0,34.4,2.4,True,13,4,False,0.0,0.0,0.0,0.0,0.0,0.0,0.0,0.0,0.0,0.0,,,0.0,0,0
2026-07-24 13:10:25.625287,Perungudi_OMR,12.9634,80.2431,18,24,138,103,0.985264,False,2026-07-24 13:00:00,0.0,0.0,34.4,2.4,True,13,4,False,0.0,0.0,0.0,0.0,0.0,0.0,0.0,0.0,0.0,0.0,,,0.0,0,0
2026-07-24 13:10:25.625287,Thoraipakkam_OMR,12.9407,80.235,20,20,523,523,1.0,False,2026-07-24 13:00:00,0.0,0.0,34.4,2.4,True,13,4,False,0.0,0.0,0.0,0.0,0.0,0.0,0.0,0.0,0.0,0.0,,,0.0,0,0
2026-07-24 13:10:25.625287,Porur,13.0381,80.1564,19,19,129,129,1.0,False,2026-07-24 13:00:00,0.0,0.0,34.4,2.4,True,13,4,False,4.0,1.0,0.0,2.0,0.0,2.0,0.0,2.0,11.0,14.8,,,0.0,0,0
2026-07-24 13:10:25.625287,Tambaram,12.9249,80.1,28,28,966,966,1.0,False,2026-07-24 13:00:00,0.0,0.0,34.4,2.4,True,13,4,False,0.0,0.0,0.0,0.0,0.0,0.0,0.0,0.0,0.0,0.0,,,0.0,0,0
2026-07-24 13:10:25.625287,Velachery_Junction,12.9791,80.2211,28,33,1535,1302,0.999492,False,2026-07-24 13:00:00,0.0,0.0,34.4,2.4,True,13,4,False,2.0,1.0,4.0,1.0,2.0,0.0,1.0,1.0,12.0,12.3,,,0.0,0,0
2026-07-24 13:10:25.625287,Mylapore,13.0339,80.2698,14,16,538,471,0.825657,True,2026-07-24 13:00:00,0.0,0.0,34.4,2.4,True,13,4,False,0.0,0.0,0.0,0.0,0.0,0.0,0.0,0.0,0.0,0.0,,,0.0,0,0
2026-07-24 13:10:25.625287,Chromepet,12.9516,80.1462,31,38,2302,1878,1.0,False,2026-07-24 13:00:00,0.0,0.0,34.4,2.4,True,13,4,False,0.0,0.0,0.0,0.0,0.0,0.0,0.0,0.0,0.0,0.0,,,0.0,0,0
2026-07-24 13:10:25.625287,Anna_Nagar_Roundtana,13.085,80.2101,15,15,66,66,1.0,False,2026-07-24 13:00:00,0.0,0.0,34.4,2.4,True,13,4,False,2.0,0.0,5.0,0.0,2.0,1.0,0.0,2.0,12.0,12.0,,,0.0,0,0
2026-07-24 13:10:25.625287,Perambur,13.1141,80.2417,25,25,1036,1036,1.0,False,2026-07-24 13:00:00,0.0,0.0,34.4,2.4,True,13,4,False,0.0,0.0,0.0,0.0,0.0,0.0,0.0,0.0,0.0,0.0,,,0.0,0,0
2026-07-24 13:15:25.617881,Ashok_Nagar,13.0385,80.2107,34,34,2107,2107,1.0,False,2026-07-24 13:00:00,0.0,0.0,34.4,2.4,True,13,4,False,0.0,0.0,0.0,0.0,0.0,0.0,0.0,0.0,0.0,0.0,,,0.0,0,0
2026-07-24 13:15:25.617881,Egmore,13.0732,80.2609,18,25,2,1,1.0,False,2026-07-24 13:00:00,0.0,0.0,34.4,2.4,True,13,4,False,0.0,0.0,0.0,0.0,0.0,1.0,0.0,5.0,6.0,3.0,,,0.0,0,0
2026-07-24 13:15:25.617881,Vadapalani,13.0503,80.2121,26,30,318,276,1.0,False,2026-07-24 13:00:00,0.0,0.0,34.4,2.4,True,13,4,False,4.0,0.0,2.0,0.0,1.0,1.0,0.0,0.0,8.0,8.5,,,0.0,0,0
2026-07-24 13:15:25.617881,Koyambedu,13.0694,80.1948,18,18,243,243,1.0,False,2026-07-24 13:00:00,0.0,0.0,34.4,2.4,True,13,4,False,0.0,0.0,0.0,0.0,0.0,0.0,0.0,0.0,0.0,0.0,,,0.0,0,0
2026-07-24 13:15:25.617881,Central_Station,13.0827,80.2757,19,26,474,346,1.0,False,2026-07-24 13:00:00,0.0,0.0,34.4,2.4,True,13,4,False,0.0,0.0,1.0,3.0,0.0,1.0,0.0,0.0,5.0,13.0,,,0.0,0,0
2026-07-24 13:15:25.617881,Kathipara,13.0107,80.2016,28,28,158,158,1.0,False,2026-07-24 13:00:00,0.0,0.0,34.4,2.4,True,13,4,False,0.0,0.0,0.0,0.0,0.0,0.0,0.0,0.0,0.0,0.0,,,0.0,0,0
2026-07-24 13:15:25.617881,Anna_Salai_Teynampet,13.0455,80.25,23,32,1829,1314,0.968595,True,2026-07-24 13:00:00,0.0,0.0,34.4,2.4,True,13,4,False,0.0,0.0,0.0,0.0,0.0,0.0,0.0,0.0,0.0,0.0,,,0.0,0,0
2026-07-24 13:15:25.617881,T_Nagar_Panagal,13.0418,80.2341,26,31,298,250,1.0,False,2026-07-24 13:00:00,0.0,0.0,34.4,2.4,True,13,4,False,0.0,0.0,0.0,0.0,0.0,0.0,0.0,0.0,0.0,0.0,,,0.0,0,0
2026-07-24 13:15:25.617881,Guindy,13.0067,80.2206,28,33,1535,1302,0.999492,False,2026-07-24 13:00:00,0.0,0.0,34.4,2.4,True,13,4,False,0.0,0.0,0.0,0.0,0.0,0.0,0.0,0.0,0.0,0.0,,,0.0,0,0
2026-07-24 13:15:25.617881,Adyar_Signal,13.0064,80.257,17,25,677,460,0.953375,True,2026-07-24 13:00:00,0.0,0.0,34.4,2.4,True,13,4,False,0.0,0.0,0.0,0.0,0.0,0.0,0.0,0.0,0.0,0.0,,,0.0,0,0
2026-07-24 13:15:25.617881,Velachery_Junction,12.9791,80.2211,28,33,1535,1302,0.999492,False,2026-07-24 13:00:00,0.0,0.0,34.4,2.4,True,13,4,False,2.0,1.0,4.0,1.0,2.0,0.0,1.0,1.0,12.0,12.3,,,0.0,0,0
2026-07-24 13:15:25.617881,Perungudi_OMR,12.9634,80.2431,24,24,103,103,1.0,False,2026-07-24 13:00:00,0.0,0.0,34.4,2.4,True,13,4,False,0.0,0.0,0.0,0.0,0.0,0.0,0.0,0.0,0.0,0.0,,,0.0,0,0
2026-07-24 13:15:25.617881,Kelambakkam_OMR,12.7925,80.2183,51,51,1338,1338,1.0,False,2026-07-24 13:00:00,0.0,0.0,34.4,2.4,True,13,4,False,0.0,0.0,0.0,0.0,0.0,0.0,0.0,0.0,0.0,0.0,,,0.0,0,0
2026-07-24 13:15:25.617881,Chromepet,12.9516,80.1462,31,38,2302,1878,1.0,False,2026-07-24 13:00:00,0.0,0.0,34.4,2.4,True,13,4,False,0.0,0.0,0.0,0.0,0.0,0.0,0.0,0.0,0.0,0.0,,,0.0,0,0
2026-07-24 13:15:25.617881,Mylapore,13.0339,80.2698,13,16,580,471,0.829474,True,2026-07-24 13:00:00,0.0,0.0,34.4,2.4,True,13,4,False,0.0,0.0,0.0,0.0,0.0,0.0,0.0,0.0,0.0,0.0,,,0.0,0,0
2026-07-24 13:15:25.617881,Tambaram,12.9249,80.1,23,29,1177,933,0.98343,False,2026-07-24 13:00:00,0.0,0.0,34.4,2.4,True,13,4,False,0.0,0.0,0.0,0.0,0.0,0.0,0.0,0.0,0.0,0.0,,,0.0,0,0
2026-07-24 13:15:25.617881,Anna_Nagar_Roundtana,13.085,80.2101,15,15,66,66,1.0,False,2026-07-24 13:00:00,0.0,0.0,34.4,2.4,True,13,4,False,2.0,0.0,5.0,0.0,2.0,1.0,0.0,2.0,12.0,12.0,,,0.0,0,0
2026-07-24 13:15:25.617881,Porur,13.0381,80.1564,19,19,129,129,1.0,False,2026-07-24 13:00:00,0.0,0.0,34.4,2.4,True,13,4,False,4.0,1.0,0.0,2.0,0.0,2.0,0.0,2.0,11.0,14.8,,,0.0,0,0
2026-07-24 13:15:25.617881,Thoraipakkam_OMR,12.9407,80.235,20,20,523,523,1.0,False,2026-07-24 13:00:00,0.0,0.0,34.4,2.4,True,13,4,False,0.0,0.0,0.0,0.0,0.0,0.0,0.0,0.0,0.0,0.0,,,0.0,0,0
2026-07-24 13:15:25.617881,Perambur,13.1141,80.2417,19,25,1363,1036,1.0,False,2026-07-24 13:00:00,0.0,0.0,34.4,2.4,True,13,4,False,0.0,0.0,0.0,0.0,0.0,0.0,0.0,0.0,0.0,0.0,,,0.0,0,0
2026-07-24 13:20:25.587026,Kathipara,13.0107,80.2016,28,28,158,158,1.0,False,2026-07-24 13:00:00,0.0,0.0,34.4,2.4,True,13,4,False,0.0,0.0,0.0,0.0,0.0,0.0,0.0,0.0,0.0,0.0,,,0.0,0,0
2026-07-24 13:20:25.587026,Vadapalani,13.0503,80.2121,23,30,360,276,1.0,False,2026-07-24 13:00:00,0.0,0.0,34.4,2.4,True,13,4,False,4.0,0.0,2.0,0.0,1.0,1.0,0.0,0.0,8.0,8.5,,,0.0,0,0
2026-07-24 13:20:25.587026,Koyambedu,13.0694,80.1948,18,18,243,243,1.0,False,2026-07-24 13:00:00,0.0,0.0,34.4,2.4,True,13,4,False,0.0,0.0,0.0,0.0,0.0,0.0,0.0,0.0,0.0,0.0,,,0.0,0,0
2026-07-24 13:20:25.587026,Central_Station,13.0827,80.2757,18,26,500,346,1.0,False,2026-07-24 13:00:00,0.0,0.0,34.4,2.4,True,13,4,False,0.0,0.0,1.0,3.0,0.0,1.0,0.0,0.0,5.0,13.0,,,0.0,0,0
2026-07-24 13:20:25.587026,Adyar_Signal,13.0064,80.257,17,25,677,460,0.953375,True,2026-07-24 13:00:00,0.0,0.0,34.4,2.4,True,13,4,False,0.0,0.0,0.0,0.0,0.0,0.0,0.0,0.0,0.0,0.0,,,0.0,0,0
2026-07-24 13:20:25.587026,Anna_Salai_Teynampet,13.0455,80.25,23,32,1829,1314,0.968595,True,2026-07-24 13:00:00,0.0,0.0,34.4,2.4,True,13,4,False,0.0,0.0,0.0,0.0,0.0,0.0,0.0,0.0,0.0,0.0,,,0.0,0,0
2026-07-24 13:20:25.587026,T_Nagar_Panagal,13.0418,80.2341,25,32,310,242,1.0,False,2026-07-24 13:00:00,0.0,0.0,34.4,2.4,True,13,4,False,0.0,0.0,0.0,0.0,0.0,0.0,0.0,0.0,0.0,0.0,,,0.0,0,0
2026-07-24 13:20:25.587026,Guindy,13.0067,80.2206,27,33,1592,1302,0.999294,False,2026-07-24 13:00:00,0.0,0.0,34.4,2.4,True,13,4,False,0.0,0.0,0.0,0.0,0.0,0.0,0.0,0.0,0.0,0.0,,,0.0,0,0
2026-07-24 13:20:25.587026,Ashok_Nagar,13.0385,80.2107,34,34,2107,2107,1.0,False,2026-07-24 13:00:00,0.0,0.0,34.4,2.4,True,13,4,False,0.0,0.0,0.0,0.0,0.0,0.0,0.0,0.0,0.0,0.0,,,0.0,0,0
2026-07-24 13:20:25.587026,Egmore,13.0732,80.2609,25,25,1,1,1.0,False,2026-07-24 13:00:00,0.0,0.0,34.4,2.4,True,13,4,False,0.0,0.0,0.0,0.0,0.0,1.0,0.0,5.0,6.0,3.0,,,0.0,0,0
2026-07-24 13:20:25.587026,Velachery_Junction,12.9791,80.2211,27,33,1592,1302,0.999294,False,2026-07-24 13:00:00,0.0,0.0,34.4,2.4,True,13,4,False,2.0,1.0,4.0,1.0,2.0,0.0,1.0,1.0,12.0,12.3,,,0.0,0,0
2026-07-24 13:20:25.587026,Tambaram,12.9249,80.1,23,28,1177,966,0.983416,False,2026-07-24 13:00:00,0.0,0.0,34.4,2.4,True,13,4,False,0.0,0.0,0.0,0.0,0.0,0.0,0.0,0.0,0.0,0.0,,,0.0,0,0
2026-07-24 13:20:25.587026,Chromepet,12.9516,80.1462,32,38,2230,1878,1.0,False,2026-07-24 13:00:00,0.0,0.0,34.4,2.4,True,13,4,False,0.0,0.0,0.0,0.0,0.0,0.0,0.0,0.0,0.0,0.0,,,0.0,0,0
2026-07-24 13:20:25.587026,Mylapore,13.0339,80.2698,14,17,538,443,0.833982,True,2026-07-24 13:00:00,0.0,0.0,34.4,2.4,True,13,4,False,0.0,0.0,0.0,0.0,0.0,0.0,0.0,0.0,0.0,0.0,,,0.0,0,0
2026-07-24 13:20:25.587026,Perambur,13.1141,80.2417,20,25,1295,1036,0.998418,False,2026-07-24 13:00:00,0.0,0.0,34.4,2.4,True,13,4,False,0.0,0.0,0.0,0.0,0.0,0.0,0.0,0.0,0.0,0.0,,,0.0,0,0
2026-07-24 13:20:25.587026,Kelambakkam_OMR,12.7925,80.2183,51,51,1338,1338,1.0,False,2026-07-24 13:00:00,0.0,0.0,34.4,2.4,True,13,4,False,0.0,0.0,0.0,0.0,0.0,0.0,0.0,0.0,0.0,0.0,,,0.0,0,0
2026-07-24 13:20:25.587026,Porur,13.0381,80.1564,19,19,129,129,1.0,False,2026-07-24 13:00:00,0.0,0.0,34.4,2.4,True,13,4,False,4.0,1.0,0.0,2.0,0.0,2.0,0.0,2.0,11.0,14.8,,,0.0,0,0
2026-07-24 13:20:25.587026,Thoraipakkam_OMR,12.9407,80.235,19,20,551,523,0.873331,False,2026-07-24 13:00:00,0.0,0.0,34.4,2.4,True,13,4,False,0.0,0.0,0.0,0.0,0.0,0.0,0.0,0.0,0.0,0.0,,,0.0,0,0
2026-07-24 13:20:25.587026,Perungudi_OMR,12.9634,80.2431,24,24,103,103,1.0,False,2026-07-24 13:00:00,0.0,0.0,34.4,2.4,True,13,4,False,0.0,0.0,0.0,0.0,0.0,0.0,0.0,0.0,0.0,0.0,,,0.0,0,0
2026-07-24 13:20:25.587026,Anna_Nagar_Roundtana,13.085,80.2101,15,15,66,66,1.0,False,2026-07-24 13:00:00,0.0,0.0,34.4,2.4,True,13,4,False,2.0,0.0,5.0,0.0,2.0,1.0,0.0,2.0,12.0,12.0,,,0.0,0,0
2026-07-24 13:30:26.962870,Kathipara,13.0107,80.2016,28,28,158,158,1.0,False,2026-07-24 13:00:00,0.0,0.0,34.4,2.4,True,13,4,False,0.0,0.0,0.0,0.0,0.0,0.0,0.0,0.0,0.0,0.0,,,0.0,0,0
2026-07-24 13:30:26.962870,Vadapalani,13.0503,80.2121,25,30,331,276,1.0,False,2026-07-24 13:00:00,0.0,0.0,34.4,2.4,True,13,4,False,4.0,0.0,2.0,0.0,1.0,1.0,0.0,0.0,8.0,8.5,,,0.0,0,0
2026-07-24 13:30:26.962870,Koyambedu,13.0694,80.1948,16,18,274,243,0.903778,False,2026-07-24 13:00:00,0.0,0.0,34.4,2.4,True,13,4,False,0.0,0.0,0.0,0.0,0.0,0.0,0.0,0.0,0.0,0.0,,,0.0,0,0
2026-07-24 13:30:26.962870,Central_Station,13.0827,80.2757,18,27,500,333,1.0,False,2026-07-24 13:00:00,0.0,0.0,34.4,2.4,True,13,4,False,0.0,0.0,1.0,3.0,0.0,1.0,0.0,0.0,5.0,13.0,,,0.0,0,0
2026-07-24 13:30:26.962870,Adyar_Signal,13.0064,80.257,17,25,677,460,0.95081,True,2026-07-24 13:00:00,0.0,0.0,34.4,2.4,True,13,4,False,0.0,0.0,0.0,0.0,0.0,0.0,0.0,0.0,0.0,0.0,,,0.0,0,0
2026-07-24 13:30:26.962870,Anna_Salai_Teynampet,13.0455,80.25,23,32,1829,1314,0.968595,True,2026-07-24 13:00:00,0.0,0.0,34.4,2.4,True,13,4,False,0.0,0.0,0.0,0.0,0.0,0.0,0.0,0.0,0.0,0.0,,,0.0,0,0
2026-07-24 13:30:26.962870,T_Nagar_Panagal,13.0418,80.2341,26,32,298,242,1.0,False,2026-07-24 13:00:00,0.0,0.0,34.4,2.4,True,13,4,False,0.0,0.0,0.0,0.0,0.0,0.0,0.0,0.0,0.0,0.0,,,0.0,0,0
2026-07-24 13:30:26.962870,Guindy,13.0067,80.2206,28,33,1535,1302,0.998206,False,2026-07-24 13:00:00,0.0,0.0,34.4,2.4,True,13,4,False,0.0,0.0,0.0,0.0,0.0,0.0,0.0,0.0,0.0,0.0,,,0.0,0,0
2026-07-24 13:30:26.962870,Ashok_Nagar,13.0385,80.2107,34,34,2107,2107,1.0,False,2026-07-24 13:00:00,0.0,0.0,34.4,2.4,True,13,4,False,0.0,0.0,0.0,0.0,0.0,0.0,0.0,0.0,0.0,0.0,,,0.0,0,0
2026-07-24 13:30:26.962870,Egmore,13.0732,80.2609,17,25,2,1,1.0,False,2026-07-24 13:00:00,0.0,0.0,34.4,2.4,True,13,4,False,0.0,0.0,0.0,0.0,0.0,1.0,0.0,5.0,6.0,3.0,,,0.0,0,0
2026-07-24 13:30:26.962870,Velachery_Junction,12.9791,80.2211,28,33,1535,1302,0.998206,False,2026-07-24 13:00:00,0.0,0.0,34.4,2.4,True,13,4,False,2.0,1.0,4.0,1.0,2.0,0.0,1.0,1.0,12.0,12.3,,,0.0,0,0
2026-07-24 13:30:26.962870,Tambaram,12.9249,80.1,28,28,966,966,1.0,False,2026-07-24 13:00:00,0.0,0.0,34.4,2.4,True,13,4,False,0.0,0.0,0.0,0.0,0.0,0.0,0.0,0.0,0.0,0.0,,,0.0,0,0
2026-07-24 13:30:26.962870,Chromepet,12.9516,80.1462,32,38,2230,1878,1.0,False,2026-07-24 13:00:00,0.0,0.0,34.4,2.4,True,13,4,False,0.0,0.0,0.0,0.0,0.0,0.0,0.0,0.0,0.0,0.0,,,0.0,0,0
2026-07-24 13:30:26.962870,Mylapore,13.0339,80.2698,13,16,580,471,0.824697,True,2026-07-24 13:00:00,0.0,0.0,34.4,2.4,True,13,4,False,0.0,0.0,0.0,0.0,0.0,0.0,0.0,0.0,0.0,0.0,,,0.0,0,0
2026-07-24 13:30:26.962870,Perambur,13.1141,80.2417,20,24,1295,1079,0.999711,False,2026-07-24 13:00:00,0.0,0.0,34.4,2.4,True,13,4,False,0.0,0.0,0.0,0.0,0.0,0.0,0.0,0.0,0.0,0.0,,,0.0,0,0
2026-07-24 13:30:26.962870,Kelambakkam_OMR,12.7925,80.2183,51,51,1338,1338,1.0,False,2026-07-24 13:00:00,0.0,0.0,34.4,2.4,True,13,4,False,0.0,0.0,0.0,0.0,0.0,0.0,0.0,0.0,0.0,0.0,,,0.0,0,0
2026-07-24 13:30:26.962870,Porur,13.0381,80.1564,19,19,129,129,1.0,False,2026-07-24 13:00:00,0.0,0.0,34.4,2.4,True,13,4,False,4.0,1.0,0.0,2.0,0.0,2.0,0.0,2.0,11.0,14.8,,,0.0,0,0
2026-07-24 13:30:26.962870,Thoraipakkam_OMR,12.9407,80.235,20,20,523,523,1.0,False,2026-07-24 13:00:00,0.0,0.0,34.4,2.4,True,13,4,False,0.0,0.0,0.0,0.0,0.0,0.0,0.0,0.0,0.0,0.0,,,0.0,0,0
2026-07-24 13:30:26.962870,Perungudi_OMR,12.9634,80.2431,24,24,103,103,1.0,False,2026-07-24 13:00:00,0.0,0.0,34.4,2.4,True,13,4,False,0.0,0.0,0.0,0.0,0.0,0.0,0.0,0.0,0.0,0.0,,,0.0,0,0
2026-07-24 13:30:26.962870,Anna_Nagar_Roundtana,13.085,80.2101,15,15,66,66,1.0,False,2026-07-24 13:00:00,0.0,0.0,34.4,2.4,True,13,4,False,2.0,0.0,5.0,0.0,2.0,1.0,0.0,2.0,12.0,12.0,,,0.0,0,0
2026-07-24 14:00:26.644625,Adyar_Signal,13.0064,80.257,18,25,640,460,0.953375,True,2026-07-24 14:00:00,0.1,0.1,33.9,4.7,True,14,4,False,0.0,0.0,0.0,0.0,0.0,0.0,0.0,0.0,0.0,0.0,,,0.0,0,0
2026-07-24 14:00:26.644625,Kathipara,13.0107,80.2016,28,28,158,158,1.0,False,2026-07-24 14:00:00,0.1,0.1,33.9,4.7,True,14,4,False,0.0,0.0,0.0,0.0,0.0,0.0,0.0,0.0,0.0,0.0,,,0.0,0,0
2026-07-24 14:00:26.644625,Guindy,13.0067,80.2206,28,33,1535,1302,0.997346,False,2026-07-24 14:00:00,0.1,0.1,33.9,4.7,True,14,4,False,0.0,0.0,0.0,0.0,0.0,0.0,0.0,0.0,0.0,0.0,,,0.0,0,0
2026-07-24 14:00:26.644625,T_Nagar_Panagal,13.0418,80.2341,24,32,323,242,1.0,False,2026-07-24 14:00:00,0.1,0.1,33.9,4.7,True,14,4,False,0.0,0.0,0.0,0.0,0.0,0.0,0.0,0.0,0.0,0.0,,,0.0,0,0
2026-07-24 14:00:26.644625,Anna_Salai_Teynampet,13.0455,80.25,24,32,1752,1314,0.968595,True,2026-07-24 14:00:00,0.1,0.1,33.9,4.7,True,14,4,False,0.0,0.0,0.0,0.0,0.0,0.0,0.0,0.0,0.0,0.0,,,0.0,0,0
2026-07-24 14:00:26.644625,Egmore,13.0732,80.2609,9,24,5,1,1.0,False,2026-07-24 14:00:00,0.1,0.1,33.9,4.7,True,14,4,False,0.0,0.0,0.0,0.0,0.0,1.0,0.0,5.0,6.0,3.0,,,0.0,0,0
2026-07-24 14:00:26.644625,Central_Station,13.0827,80.2757,18,26,500,346,1.0,False,2026-07-24 14:00:00,0.1,0.1,33.9,4.7,True,14,4,False,0.0,0.0,1.0,3.0,0.0,1.0,0.0,0.0,5.0,13.0,,,0.0,0,0
2026-07-24 14:00:26.644625,Koyambedu,13.0694,80.1948,16,19,274,231,0.974882,False,2026-07-24 14:00:00,0.1,0.1,33.9,4.7,True,14,4,False,0.0,0.0,0.0,0.0,0.0,0.0,0.0,0.0,0.0,0.0,,,0.0,0,0
2026-07-24 14:00:26.644625,Vadapalani,13.0503,80.2121,30,30,276,276,1.0,False,2026-07-24 14:00:00,0.1,0.1,33.9,4.7,True,14,4,False,4.0,0.0,2.0,0.0,1.0,1.0,0.0,0.0,8.0,8.5,,,0.0,0,0
2026-07-24 14:00:26.644625,Ashok_Nagar,13.0385,80.2107,34,34,2107,2107,1.0,False,2026-07-24 14:00:00,0.1,0.1,33.9,4.7,True,14,4,False,0.0,0.0,0.0,0.0,0.0,0.0,0.0,0.0,0.0,0.0,,,0.0,0,0
2026-07-24 14:00:26.644625,Kelambakkam_OMR,12.7925,80.2183,45,51,1516,1338,0.996882,False,2026-07-24 14:00:00,0.1,0.1,33.9,4.7,True,14,4,False,0.0,0.0,0.0,0.0,0.0,0.0,0.0,0.0,0.0,0.0,,,0.0,0,0
2026-07-24 14:00:26.644625,Perungudi_OMR,12.9634,80.2431,24,24,103,103,1.0,False,2026-07-24 14:00:00,0.1,0.1,33.9,4.7,True,14,4,False,0.0,0.0,0.0,0.0,0.0,0.0,0.0,0.0,0.0,0.0,,,0.0,0,0
2026-07-24 14:00:26.644625,Thoraipakkam_OMR,12.9407,80.235,20,20,523,523,1.0,False,2026-07-24 14:00:00,0.1,0.1,33.9,4.7,True,14,4,False,0.0,0.0,0.0,0.0,0.0,0.0,0.0,0.0,0.0,0.0,,,0.0,0,0
2026-07-24 14:00:26.644625,Porur,13.0381,80.1564,19,19,129,129,1.0,False,2026-07-24 14:00:00,0.1,0.1,33.9,4.7,True,14,4,False,4.0,1.0,0.0,2.0,0.0,2.0,0.0,2.0,11.0,14.8,,,0.0,0,0
2026-07-24 14:00:26.644625,Anna_Nagar_Roundtana,13.085,80.2101,15,15,66,66,1.0,False,2026-07-24 14:00:00,0.1,0.1,33.9,4.7,True,14,4,False,2.0,0.0,5.0,0.0,2.0,1.0,0.0,2.0,12.0,12.0,,,0.0,0,0
2026-07-24 14:00:26.644625,Perambur,13.1141,80.2417,25,25,1036,1036,1.0,False,2026-07-24 14:00:00,0.1,0.1,33.9,4.7,True,14,4,False,0.0,0.0,0.0,0.0,0.0,0.0,0.0,0.0,0.0,0.0,,,0.0,0,0
2026-07-24 14:00:26.644625,Mylapore,13.0339,80.2698,15,17,503,443,0.809254,True,2026-07-24 14:00:00,0.1,0.1,33.9,4.7,True,14,4,False,0.0,0.0,0.0,0.0,0.0,0.0,0.0,0.0,0.0,0.0,,,0.0,0,0
2026-07-24 14:00:26.644625,Chromepet,12.9516,80.1462,38,38,1878,1878,1.0,False,2026-07-24 14:00:00,0.1,0.1,33.9,4.7,True,14,4,False,0.0,0.0,0.0,0.0,0.0,0.0,0.0,0.0,0.0,0.0,,,0.0,0,0
2026-07-24 14:00:26.644625,Velachery_Junction,12.9791,80.2211,28,33,1535,1302,0.997346,False,2026-07-24 14:00:00,0.1,0.1,33.9,4.7,True,14,4,False,2.0,1.0,4.0,1.0,2.0,0.0,1.0,1.0,12.0,12.3,,,0.0,0,0
2026-07-24 14:00:26.644625,Tambaram,12.9249,80.1,28,28,966,966,1.0,False,2026-07-24 14:00:00,0.1,0.1,33.9,4.7,True,14,4,False,0.0,0.0,0.0,0.0,0.0,0.0,0.0,0.0,0.0,0.0,,,0.0,0,0
2026-07-24 14:05:25.823328,Guindy,13.0067,80.2206,28,32,1535,1343,0.997015,False,2026-07-24 14:00:00,0.1,0.1,33.9,4.7,True,14,4,False,0.0,0.0,0.0,0.0,0.0,0.0,0.0,0.0,0.0,0.0,,,0.0,0,0
2026-07-24 14:05:25.823328,T_Nagar_Panagal,13.0418,80.2341,32,32,242,242,1.0,False,2026-07-24 14:00:00,0.1,0.1,33.9,4.7,True,14,4,False,0.0,0.0,0.0,0.0,0.0,0.0,0.0,0.0,0.0,0.0,,,0.0,0,0
2026-07-24 14:05:25.823328,Anna_Salai_Teynampet,13.0455,80.25,24,32,1752,1314,0.968595,True,2026-07-24 14:00:00,0.1,0.1,33.9,4.7,True,14,4,False,0.0,0.0,0.0,0.0,0.0,0.0,0.0,0.0,0.0,0.0,,,0.0,0,0
2026-07-24 14:05:25.823328,Adyar_Signal,13.0064,80.257,19,25,606,460,0.953378,True,2026-07-24 14:00:00,0.1,0.1,33.9,4.7,True,14,4,False,0.0,0.0,0.0,0.0,0.0,0.0,0.0,0.0,0.0,0.0,,,0.0,0,0
2026-07-24 14:05:25.823328,Egmore,13.0732,80.2609,18,25,2,1,1.0,False,2026-07-24 14:00:00,0.1,0.1,33.9,4.7,True,14,4,False,0.0,0.0,0.0,0.0,0.0,1.0,0.0,5.0,6.0,3.0,,,0.0,0,0
2026-07-24 14:05:25.823328,Koyambedu,13.0694,80.1948,18,18,243,243,1.0,False,2026-07-24 14:00:00,0.1,0.1,33.9,4.7,True,14,4,False,0.0,0.0,0.0,0.0,0.0,0.0,0.0,0.0,0.0,0.0,,,0.0,0,0
2026-07-24 14:05:25.823328,Vadapalani,13.0503,80.2121,24,30,345,276,1.0,False,2026-07-24 14:00:00,0.1,0.1,33.9,4.7,True,14,4,False,4.0,0.0,2.0,0.0,1.0,1.0,0.0,0.0,8.0,8.5,,,0.0,0,0
2026-07-24 14:05:25.823328,Ashok_Nagar,13.0385,80.2107,34,34,2107,2107,1.0,False,2026-07-24 14:00:00,0.1,0.1,33.9,4.7,True,14,4,False,0.0,0.0,0.0,0.0,0.0,0.0,0.0,0.0,0.0,0.0,,,0.0,0,0
2026-07-24 14:05:25.823328,Central_Station,13.0827,80.2757,18,25,500,360,1.0,False,2026-07-24 14:00:00,0.1,0.1,33.9,4.7,True,14,4,False,0.0,0.0,1.0,3.0,0.0,1.0,0.0,0.0,5.0,13.0,,,0.0,0,0
2026-07-24 14:05:25.823328,Kathipara,13.0107,80.2016,28,28,158,158,1.0,False,2026-07-24 14:00:00,0.1,0.1,33.9,4.7,True,14,4,False,0.0,0.0,0.0,0.0,0.0,0.0,0.0,0.0,0.0,0.0,,,0.0,0,0
2026-07-24 14:05:25.823328,Perungudi_OMR,12.9634,80.2431,18,24,138,103,0.977923,False,2026-07-24 14:00:00,0.1,0.1,33.9,4.7,True,14,4,False,0.0,0.0,0.0,0.0,0.0,0.0,0.0,0.0,0.0,0.0,,,0.0,0,0
2026-07-24 14:05:25.823328,Perambur,13.1141,80.2417,25,25,1036,1036,1.0,False,2026-07-24 14:00:00,0.1,0.1,33.9,4.7,True,14,4,False,0.0,0.0,0.0,0.0,0.0,0.0,0.0,0.0,0.0,0.0,,,0.0,0,0
2026-07-24 14:05:25.823328,Thoraipakkam_OMR,12.9407,80.235,20,20,523,523,1.0,False,2026-07-24 14:00:00,0.1,0.1,33.9,4.7,True,14,4,False,0.0,0.0,0.0,0.0,0.0,0.0,0.0,0.0,0.0,0.0,,,0.0,0,0
2026-07-24 14:05:25.823328,Porur,13.0381,80.1564,19,19,129,129,1.0,False,2026-07-24 14:00:00,0.1,0.1,33.9,4.7,True,14,4,False,4.0,1.0,0.0,2.0,0.0,2.0,0.0,2.0,11.0,14.8,,,0.0,0,0
2026-07-24 14:05:25.823328,Anna_Nagar_Roundtana,13.085,80.2101,10,14,99,71,1.0,False,2026-07-24 14:00:00,0.1,0.1,33.9,4.7,True,14,4,False,2.0,0.0,5.0,0.0,2.0,1.0,0.0,2.0,12.0,12.0,,,0.0,0,0
2026-07-24 14:05:25.823328,Velachery_Junction,12.9791,80.2211,28,32,1535,1343,0.997015,False,2026-07-24 14:00:00,0.1,0.1,33.9,4.7,True,14,4,False,2.0,1.0,4.0,1.0,2.0,0.0,1.0,1.0,12.0,12.3,,,0.0,0,0
2026-07-24 14:05:25.823328,Mylapore,13.0339,80.2698,15,16,503,471,0.806525,True,2026-07-24 14:00:00,0.1,0.1,33.9,4.7,True,14,4,False,0.0,0.0,0.0,0.0,0.0,0.0,0.0,0.0,0.0,0.0,,,0.0,0,0
2026-07-24 14:05:25.823328,Chromepet,12.9516,80.1462,32,38,2230,1878,1.0,False,2026-07-24 14:00:00,0.1,0.1,33.9,4.7,True,14,4,False,0.0,0.0,0.0,0.0,0.0,0.0,0.0,0.0,0.0,0.0,,,0.0,0,0
2026-07-24 14:05:25.823328,Tambaram,12.9249,80.1,28,28,966,966,1.0,False,2026-07-24 14:00:00,0.1,0.1,33.9,4.7,True,14,4,False,0.0,0.0,0.0,0.0,0.0,0.0,0.0,0.0,0.0,0.0,,,0.0,0,0
2026-07-24 14:05:25.823328,Kelambakkam_OMR,12.7925,80.2183,44,50,1551,1365,0.995794,False,2026-07-24 14:00:00,0.1,0.1,33.9,4.7,True,14,4,False,0.0,0.0,0.0,0.0,0.0,0.0,0.0,0.0,0.0,0.0,,,0.0,0,0
2026-07-24 14:10:25.718117,Egmore,13.0732,80.2609,25,25,1,1,1.0,False,2026-07-24 14:00:00,0.1,0.1,33.9,4.7,True,14,4,False,0.0,0.0,0.0,0.0,0.0,1.0,0.0,5.0,6.0,3.0,,,0.0,0,0
2026-07-24 14:10:25.718117,Vadapalani,13.0503,80.2121,24,30,345,276,1.0,False,2026-07-24 14:00:00,0.1,0.1,33.9,4.7,True,14,4,False,4.0,0.0,2.0,0.0,1.0,1.0,0.0,0.0,8.0,8.5,,,0.0,0,0
2026-07-24 14:10:25.718117,Koyambedu,13.0694,80.1948,18,18,243,243,1.0,False,2026-07-24 14:00:00,0.1,0.1,33.9,4.7,True,14,4,False,0.0,0.0,0.0,0.0,0.0,0.0,0.0,0.0,0.0,0.0,,,0.0,0,0
2026-07-24 14:10:25.718117,Central_Station,13.0827,80.2757,16,26,563,346,1.0,False,2026-07-24 14:00:00,0.1,0.1,33.9,4.7,True,14,4,False,0.0,0.0,1.0,3.0,0.0,1.0,0.0,0.0,5.0,13.0,,,0.0,0,0
2026-07-24 14:10:25.718117,Kathipara,13.0107,80.2016,28,28,158,158,1.0,False,2026-07-24 14:00:00,0.1,0.1,33.9,4.7,True,14,4,False,0.0,0.0,0.0,0.0,0.0,0.0,0.0,0.0,0.0,0.0,,,0.0,0,0
2026-07-24 14:10:25.718117,Anna_Salai_Teynampet,13.0455,80.25,23,32,1829,1314,0.968595,True,2026-07-24 14:00:00,0.1,0.1,33.9,4.7,True,14,4,False,0.0,0.0,0.0,0.0,0.0,0.0,0.0,0.0,0.0,0.0,,,0.0,0,0
2026-07-24 14:10:25.718117,T_Nagar_Panagal,13.0418,80.2341,24,31,323,250,1.0,False,2026-07-24 14:00:00,0.1,0.1,33.9,4.7,True,14,4,False,0.0,0.0,0.0,0.0,0.0,0.0,0.0,0.0,0.0,0.0,,,0.0,0,0
2026-07-24 14:10:25.718117,Adyar_Signal,13.0064,80.257,17,25,677,460,0.953375,True,2026-07-24 14:00:00,0.1,0.1,33.9,4.7,True,14,4,False,0.0,0.0,0.0,0.0,0.0,0.0,0.0,0.0,0.0,0.0,,,0.0,0,0
2026-07-24 14:10:25.718117,Ashok_Nagar,13.0385,80.2107,34,34,2107,2107,1.0,False,2026-07-24 14:00:00,0.1,0.1,33.9,4.7,True,14,4,False,0.0,0.0,0.0,0.0,0.0,0.0,0.0,0.0,0.0,0.0,,,0.0,0,0
2026-07-24 14:10:25.718117,Guindy,13.0067,80.2206,27,33,1592,1302,0.99616,False,2026-07-24 14:00:00,0.1,0.1,33.9,4.7,True,14,4,False,0.0,0.0,0.0,0.0,0.0,0.0,0.0,0.0,0.0,0.0,,,0.0,0,0
2026-07-24 14:10:25.718117,Velachery_Junction,12.9791,80.2211,27,33,1592,1302,0.99616,False,2026-07-24 14:00:00,0.1,0.1,33.9,4.7,True,14,4,False,2.0,1.0,4.0,1.0,2.0,0.0,1.0,1.0,12.0,12.3,,,0.0,0,0
2026-07-24 14:10:25.718117,Perungudi_OMR,12.9634,80.2431,15,23,166,108,0.980176,False,2026-07-24 14:00:00,0.1,0.1,33.9,4.7,True,14,4,False,0.0,0.0,0.0,0.0,0.0,0.0,0.0,0.0,0.0,0.0,,,0.0,0,0
2026-07-24 14:10:25.718117,Chromepet,12.9516,80.1462,31,38,2302,1878,1.0,False,2026-07-24 14:00:00,0.1,0.1,33.9,4.7,True,14,4,False,0.0,0.0,0.0,0.0,0.0,0.0,0.0,0.0,0.0,0.0,,,0.0,0,0
2026-07-24 14:10:25.718117,Mylapore,13.0339,80.2698,16,17,471,443,0.795728,True,2026-07-24 14:00:00,0.1,0.1,33.9,4.7,True,14,4,False,0.0,0.0,0.0,0.0,0.0,0.0,0.0,0.0,0.0,0.0,,,0.0,0,0
2026-07-24 14:10:25.718117,Perambur,13.1141,80.2417,25,25,1036,1036,1.0,False,2026-07-24 14:00:00,0.1,0.1,33.9,4.7,True,14,4,False,0.0,0.0,0.0,0.0,0.0,0.0,0.0,0.0,0.0,0.0,,,0.0,0,0
2026-07-24 14:10:25.718117,Kelambakkam_OMR,12.7925,80.2183,44,51,1551,1338,0.999717,False,2026-07-24 14:00:00,0.1,0.1,33.9,4.7,True,14,4,False,0.0,0.0,0.0,0.0,0.0,0.0,0.0,0.0,0.0,0.0,,,0.0,0,0
2026-07-24 14:10:25.718117,Porur,13.0381,80.1564,19,19,129,129,1.0,False,2026-07-24 14:00:00,0.1,0.1,33.9,4.7,True,14,4,False,4.0,1.0,0.0,2.0,0.0,2.0,0.0,2.0,11.0,14.8,,,0.0,0,0
2026-07-24 14:10:25.718117,Thoraipakkam_OMR,12.9407,80.235,20,20,523,523,1.0,False,2026-07-24 14:00:00,0.1,0.1,33.9,4.7,True,14,4,False,0.0,0.0,0.0,0.0,0.0,0.0,0.0,0.0,0.0,0.0,,,0.0,0,0
2026-07-24 14:10:25.718117,Tambaram,12.9249,80.1,24,28,1127,966,0.980261,False,2026-07-24 14:00:00,0.1,0.1,33.9,4.7,True,14,4,False,0.0,0.0,0.0,0.0,0.0,0.0,0.0,0.0,0.0,0.0,,,0.0,0,0
2026-07-24 14:10:25.718117,Anna_Nagar_Roundtana,13.085,80.2101,15,15,66,66,1.0,False,2026-07-24 14:00:00,0.1,0.1,33.9,4.7,True,14,4,False,2.0,0.0,5.0,0.0,2.0,1.0,0.0,2.0,12.0,12.0,,,0.0,0,0
2026-07-24 14:20:26.738236,Ashok_Nagar,13.0385,80.2107,34,34,2107,2107,1.0,False,2026-07-24 14:00:00,0.1,0.1,33.9,4.7,True,14,4,False,0.0,0.0,0.0,0.0,0.0,0.0,0.0,0.0,0.0,0.0,,,0.0,0,0
2026-07-24 14:20:26.738236,Adyar_Signal,13.0064,80.257,17,25,677,460,0.953375,True,2026-07-24 14:00:00,0.1,0.1,33.9,4.7,True,14,4,False,0.0,0.0,0.0,0.0,0.0,0.0,0.0,0.0,0.0,0.0,,,0.0,0,0
2026-07-24 14:20:26.738236,Kathipara,13.0107,80.2016,28,28,158,158,1.0,False,2026-07-24 14:00:00,0.1,0.1,33.9,4.7,True,14,4,False,0.0,0.0,0.0,0.0,0.0,0.0,0.0,0.0,0.0,0.0,,,0.0,0,0
2026-07-24 14:20:26.738236,Guindy,13.0067,80.2206,29,33,1482,1302,0.998994,False,2026-07-24 14:00:00,0.1,0.1,33.9,4.7,True,14,4,False,0.0,0.0,0.0,0.0,0.0,0.0,0.0,0.0,0.0,0.0,,,0.0,0,0
2026-07-24 14:20:26.738236,Anna_Salai_Teynampet,13.0455,80.25,22,32,1912,1314,0.968595,True,2026-07-24 14:00:00,0.1,0.1,33.9,4.7,True,14,4,False,0.0,0.0,0.0,0.0,0.0,0.0,0.0,0.0,0.0,0.0,,,0.0,0,0
2026-07-24 14:20:26.738236,Egmore,13.0732,80.2609,18,25,2,1,1.0,False,2026-07-24 14:00:00,0.1,0.1,33.9,4.7,True,14,4,False,0.0,0.0,0.0,0.0,0.0,1.0,0.0,5.0,6.0,3.0,,,0.0,0,0
2026-07-24 14:20:26.738236,Central_Station,13.0827,80.2757,17,26,529,346,1.0,False,2026-07-24 14:00:00,0.1,0.1,33.9,4.7,True,14,4,False,0.0,0.0,1.0,3.0,0.0,1.0,0.0,0.0,5.0,13.0,,,0.0,0,0
2026-07-24 14:20:26.738236,Koyambedu,13.0694,80.1948,18,18,243,243,1.0,False,2026-07-24 14:00:00,0.1,0.1,33.9,4.7,True,14,4,False,0.0,0.0,0.0,0.0,0.0,0.0,0.0,0.0,0.0,0.0,,,0.0,0,0
2026-07-24 14:20:26.738236,Vadapalani,13.0503,80.2121,25,30,331,276,1.0,False,2026-07-24 14:00:00,0.1,0.1,33.9,4.7,True,14,4,False,4.0,0.0,2.0,0.0,1.0,1.0,0.0,0.0,8.0,8.5,,,0.0,0,0
2026-07-24 14:20:26.738236,T_Nagar_Panagal,13.0418,80.2341,26,32,298,242,1.0,False,2026-07-24 14:00:00,0.1,0.1,33.9,4.7,True,14,4,False,0.0,0.0,0.0,0.0,0.0,0.0,0.0,0.0,0.0,0.0,,,0.0,0,0
2026-07-24 14:20:26.738236,Chromepet,12.9516,80.1462,31,38,2302,1878,1.0,False,2026-07-24 14:00:00,0.1,0.1,33.9,4.7,True,14,4,False,0.0,0.0,0.0,0.0,0.0,0.0,0.0,0.0,0.0,0.0,,,0.0,0,0
2026-07-24 14:20:26.738236,Perungudi_OMR,12.9634,80.2431,10,25,249,99,0.99,False,2026-07-24 14:00:00,0.1,0.1,33.9,4.7,True,14,4,False,0.0,0.0,0.0,0.0,0.0,0.0,0.0,0.0,0.0,0.0,,,0.0,0,0
2026-07-24 14:20:26.738236,Thoraipakkam_OMR,12.9407,80.235,18,20,581,523,0.873365,False,2026-07-24 14:00:00,0.1,0.1,33.9,4.7,True,14,4,False,0.0,0.0,0.0,0.0,0.0,0.0,0.0,0.0,0.0,0.0,,,0.0,0,0
2026-07-24 14:20:26.738236,Porur,13.0381,80.1564,19,19,129,129,1.0,False,2026-07-24 14:00:00,0.1,0.1,33.9,4.7,True,14,4,False,4.0,1.0,0.0,2.0,0.0,2.0,0.0,2.0,11.0,14.8,,,0.0,0,0
2026-07-24 14:20:26.738236,Anna_Nagar_Roundtana,13.085,80.2101,15,15,66,66,1.0,False,2026-07-24 14:00:00,0.1,0.1,33.9,4.7,True,14,4,False,2.0,0.0,5.0,0.0,2.0,1.0,0.0,2.0,12.0,12.0,,,0.0,0,0
2026-07-24 14:20:26.738236,Perambur,13.1141,80.2417,25,25,1036,1036,1.0,False,2026-07-24 14:00:00,0.1,0.1,33.9,4.7,True,14,4,False,0.0,0.0,0.0,0.0,0.0,0.0,0.0,0.0,0.0,0.0,,,0.0,0,0
2026-07-24 14:20:26.738236,Mylapore,13.0339,80.2698,16,17,471,443,0.803907,True,2026-07-24 14:00:00,0.1,0.1,33.9,4.7,True,14,4,False,0.0,0.0,0.0,0.0,0.0,0.0,0.0,0.0,0.0,0.0,,,0.0,0,0
2026-07-24 14:20:26.738236,Kelambakkam_OMR,12.7925,80.2183,44,51,1551,1338,0.996346,False,2026-07-24 14:00:00,0.1,0.1,33.9,4.7,True,14,4,False,0.0,0.0,0.0,0.0,0.0,0.0,0.0,0.0,0.0,0.0,,,0.0,0,0
2026-07-24 14:20:26.738236,Tambaram,12.9249,80.1,28,28,966,966,1.0,False,2026-07-24 14:00:00,0.1,0.1,33.9,4.7,True,14,4,False,0.0,0.0,0.0,0.0,0.0,0.0,0.0,0.0,0.0,0.0,,,0.0,0,0
2026-07-24 14:20:26.738236,Velachery_Junction,12.9791,80.2211,29,33,1482,1302,0.998994,False,2026-07-24 14:00:00,0.1,0.1,33.9,4.7,True,14,4,False,2.0,1.0,4.0,1.0,2.0,0.0,1.0,1.0,12.0,12.3,,,0.0,0,0
2026-07-24 14:35:26.934202,Kathipara,13.0107,80.2016,28,28,158,158,1.0,False,2026-07-24 14:00:00,0.1,0.1,33.9,4.7,True,14,4,False,0.0,0.0,0.0,0.0,0.0,0.0,0.0,0.0,0.0,0.0,,,0.0,0,0
2026-07-24 14:35:26.934202,Guindy,13.0067,80.2206,28,33,1535,1302,0.996405,False,2026-07-24 14:00:00,0.1,0.1,33.9,4.7,True,14,4,False,0.0,0.0,0.0,0.0,0.0,0.0,0.0,0.0,0.0,0.0,,,0.0,0,0
2026-07-24 14:35:26.934202,Anna_Salai_Teynampet,13.0455,80.25,24,32,1752,1314,0.967449,True,2026-07-24 14:00:00,0.1,0.1,33.9,4.7,True,14,4,False,0.0,0.0,0.0,0.0,0.0,0.0,0.0,0.0,0.0,0.0,,,0.0,0,0
2026-07-24 14:35:26.934202,Adyar_Signal,13.0064,80.257,17,25,677,460,0.953375,True,2026-07-24 14:00:00,0.1,0.1,33.9,4.7,True,14,4,False,0.0,0.0,0.0,0.0,0.0,0.0,0.0,0.0,0.0,0.0,,,0.0,0,0
2026-07-24 14:35:26.934202,Egmore,13.0732,80.2609,18,24,2,1,1.0,False,2026-07-24 14:00:00,0.1,0.1,33.9,4.7,True,14,4,False,0.0,0.0,0.0,0.0,0.0,1.0,0.0,5.0,6.0,3.0,,,0.0,0,0
2026-07-24 14:35:26.934202,Koyambedu,13.0694,80.1948,18,18,243,243,1.0,False,2026-07-24 14:00:00,0.1,0.1,33.9,4.7,True,14,4,False,0.0,0.0,0.0,0.0,0.0,0.0,0.0,0.0,0.0,0.0,,,0.0,0,0
2026-07-24 14:35:26.934202,Vadapalani,13.0503,80.2121,21,30,394,276,1.0,False,2026-07-24 14:00:00,0.1,0.1,33.9,4.7,True,14,4,False,4.0,0.0,2.0,0.0,1.0,1.0,0.0,0.0,8.0,8.5,,,0.0,0,0
2026-07-24 14:35:26.934202,Ashok_Nagar,13.0385,80.2107,34,34,2107,2107,1.0,False,2026-07-24 14:00:00,0.1,0.1,33.9,4.7,True,14,4,False,0.0,0.0,0.0,0.0,0.0,0.0,0.0,0.0,0.0,0.0,,,0.0,0,0
2026-07-24 14:35:26.934202,Central_Station,13.0827,80.2757,19,26,474,346,1.0,False,2026-07-24 14:00:00,0.1,0.1,33.9,4.7,True,14,4,False,0.0,0.0,1.0,3.0,0.0,1.0,0.0,0.0,5.0,13.0,,,0.0,0,0
2026-07-24 14:35:26.934202,T_Nagar_Panagal,13.0418,80.2341,26,32,298,242,1.0,False,2026-07-24 14:00:00,0.1,0.1,33.9,4.7,True,14,4,False,0.0,0.0,0.0,0.0,0.0,0.0,0.0,0.0,0.0,0.0,,,0.0,0,0
2026-07-24 14:35:26.934202,Porur,13.0381,80.1564,19,19,129,129,1.0,False,2026-07-24 14:00:00,0.1,0.1,33.9,4.7,True,14,4,False,4.0,1.0,0.0,2.0,0.0,2.0,0.0,2.0,11.0,14.8,,,0.0,0,0
2026-07-24 14:35:26.934202,Perambur,13.1141,80.2417,25,25,1036,1036,1.0,False,2026-07-24 14:00:00,0.1,0.1,33.9,4.7,True,14,4,False,0.0,0.0,0.0,0.0,0.0,0.0,0.0,0.0,0.0,0.0,,,0.0,0,0
2026-07-24 14:35:26.934202,Perungudi_OMR,12.9634,80.2431,24,24,103,103,1.0,False,2026-07-24 14:00:00,0.1,0.1,33.9,4.7,True,14,4,False,0.0,0.0,0.0,0.0,0.0,0.0,0.0,0.0,0.0,0.0,,,0.0,0,0
2026-07-24 14:35:26.934202,Thoraipakkam_OMR,12.9407,80.235,18,20,581,523,0.905677,False,2026-07-24 14:00:00,0.1,0.1,33.9,4.7,True,14,4,False,0.0,0.0,0.0,0.0,0.0,0.0,0.0,0.0,0.0,0.0,,,0.0,0,0
2026-07-24 14:35:26.934202,Anna_Nagar_Roundtana,13.085,80.2101,15,15,66,66,1.0,False,2026-07-24 14:00:00,0.1,0.1,33.9,4.7,True,14,4,False,2.0,0.0,5.0,0.0,2.0,1.0,0.0,2.0,12.0,12.0,,,0.0,0,0
2026-07-24 14:35:26.934202,Velachery_Junction,12.9791,80.2211,28,32,1535,1343,0.996405,False,2026-07-24 14:00:00,0.1,0.1,33.9,4.7,True,14,4,False,2.0,1.0,4.0,1.0,2.0,0.0,1.0,1.0,12.0,12.3,,,0.0,0,0
2026-07-24 14:35:26.934202,Mylapore,13.0339,80.2698,16,17,471,443,0.798321,True,2026-07-24 14:00:00,0.1,0.1,33.9,4.7,True,14,4,False,0.0,0.0,0.0,0.0,0.0,0.0,0.0,0.0,0.0,0.0,,,0.0,0,0
2026-07-24 14:35:26.934202,Chromepet,12.9516,80.1462,31,38,2302,1878,1.0,False,2026-07-24 14:00:00,0.1,0.1,33.9,4.7,True,14,4,False,0.0,0.0,0.0,0.0,0.0,0.0,0.0,0.0,0.0,0.0,,,0.0,0,0
2026-07-24 14:35:26.934202,Tambaram,12.9249,80.1,28,28,966,966,1.0,False,2026-07-24 14:00:00,0.1,0.1,33.9,4.7,True,14,4,False,0.0,0.0,0.0,0.0,0.0,0.0,0.0,0.0,0.0,0.0,,,0.0,0,0
2026-07-24 14:35:26.934202,Kelambakkam_OMR,12.7925,80.2183,45,51,1516,1338,0.999511,False,2026-07-24 14:00:00,0.1,0.1,33.9,4.7,True,14,4,False,0.0,0.0,0.0,0.0,0.0,0.0,0.0,0.0,0.0,0.0,,,0.0,0,0
2026-07-24 17:05:27.555224,Ashok_Nagar,13.0385,80.2107,28,35,2559,2047,1.0,False,2026-07-24 17:00:00,0.2,0.2,31.3,8.1,True,17,4,True,0.0,0.0,0.0,0.0,0.0,0.0,0.0,0.0,0.0,0.0,,,0.0,0,0
2026-07-24 17:05:27.555224,Adyar_Signal,13.0064,80.257,19,25,606,460,0.953375,True,2026-07-24 17:00:00,0.2,0.2,31.3,8.1,True,17,4,True,0.0,0.0,0.0,0.0,0.0,0.0,0.0,0.0,0.0,0.0,,,0.0,0,0
2026-07-24 17:05:27.555224,Guindy,13.0067,80.2206,26,32,1653,1343,0.995993,False,2026-07-24 17:00:00,0.2,0.2,31.3,8.1,True,17,4,True,0.0,0.0,0.0,0.0,0.0,0.0,0.0,0.0,0.0,0.0,,,0.0,0,0
2026-07-24 17:05:27.555224,T_Nagar_Panagal,13.0418,80.2341,22,31,353,250,1.0,False,2026-07-24 17:00:00,0.2,0.2,31.3,8.1,True,17,4,True,0.0,0.0,0.0,0.0,0.0,0.0,0.0,0.0,0.0,0.0,,,0.0,0,0
2026-07-24 17:05:27.555224,Anna_Salai_Teynampet,13.0455,80.25,21,32,2003,1314,0.968595,True,2026-07-24 17:00:00,0.2,0.2,31.3,8.1,True,17,4,True,0.0,0.0,0.0,0.0,0.0,0.0,0.0,0.0,0.0,0.0,,,0.0,0,0
2026-07-24 17:05:27.555224,Egmore,13.0732,80.2609,16,24,2,1,1.0,False,2026-07-24 17:00:00,0.2,0.2,31.3,8.1,True,17,4,True,0.0,0.0,0.0,0.0,0.0,1.0,0.0,5.0,6.0,3.0,,,0.0,0,0
2026-07-24 17:05:27.555224,Central_Station,13.0827,80.2757,17,26,529,346,1.0,False,2026-07-24 17:00:00,0.2,0.2,31.3,8.1,True,17,4,True,0.0,0.0,1.0,3.0,0.0,1.0,0.0,0.0,5.0,13.0,,,0.0,0,0
2026-07-24 17:05:27.555224,Koyambedu,13.0694,80.1948,16,18,274,243,0.785407,False,2026-07-24 17:00:00,0.2,0.2,31.3,8.1,True,17,4,True,0.0,0.0,0.0,0.0,0.0,0.0,0.0,0.0,0.0,0.0,,,0.0,0,0
2026-07-24 17:05:27.555224,Vadapalani,13.0503,80.2121,23,31,360,267,0.998637,False,2026-07-24 17:00:00,0.2,0.2,31.3,8.1,True,17,4,True,4.0,0.0,2.0,0.0,1.0,1.0,0.0,0.0,8.0,8.5,,,0.0,0,0
2026-07-24 17:05:27.555224,Kathipara,13.0107,80.2016,28,28,158,158,1.0,False,2026-07-24 17:00:00,0.2,0.2,31.3,8.1,True,17,4,True,0.0,0.0,0.0,0.0,0.0,0.0,0.0,0.0,0.0,0.0,,,0.0,0,0
2026-07-24 17:05:27.555224,Chromepet,12.9516,80.1462,27,38,2643,1878,1.0,False,2026-07-24 17:00:00,0.2,0.2,31.3,8.1,True,17,4,True,0.0,0.0,0.0,0.0,0.0,0.0,0.0,0.0,0.0,0.0,,,0.0,0,0
2026-07-24 17:05:27.555224,Perungudi_OMR,12.9634,80.2431,15,24,166,103,0.99,False,2026-07-24 17:00:00,0.2,0.2,31.3,8.1,True,17,4,True,0.0,0.0,0.0,0.0,0.0,0.0,0.0,0.0,0.0,0.0,,,0.0,0,0
2026-07-24 17:05:27.555224,Thoraipakkam_OMR,12.9407,80.235,15,19,698,551,0.857475,False,2026-07-24 17:00:00,0.2,0.2,31.3,8.1,True,17,4,True,0.0,0.0,0.0,0.0,0.0,0.0,0.0,0.0,0.0,0.0,,,0.0,0,0
2026-07-24 17:05:27.555224,Porur,13.0381,80.1564,19,19,129,129,1.0,False,2026-07-24 17:00:00,0.2,0.2,31.3,8.1,True,17,4,True,4.0,1.0,0.0,2.0,0.0,2.0,0.0,2.0,11.0,14.8,,,0.0,0,0
2026-07-24 17:05:27.555224,Anna_Nagar_Roundtana,13.085,80.2101,11,15,90,66,0.98,False,2026-07-24 17:00:00,0.2,0.2,31.3,8.1,True,17,4,True,2.0,0.0,5.0,0.0,2.0,1.0,0.0,2.0,12.0,12.0,,,0.0,0,0
2026-07-24 17:05:27.555224,Perambur,13.1141,80.2417,18,25,1439,1036,0.998937,False,2026-07-24 17:00:00,0.2,0.2,31.3,8.1,True,17,4,True,0.0,0.0,0.0,0.0,0.0,0.0,0.0,0.0,0.0,0.0,,,0.0,0,0
2026-07-24 17:05:27.555224,Mylapore,13.0339,80.2698,12,16,628,471,0.771647,True,2026-07-24 17:00:00,0.2,0.2,31.3,8.1,True,17,4,True,0.0,0.0,0.0,0.0,0.0,0.0,0.0,0.0,0.0,0.0,,,0.0,0,0
2026-07-24 17:05:27.555224,Velachery_Junction,12.9791,80.2211,26,32,1653,1343,0.995993,False,2026-07-24 17:00:00,0.2,0.2,31.3,8.1,True,17,4,True,2.0,1.0,4.0,1.0,2.0,0.0,1.0,1.0,12.0,12.3,,,0.0,0,0
2026-07-24 17:05:27.555224,Kelambakkam_OMR,12.7925,80.2183,44,50,1551,1365,0.999982,False,2026-07-24 17:00:00,0.2,0.2,31.3,8.1,True,17,4,True,0.0,0.0,0.0,0.0,0.0,0.0,0.0,0.0,0.0,0.0,,,0.0,0,0
2026-07-24 17:05:27.555224,Tambaram,12.9249,80.1,28,28,966,966,1.0,False,2026-07-24 17:00:00,0.2,0.2,31.3,8.1,True,17,4,True,0.0,0.0,0.0,0.0,0.0,0.0,0.0,0.0,0.0,0.0,,,0.0,0,0
2026-07-24 20:40:26.448852,Egmore,13.0732,80.2609,12,25,3,1,1.0,False,2026-07-24 20:00:00,0.0,0.0,29.6,6.7,True,20,4,True,0.0,0.0,0.0,0.0,0.0,1.0,0.0,5.0,6.0,3.0,,,0.0,0,0
2026-07-24 20:40:26.448852,T_Nagar_Panagal,13.0418,80.2341,25,32,310,242,1.0,False,2026-07-24 20:00:00,0.0,0.0,29.6,6.7,True,20,4,True,0.0,0.0,0.0,0.0,0.0,0.0,0.0,0.0,0.0,0.0,,,0.0,0,0
2026-07-24 20:40:26.448852,Anna_Salai_Teynampet,13.0455,80.25,22,32,1912,1314,0.967966,True,2026-07-24 20:00:00,0.0,0.0,29.6,6.7,True,20,4,True,0.0,0.0,0.0,0.0,0.0,0.0,0.0,0.0,0.0,0.0,,,0.0,0,0
2026-07-24 20:40:26.448852,Kathipara,13.0107,80.2016,23,28,193,158,0.997313,False,2026-07-24 20:00:00,0.0,0.0,29.6,6.7,True,20,4,True,0.0,0.0,0.0,0.0,0.0,0.0,0.0,0.0,0.0,0.0,,,0.0,0,0
2026-07-24 20:40:26.448852,Central_Station,13.0827,80.2757,14,26,643,346,0.997455,False,2026-07-24 20:00:00,0.0,0.0,29.6,6.7,True,20,4,True,0.0,0.0,1.0,3.0,0.0,1.0,0.0,0.0,5.0,13.0,,,0.0,0,0
2026-07-24 20:40:26.448852,Koyambedu,13.0694,80.1948,18,18,243,243,1.0,False,2026-07-24 20:00:00,0.0,0.0,29.6,6.7,True,20,4,True,0.0,0.0,0.0,0.0,0.0,0.0,0.0,0.0,0.0,0.0,,,0.0,0,0
2026-07-24 20:40:26.448852,Vadapalani,13.0503,80.2121,22,31,376,267,0.998633,False,2026-07-24 20:00:00,0.0,0.0,29.6,6.7,True,20,4,True,4.0,0.0,2.0,0.0,1.0,1.0,0.0,0.0,8.0,8.5,,,0.0,0,0
2026-07-24 20:40:26.448852,Ashok_Nagar,13.0385,80.2107,26,35,2756,2047,1.0,False,2026-07-24 20:00:00,0.0,0.0,29.6,6.7,True,20,4,True,0.0,0.0,0.0,0.0,0.0,0.0,0.0,0.0,0.0,0.0,,,0.0,0,0
2026-07-24 20:40:26.448852,Perungudi_OMR,12.9634,80.2431,16,23,155,108,0.98,False,2026-07-24 20:00:00,0.0,0.0,29.6,6.7,True,20,4,True,0.0,0.0,0.0,0.0,0.0,0.0,0.0,0.0,0.0,0.0,,,0.0,0,0
2026-07-24 20:40:26.448852,Guindy,13.0067,80.2206,25,33,1719,1302,0.991446,False,2026-07-24 20:00:00,0.0,0.0,29.6,6.7,True,20,4,True,0.0,0.0,0.0,0.0,0.0,0.0,0.0,0.0,0.0,0.0,,,0.0,0,0
2026-07-24 20:40:26.448852,Velachery_Junction,12.9791,80.2211,25,33,1719,1302,0.991446,False,2026-07-24 20:00:00,0.0,0.0,29.6,6.7,True,20,4,True,2.0,1.0,4.0,1.0,2.0,0.0,1.0,1.0,12.0,12.3,,,0.0,0,0
2026-07-24 20:40:26.448852,Kelambakkam_OMR,12.7925,80.2183,51,51,1338,1338,1.0,False,2026-07-24 20:00:00,0.0,0.0,29.6,6.7,True,20,4,True,0.0,0.0,0.0,0.0,0.0,0.0,0.0,0.0,0.0,0.0,,,0.0,0,0
2026-07-24 20:40:26.448852,Thoraipakkam_OMR,12.9407,80.235,18,19,581,551,0.932962,False,2026-07-24 20:00:00,0.0,0.0,29.6,6.7,True,20,4,True,0.0,0.0,0.0,0.0,0.0,0.0,0.0,0.0,0.0,0.0,,,0.0,0,0
2026-07-24 20:40:26.448852,Porur,13.0381,80.1564,19,19,129,129,1.0,False,2026-07-24 20:00:00,0.0,0.0,29.6,6.7,True,20,4,True,4.0,1.0,0.0,2.0,0.0,2.0,0.0,2.0,11.0,14.8,,,0.0,0,0
2026-07-24 20:40:26.448852,Tambaram,12.9249,80.1,21,28,1289,966,0.989012,False,2026-07-24 20:00:00,0.0,0.0,29.6,6.7,True,20,4,True,0.0,0.0,0.0,0.0,0.0,0.0,0.0,0.0,0.0,0.0,,,0.0,0,0
2026-07-24 20:40:26.448852,Adyar_Signal,13.0064,80.257,16,25,720,460,0.952716,True,2026-07-24 20:00:00,0.0,0.0,29.6,6.7,True,20,4,True,0.0,0.0,0.0,0.0,0.0,0.0,0.0,0.0,0.0,0.0,,,0.0,0,0
2026-07-24 20:40:26.448852,Mylapore,13.0339,80.2698,17,17,443,443,0.809264,True,2026-07-24 20:00:00,0.0,0.0,29.6,6.7,True,20,4,True,0.0,0.0,0.0,0.0,0.0,0.0,0.0,0.0,0.0,0.0,,,0.0,0,0
2026-07-24 20:40:26.448852,Chromepet,12.9516,80.1462,26,38,2745,1878,1.0,False,2026-07-24 20:00:00,0.0,0.0,29.6,6.7,True,20,4,True,0.0,0.0,0.0,0.0,0.0,0.0,0.0,0.0,0.0,0.0,,,0.0,0,0
2026-07-24 20:40:26.448852,Anna_Nagar_Roundtana,13.085,80.2101,10,15,99,66,0.98,False,2026-07-24 20:00:00,0.0,0.0,29.6,6.7,True,20,4,True,2.0,0.0,5.0,0.0,2.0,1.0,0.0,2.0,12.0,12.0,,,0.0,0,0
2026-07-24 20:40:26.448852,Perambur,13.1141,80.2417,18,25,1439,1036,0.99856,False,2026-07-24 20:00:00,0.0,0.0,29.6,6.7,True,20,4,True,0.0,0.0,0.0,0.0,0.0,0.0,0.0,0.0,0.0,0.0,,,0.0,0,0
2026-07-24 20:45:26.901192,Ashok_Nagar,13.0385,80.2107,27,35,2654,2047,0.99944,False,2026-07-24 20:00:00,0.0,0.0,29.6,6.7,True,20,4,True,0.0,0.0,0.0,0.0,0.0,0.0,0.0,0.0,0.0,0.0,,,0.0,0,0
2026-07-24 20:45:26.901192,Egmore,13.0732,80.2609,20,25,2,1,1.0,False,2026-07-24 20:00:00,0.0,0.0,29.6,6.7,True,20,4,True,0.0,0.0,0.0,0.0,0.0,1.0,0.0,5.0,6.0,3.0,,,0.0,0,0
2026-07-24 20:45:26.901192,Vadapalani,13.0503,80.2121,19,31,435,267,0.998633,False,2026-07-24 20:00:00,0.0,0.0,29.6,6.7,True,20,4,True,4.0,0.0,2.0,0.0,1.0,1.0,0.0,0.0,8.0,8.5,,,0.0,0,0
2026-07-24 20:45:26.901192,Koyambedu,13.0694,80.1948,14,18,313,243,0.975126,False,2026-07-24 20:00:00,0.0,0.0,29.6,6.7,True,20,4,True,0.0,0.0,0.0,0.0,0.0,0.0,0.0,0.0,0.0,0.0,,,0.0,0,0
2026-07-24 20:45:26.901192,Central_Station,13.0827,80.2757,14,26,643,346,0.997455,False,2026-07-24 20:00:00,0.0,0.0,29.6,6.7,True,20,4,True,0.0,0.0,1.0,3.0,0.0,1.0,0.0,0.0,5.0,13.0,,,0.0,0,0
2026-07-24 20:45:26.901192,Kathipara,13.0107,80.2016,28,28,158,158,1.0,False,2026-07-24 20:00:00,0.0,0.0,29.6,6.7,True,20,4,True,0.0,0.0,0.0,0.0,0.0,0.0,0.0,0.0,0.0,0.0,,,0.0,0,0
2026-07-24 20:45:26.901192,Anna_Salai_Teynampet,13.0455,80.25,23,32,1829,1314,0.968595,True,2026-07-24 20:00:00,0.0,0.0,29.6,6.7,True,20,4,True,0.0,0.0,0.0,0.0,0.0,0.0,0.0,0.0,0.0,0.0,,,0.0,0,0
2026-07-24 20:45:26.901192,T_Nagar_Panagal,13.0418,80.2341,26,31,298,250,1.0,False,2026-07-24 20:00:00,0.0,0.0,29.6,6.7,True,20,4,True,0.0,0.0,0.0,0.0,0.0,0.0,0.0,0.0,0.0,0.0,,,0.0,0,0
2026-07-24 20:45:26.901192,Guindy,13.0067,80.2206,24,33,1791,1302,0.992439,False,2026-07-24 20:00:00,0.0,0.0,29.6,6.7,True,20,4,True,0.0,0.0,0.0,0.0,0.0,0.0,0.0,0.0,0.0,0.0,,,0.0,0,0
2026-07-24 20:45:26.901192,Adyar_Signal,13.0064,80.257,16,25,720,460,0.953375,True,2026-07-24 20:00:00,0.0,0.0,29.6,6.7,True,20,4,True,0.0,0.0,0.0,0.0,0.0,0.0,0.0,0.0,0.0,0.0,,,0.0,0,0
2026-07-24 20:45:26.901192,Velachery_Junction,12.9791,80.2211,24,33,1791,1302,0.992439,False,2026-07-24 20:00:00,0.0,0.0,29.6,6.7,True,20,4,True,2.0,1.0,4.0,1.0,2.0,0.0,1.0,1.0,12.0,12.3,,,0.0,0,0
2026-07-24 20:45:26.901192,Perungudi_OMR,12.9634,80.2431,17,24,146,103,0.990176,False,2026-07-24 20:00:00,0.0,0.0,29.6,6.7,True,20,4,True,0.0,0.0,0.0,0.0,0.0,0.0,0.0,0.0,0.0,0.0,,,0.0,0,0
2026-07-24 20:45:26.901192,Kelambakkam_OMR,12.7925,80.2183,51,51,1338,1338,1.0,False,2026-07-24 20:00:00,0.0,0.0,29.6,6.7,True,20,4,True,0.0,0.0,0.0,0.0,0.0,0.0,0.0,0.0,0.0,0.0,,,0.0,0,0
2026-07-24 20:45:26.901192,Chromepet,12.9516,80.1462,27,38,2643,1878,1.0,False,2026-07-24 20:00:00,0.0,0.0,29.6,6.7,True,20,4,True,0.0,0.0,0.0,0.0,0.0,0.0,0.0,0.0,0.0,0.0,,,0.0,0,0
2026-07-24 20:45:26.901192,Mylapore,13.0339,80.2698,15,17,503,443,0.821277,True,2026-07-24 20:00:00,0.0,0.0,29.6,6.7,True,20,4,True,0.0,0.0,0.0,0.0,0.0,0.0,0.0,0.0,0.0,0.0,,,0.0,0,0
2026-07-24 20:45:26.901192,Tambaram,12.9249,80.1,20,28,1353,966,0.989415,False,2026-07-24 20:00:00,0.0,0.0,29.6,6.7,True,20,4,True,0.0,0.0,0.0,0.0,0.0,0.0,0.0,0.0,0.0,0.0,,,0.0,0,0
2026-07-24 20:45:26.901192,Anna_Nagar_Roundtana,13.085,80.2101,6,14,166,71,0.99,False,2026-07-24 20:00:00,0.0,0.0,29.6,6.7,True,20,4,True,2.0,0.0,5.0,0.0,2.0,1.0,0.0,2.0,12.0,12.0,,,0.0,0,0
2026-07-24 20:45:26.901192,Porur,13.0381,80.1564,19,19,129,129,1.0,False,2026-07-24 20:00:00,0.0,0.0,29.6,6.7,True,20,4,True,4.0,1.0,0.0,2.0,0.0,2.0,0.0,2.0,11.0,14.8,,,0.0,0,0
2026-07-24 20:45:26.901192,Thoraipakkam_OMR,12.9407,80.235,18,20,581,523,0.933078,False,2026-07-24 20:00:00,0.0,0.0,29.6,6.7,True,20,4,True,0.0,0.0,0.0,0.0,0.0,0.0,0.0,0.0,0.0,0.0,,,0.0,0,0
2026-07-24 20:45:26.901192,Perambur,13.1141,80.2417,17,25,1523,1036,0.99856,False,2026-07-24 20:00:00,0.0,0.0,29.6,6.7,True,20,4,True,0.0,0.0,0.0,0.0,0.0,0.0,0.0,0.0,0.0,0.0,,,0.0,0,0
2026-07-24 21:00:26.347216,Kathipara,13.0107,80.2016,28,28,158,158,1.0,False,2026-07-24 21:00:00,0.0,0.0,29.5,8.6,True,21,4,False,0.0,0.0,0.0,0.0,0.0,0.0,0.0,0.0,0.0,0.0,,,0.0,0,0
2026-07-24 21:00:26.347216,Vadapalani,13.0503,80.2121,19,30,435,276,1.0,False,2026-07-24 21:00:00,0.0,0.0,29.5,8.6,True,21,4,False,4.0,0.0,2.0,0.0,1.0,1.0,0.0,0.0,8.0,8.5,,,0.0,0,0
2026-07-24 21:00:26.347216,Koyambedu,13.0694,80.1948,18,18,243,243,1.0,False,2026-07-24 21:00:00,0.0,0.0,29.5,8.6,True,21,4,False,0.0,0.0,0.0,0.0,0.0,0.0,0.0,0.0,0.0,0.0,,,0.0,0,0
2026-07-24 21:00:26.347216,Central_Station,13.0827,80.2757,13,26,693,346,1.0,False,2026-07-24 21:00:00,0.0,0.0,29.5,8.6,True,21,4,False,0.0,0.0,1.0,3.0,0.0,1.0,0.0,0.0,5.0,13.0,,,0.0,0,0
2026-07-24 21:00:26.347216,Adyar_Signal,13.0064,80.257,16,24,720,480,0.95249,True,2026-07-24 21:00:00,0.0,0.0,29.5,8.6,True,21,4,False,0.0,0.0,0.0,0.0,0.0,0.0,0.0,0.0,0.0,0.0,,,0.0,0,0
2026-07-24 21:00:26.347216,Anna_Salai_Teynampet,13.0455,80.25,23,32,1829,1314,0.967252,True,2026-07-24 21:00:00,0.0,0.0,29.5,8.6,True,21,4,False,0.0,0.0,0.0,0.0,0.0,0.0,0.0,0.0,0.0,0.0,,,0.0,0,0
2026-07-24 21:00:26.347216,T_Nagar_Panagal,13.0418,80.2341,32,32,242,242,1.0,False,2026-07-24 21:00:00,0.0,0.0,29.5,8.6,True,21,4,False,0.0,0.0,0.0,0.0,0.0,0.0,0.0,0.0,0.0,0.0,,,0.0,0,0
2026-07-24 21:00:26.347216,Guindy,13.0067,80.2206,25,33,1719,1302,0.997116,False,2026-07-24 21:00:00,0.0,0.0,29.5,8.6,True,21,4,False,0.0,0.0,0.0,0.0,0.0,0.0,0.0,0.0,0.0,0.0,,,0.0,0,0
2026-07-24 21:00:26.347216,Ashok_Nagar,13.0385,80.2107,28,34,2559,2107,1.0,False,2026-07-24 21:00:00,0.0,0.0,29.5,8.6,True,21,4,False,0.0,0.0,0.0,0.0,0.0,0.0,0.0,0.0,0.0,0.0,,,0.0,0,0
2026-07-24 21:00:26.347216,Egmore,13.0732,80.2609,8,25,5,1,0.99,False,2026-07-24 21:00:00,0.0,0.0,29.5,8.6,True,21,4,False,0.0,0.0,0.0,0.0,0.0,1.0,0.0,5.0,6.0,3.0,,,0.0,0,0
2026-07-24 21:00:26.347216,Velachery_Junction,12.9791,80.2211,25,33,1719,1302,0.996676,False,2026-07-24 21:00:00,0.0,0.0,29.5,8.6,True,21,4,False,2.0,1.0,4.0,1.0,2.0,0.0,1.0,1.0,12.0,12.3,,,0.0,0,0
2026-07-24 21:00:26.347216,Tambaram,12.9249,80.1,24,28,1127,966,0.992513,False,2026-07-24 21:00:00,0.0,0.0,29.5,8.6,True,21,4,False,0.0,0.0,0.0,0.0,0.0,0.0,0.0,0.0,0.0,0.0,,,0.0,0,0
2026-07-24 21:00:26.347216,Chromepet,12.9516,80.1462,26,38,2745,1878,1.0,False,2026-07-24 21:00:00,0.0,0.0,29.5,8.6,True,21,4,False,0.0,0.0,0.0,0.0,0.0,0.0,0.0,0.0,0.0,0.0,,,0.0,0,0
2026-07-24 21:00:26.347216,Mylapore,13.0339,80.2698,13,17,580,443,0.806673,True,2026-07-24 21:00:00,0.0,0.0,29.5,8.6,True,21,4,False,0.0,0.0,0.0,0.0,0.0,0.0,0.0,0.0,0.0,0.0,,,0.0,0,0
2026-07-24 21:00:26.347216,Perambur,13.1141,80.2417,19,25,1363,1036,0.99447,False,2026-07-24 21:00:00,0.0,0.0,29.5,8.6,True,21,4,False,0.0,0.0,0.0,0.0,0.0,0.0,0.0,0.0,0.0,0.0,,,0.0,0,0
2026-07-24 21:00:26.347216,Kelambakkam_OMR,12.7925,80.2183,44,51,1551,1338,0.996817,False,2026-07-24 21:00:00,0.0,0.0,29.5,8.6,True,21,4,False,0.0,0.0,0.0,0.0,0.0,0.0,0.0,0.0,0.0,0.0,,,0.0,0,0
2026-07-24 21:00:26.347216,Porur,13.0381,80.1564,19,19,129,129,1.0,False,2026-07-24 21:00:00,0.0,0.0,29.5,8.6,True,21,4,False,4.0,1.0,0.0,2.0,0.0,2.0,0.0,2.0,11.0,14.8,,,0.0,0,0
2026-07-24 21:00:26.347216,Thoraipakkam_OMR,12.9407,80.235,17,20,616,523,0.948818,False,2026-07-24 21:00:00,0.0,0.0,29.5,8.6,True,21,4,False,0.0,0.0,0.0,0.0,0.0,0.0,0.0,0.0,0.0,0.0,,,0.0,0,0
2026-07-24 21:00:26.347216,Perungudi_OMR,12.9634,80.2431,18,23,138,108,0.99,False,2026-07-24 21:00:00,0.0,0.0,29.5,8.6,True,21,4,False,0.0,0.0,0.0,0.0,0.0,0.0,0.0,0.0,0.0,0.0,,,0.0,0,0
2026-07-24 21:00:26.347216,Anna_Nagar_Roundtana,13.085,80.2101,15,15,66,66,1.0,False,2026-07-24 21:00:00,0.0,0.0,29.5,8.6,True,21,4,False,2.0,0.0,5.0,0.0,2.0,1.0,0.0,2.0,12.0,12.0,,,0.0,0,0
2026-07-24 21:05:26.244936,Kathipara,13.0107,80.2016,23,28,193,158,1.0,False,2026-07-24 21:00:00,0.0,0.0,29.5,8.6,True,21,4,False,0.0,0.0,0.0,0.0,0.0,0.0,0.0,0.0,0.0,0.0,,,0.0,0,0
2026-07-24 21:05:26.244936,Vadapalani,13.0503,80.2121,21,31,394,267,0.998628,False,2026-07-24 21:00:00,0.0,0.0,29.5,8.6,True,21,4,False,4.0,0.0,2.0,0.0,1.0,1.0,0.0,0.0,8.0,8.5,,,0.0,0,0
2026-07-24 21:05:26.244936,Koyambedu,13.0694,80.1948,18,18,243,243,1.0,False,2026-07-24 21:00:00,0.0,0.0,29.5,8.6,True,21,4,False,0.0,0.0,0.0,0.0,0.0,0.0,0.0,0.0,0.0,0.0,,,0.0,0,0
2026-07-24 21:05:26.244936,Central_Station,13.0827,80.2757,14,26,643,346,1.0,False,2026-07-24 21:00:00,0.0,0.0,29.5,8.6,True,21,4,False,0.0,0.0,1.0,3.0,0.0,1.0,0.0,0.0,5.0,13.0,,,0.0,0,0
2026-07-24 21:05:26.244936,Adyar_Signal,13.0064,80.257,16,24,720,480,0.95249,True,2026-07-24 21:00:00,0.0,0.0,29.5,8.6,True,21,4,False,0.0,0.0,0.0,0.0,0.0,0.0,0.0,0.0,0.0,0.0,,,0.0,0,0
2026-07-24 21:05:26.244936,Anna_Salai_Teynampet,13.0455,80.25,24,32,1752,1314,0.966297,True,2026-07-24 21:00:00,0.0,0.0,29.5,8.6,True,21,4,False,0.0,0.0,0.0,0.0,0.0,0.0,0.0,0.0,0.0,0.0,,,0.0,0,0
2026-07-24 21:05:26.244936,T_Nagar_Panagal,13.0418,80.2341,32,32,242,242,1.0,False,2026-07-24 21:00:00,0.0,0.0,29.5,8.6,True,21,4,False,0.0,0.0,0.0,0.0,0.0,0.0,0.0,0.0,0.0,0.0,,,0.0,0,0
2026-07-24 21:05:26.244936,Guindy,13.0067,80.2206,26,33,1653,1302,0.996607,False,2026-07-24 21:00:00,0.0,0.0,29.5,8.6,True,21,4,False,0.0,0.0,0.0,0.0,0.0,0.0,0.0,0.0,0.0,0.0,,,0.0,0,0
2026-07-24 21:05:26.244936,Ashok_Nagar,13.0385,80.2107,28,35,2559,2047,1.0,False,2026-07-24 21:00:00,0.0,0.0,29.5,8.6,True,21,4,False,0.0,0.0,0.0,0.0,0.0,0.0,0.0,0.0,0.0,0.0,,,0.0,0,0
2026-07-24 21:05:26.244936,Egmore,13.0732,80.2609,15,24,3,1,0.99,False,2026-07-24 21:00:00,0.0,0.0,29.5,8.6,True,21,4,False,0.0,0.0,0.0,0.0,0.0,1.0,0.0,5.0,6.0,3.0,,,0.0,0,0
2026-07-24 21:05:26.244936,Velachery_Junction,12.9791,80.2211,26,33,1653,1302,0.996607,False,2026-07-24 21:00:00,0.0,0.0,29.5,8.6,True,21,4,False,2.0,1.0,4.0,1.0,2.0,0.0,1.0,1.0,12.0,12.3,,,0.0,0,0
2026-07-24 21:05:26.244936,Tambaram,12.9249,80.1,24,28,1127,966,1.0,False,2026-07-24 21:00:00,0.0,0.0,29.5,8.6,True,21,4,False,0.0,0.0,0.0,0.0,0.0,0.0,0.0,0.0,0.0,0.0,,,0.0,0,0
2026-07-24 21:05:26.244936,Chromepet,12.9516,80.1462,27,38,2643,1878,1.0,False,2026-07-24 21:00:00,0.0,0.0,29.5,8.6,True,21,4,False,0.0,0.0,0.0,0.0,0.0,0.0,0.0,0.0,0.0,0.0,,,0.0,0,0
2026-07-24 21:05:26.244936,Mylapore,13.0339,80.2698,13,16,580,471,0.798465,True,2026-07-24 21:00:00,0.0,0.0,29.5,8.6,True,21,4,False,0.0,0.0,0.0,0.0,0.0,0.0,0.0,0.0,0.0,0.0,,,0.0,0,0
2026-07-24 21:05:26.244936,Perambur,13.1141,80.2417,19,25,1363,1036,0.996532,False,2026-07-24 21:00:00,0.0,0.0,29.5,8.6,True,21,4,False,0.0,0.0,0.0,0.0,0.0,0.0,0.0,0.0,0.0,0.0,,,0.0,0,0
2026-07-24 21:05:26.244936,Kelambakkam_OMR,12.7925,80.2183,51,51,1338,1338,1.0,False,2026-07-24 21:00:00,0.0,0.0,29.5,8.6,True,21,4,False,0.0,0.0,0.0,0.0,0.0,0.0,0.0,0.0,0.0,0.0,,,0.0,0,0
2026-07-24 21:05:26.244936,Porur,13.0381,80.1564,19,19,129,129,1.0,False,2026-07-24 21:00:00,0.0,0.0,29.5,8.6,True,21,4,False,4.0,1.0,0.0,2.0,0.0,2.0,0.0,2.0,11.0,14.8,,,0.0,0,0
2026-07-24 21:05:26.244936,Thoraipakkam_OMR,12.9407,80.235,20,20,523,523,1.0,False,2026-07-24 21:00:00,0.0,0.0,29.5,8.6,True,21,4,False,0.0,0.0,0.0,0.0,0.0,0.0,0.0,0.0,0.0,0.0,,,0.0,0,0
2026-07-24 21:05:26.244936,Perungudi_OMR,12.9634,80.2431,24,24,103,103,1.0,False,2026-07-24 21:00:00,0.0,0.0,29.5,8.6,True,21,4,False,0.0,0.0,0.0,0.0,0.0,0.0,0.0,0.0,0.0,0.0,,,0.0,0,0
2026-07-24 21:05:26.244936,Anna_Nagar_Roundtana,13.085,80.2101,15,15,66,66,1.0,False,2026-07-24 21:00:00,0.0,0.0,29.5,8.6,True,21,4,False,2.0,0.0,5.0,0.0,2.0,1.0,0.0,2.0,12.0,12.0,,,0.0,0,0
2026-07-24 21:10:26.191002,Adyar_Signal,13.0064,80.257,19,25,606,460,0.953375,True,2026-07-24 21:00:00,0.0,0.0,29.5,8.6,True,21,4,False,0.0,0.0,0.0,0.0,0.0,0.0,0.0,0.0,0.0,0.0,,,0.0,0,0
2026-07-24 21:10:26.191002,Kathipara,13.0107,80.2016,28,28,158,158,1.0,False,2026-07-24 21:00:00,0.0,0.0,29.5,8.6,True,21,4,False,0.0,0.0,0.0,0.0,0.0,0.0,0.0,0.0,0.0,0.0,,,0.0,0,0
2026-07-24 21:10:26.191002,Guindy,13.0067,80.2206,26,33,1653,1302,0.996678,False,2026-07-24 21:00:00,0.0,0.0,29.5,8.6,True,21,4,False,0.0,0.0,0.0,0.0,0.0,0.0,0.0,0.0,0.0,0.0,,,0.0,0,0
2026-07-24 21:10:26.191002,T_Nagar_Panagal,13.0418,80.2341,25,31,310,250,1.0,False,2026-07-24 21:00:00,0.0,0.0,29.5,8.6,True,21,4,False,0.0,0.0,0.0,0.0,0.0,0.0,0.0,0.0,0.0,0.0,,,0.0,0,0
2026-07-24 21:10:26.191002,Anna_Salai_Teynampet,13.0455,80.25,24,32,1752,1314,0.968595,True,2026-07-24 21:00:00,0.0,0.0,29.5,8.6,True,21,4,False,0.0,0.0,0.0,0.0,0.0,0.0,0.0,0.0,0.0,0.0,,,0.0,0,0
2026-07-24 21:10:26.191002,Egmore,13.0732,80.2609,10,25,4,1,0.99,False,2026-07-24 21:00:00,0.0,0.0,29.5,8.6,True,21,4,False,0.0,0.0,0.0,0.0,0.0,1.0,0.0,5.0,6.0,3.0,,,0.0,0,0
2026-07-24 21:10:26.191002,Central_Station,13.0827,80.2757,15,27,600,333,1.0,False,2026-07-24 21:00:00,0.0,0.0,29.5,8.6,True,21,4,False,0.0,0.0,1.0,3.0,0.0,1.0,0.0,0.0,5.0,13.0,,,0.0,0,0
2026-07-24 21:10:26.191002,Koyambedu,13.0694,80.1948,18,18,243,243,1.0,False,2026-07-24 21:00:00,0.0,0.0,29.5,8.6,True,21,4,False,0.0,0.0,0.0,0.0,0.0,0.0,0.0,0.0,0.0,0.0,,,0.0,0,0
2026-07-24 21:10:26.191002,Vadapalani,13.0503,80.2121,21,31,394,267,1.0,False,2026-07-24 21:00:00,0.0,0.0,29.5,8.6,True,21,4,False,4.0,0.0,2.0,0.0,1.0,1.0,0.0,0.0,8.0,8.5,,,0.0,0,0
2026-07-24 21:10:26.191002,Ashok_Nagar,13.0385,80.2107,28,35,2559,2047,1.0,False,2026-07-24 21:00:00,0.0,0.0,29.5,8.6,True,21,4,False,0.0,0.0,0.0,0.0,0.0,0.0,0.0,0.0,0.0,0.0,,,0.0,0,0
2026-07-24 21:10:26.191002,Kelambakkam_OMR,12.7925,80.2183,51,51,1338,1338,1.0,False,2026-07-24 21:00:00,0.0,0.0,29.5,8.6,True,21,4,False,0.0,0.0,0.0,0.0,0.0,0.0,0.0,0.0,0.0,0.0,,,0.0,0,0
2026-07-24 21:10:26.191002,Perungudi_OMR,12.9634,80.2431,24,24,103,103,1.0,False,2026-07-24 21:00:00,0.0,0.0,29.5,8.6,True,21,4,False,0.0,0.0,0.0,0.0,0.0,0.0,0.0,0.0,0.0,0.0,,,0.0,0,0
2026-07-24 21:10:26.191002,Thoraipakkam_OMR,12.9407,80.235,17,20,616,523,0.945235,False,2026-07-24 21:00:00,0.0,0.0,29.5,8.6,True,21,4,False,0.0,0.0,0.0,0.0,0.0,0.0,0.0,0.0,0.0,0.0,,,0.0,0,0
2026-07-24 21:10:26.191002,Porur,13.0381,80.1564,19,19,129,129,1.0,False,2026-07-24 21:00:00,0.0,0.0,29.5,8.6,True,21,4,False,4.0,1.0,0.0,2.0,0.0,2.0,0.0,2.0,11.0,14.8,,,0.0,0,0
2026-07-24 21:10:26.191002,Anna_Nagar_Roundtana,13.085,80.2101,10,14,99,71,1.0,False,2026-07-24 21:00:00,0.0,0.0,29.5,8.6,True,21,4,False,2.0,0.0,5.0,0.0,2.0,1.0,0.0,2.0,12.0,12.0,,,0.0,0,0
2026-07-24 21:10:26.191002,Perambur,13.1141,80.2417,19,24,1363,1079,0.994819,False,2026-07-24 21:00:00,0.0,0.0,29.5,8.6,True,21,4,False,0.0,0.0,0.0,0.0,0.0,0.0,0.0,0.0,0.0,0.0,,,0.0,0,0
2026-07-24 21:10:26.191002,Mylapore,13.0339,80.2698,13,16,580,471,0.766779,True,2026-07-24 21:00:00,0.0,0.0,29.5,8.6,True,21,4,False,0.0,0.0,0.0,0.0,0.0,0.0,0.0,0.0,0.0,0.0,,,0.0,0,0
2026-07-24 21:10:26.191002,Chromepet,12.9516,80.1462,26,38,2745,1878,1.0,False,2026-07-24 21:00:00,0.0,0.0,29.5,8.6,True,21,4,False,0.0,0.0,0.0,0.0,0.0,0.0,0.0,0.0,0.0,0.0,,,0.0,0,0
2026-07-24 21:10:26.191002,Velachery_Junction,12.9791,80.2211,26,33,1653,1302,0.996678,False,2026-07-24 21:00:00,0.0,0.0,29.5,8.6,True,21,4,False,2.0,1.0,4.0,1.0,2.0,0.0,1.0,1.0,12.0,12.3,,,0.0,0,0
2026-07-24 21:10:26.191002,Tambaram,12.9249,80.1,23,28,1177,966,0.992465,False,2026-07-24 21:00:00,0.0,0.0,29.5,8.6,True,21,4,False,0.0,0.0,0.0,0.0,0.0,0.0,0.0,0.0,0.0,0.0,,,0.0,0,0
2026-07-24 21:20:25.709902,Vadapalani,13.0503,80.2121,20,30,414,276,0.997389,False,2026-07-24 21:00:00,0.0,0.0,29.5,8.6,True,21,4,False,4.0,0.0,2.0,0.0,1.0,1.0,0.0,0.0,8.0,8.5,,,0.0,0,0
2026-07-24 21:20:25.709902,Kathipara,13.0107,80.2016,28,28,158,158,1.0,False,2026-07-24 21:00:00,0.0,0.0,29.5,8.6,True,21,4,False,0.0,0.0,0.0,0.0,0.0,0.0,0.0,0.0,0.0,0.0,,,0.0,0,0
2026-07-24 21:20:25.709902,Guindy,13.0067,80.2206,25,33,1719,1302,0.997993,False,2026-07-24 21:00:00,0.0,0.0,29.5,8.6,True,21,4,False,0.0,0.0,0.0,0.0,0.0,0.0,0.0,0.0,0.0,0.0,,,0.0,0,0
2026-07-24 21:20:25.709902,T_Nagar_Panagal,13.0418,80.2341,32,32,242,242,1.0,False,2026-07-24 21:00:00,0.0,0.0,29.5,8.6,True,21,4,False,0.0,0.0,0.0,0.0,0.0,0.0,0.0,0.0,0.0,0.0,,,0.0,0,0
2026-07-24 21:20:25.709902,Koyambedu,13.0694,80.1948,9,20,487,219,0.950426,False,2026-07-24 21:00:00,0.0,0.0,29.5,8.6,True,21,4,False,0.0,0.0,0.0,0.0,0.0,0.0,0.0,0.0,0.0,0.0,,,0.0,0,0
2026-07-24 21:20:25.709902,Egmore,13.0732,80.2609,25,25,1,1,1.0,False,2026-07-24 21:00:00,0.0,0.0,29.5,8.6,True,21,4,False,0.0,0.0,0.0,0.0,0.0,1.0,0.0,5.0,6.0,3.0,,,0.0,0,0
2026-07-24 21:20:25.709902,Central_Station,13.0827,80.2757,13,26,693,346,1.0,False,2026-07-24 21:00:00,0.0,0.0,29.5,8.6,True,21,4,False,0.0,0.0,1.0,3.0,0.0,1.0,0.0,0.0,5.0,13.0,,,0.0,0,0
2026-07-24 21:20:25.709902,Anna_Salai_Teynampet,13.0455,80.25,25,32,1682,1314,0.964858,True,2026-07-24 21:00:00,0.0,0.0,29.5,8.6,True,21,4,False,0.0,0.0,0.0,0.0,0.0,0.0,0.0,0.0,0.0,0.0,,,0.0,0,0
2026-07-24 21:20:25.709902,Ashok_Nagar,13.0385,80.2107,29,35,2471,2047,0.99963,False,2026-07-24 21:00:00,0.0,0.0,29.5,8.6,True,21,4,False,0.0,0.0,0.0,0.0,0.0,0.0,0.0,0.0,0.0,0.0,,,0.0,0,0
2026-07-24 21:20:25.709902,Adyar_Signal,13.0064,80.257,18,24,640,480,0.952716,True,2026-07-24 21:00:00,0.0,0.0,29.5,8.6,True,21,4,False,0.0,0.0,0.0,0.0,0.0,0.0,0.0,0.0,0.0,0.0,,,0.0,0,0
2026-07-24 21:20:25.709902,Velachery_Junction,12.9791,80.2211,25,33,1719,1302,0.997993,False,2026-07-24 21:00:00,0.0,0.0,29.5,8.6,True,21,4,False,2.0,1.0,4.0,1.0,2.0,0.0,1.0,1.0,12.0,12.3,,,0.0,0,0
2026-07-24 21:20:25.709902,Kelambakkam_OMR,12.7925,80.2183,51,51,1338,1338,1.0,False,2026-07-24 21:00:00,0.0,0.0,29.5,8.6,True,21,4,False,0.0,0.0,0.0,0.0,0.0,0.0,0.0,0.0,0.0,0.0,,,0.0,0,0
2026-07-24 21:20:25.709902,Tambaram,12.9249,80.1,28,28,966,966,1.0,False,2026-07-24 21:00:00,0.0,0.0,29.5,8.6,True,21,4,False,0.0,0.0,0.0,0.0,0.0,0.0,0.0,0.0,0.0,0.0,,,0.0,0,0
2026-07-24 21:20:25.709902,Perungudi_OMR,12.9634,80.2431,24,24,103,103,1.0,False,2026-07-24 21:00:00,0.0,0.0,29.5,8.6,True,21,4,False,0.0,0.0,0.0,0.0,0.0,0.0,0.0,0.0,0.0,0.0,,,0.0,0,0
2026-07-24 21:20:25.709902,Thoraipakkam_OMR,12.9407,80.235,20,20,523,523,1.0,False,2026-07-24 21:00:00,0.0,0.0,29.5,8.6,True,21,4,False,0.0,0.0,0.0,0.0,0.0,0.0,0.0,0.0,0.0,0.0,,,0.0,0,0
2026-07-24 21:20:25.709902,Anna_Nagar_Roundtana,13.085,80.2101,10,14,99,71,0.99,False,2026-07-24 21:00:00,0.0,0.0,29.5,8.6,True,21,4,False,2.0,0.0,5.0,0.0,2.0,1.0,0.0,2.0,12.0,12.0,,,0.0,0,0
2026-07-24 21:20:25.709902,Chromepet,12.9516,80.1462,27,38,2643,1878,1.0,False,2026-07-24 21:00:00,0.0,0.0,29.5,8.6,True,21,4,False,0.0,0.0,0.0,0.0,0.0,0.0,0.0,0.0,0.0,0.0,,,0.0,0,0
2026-07-24 21:20:25.709902,Perambur,13.1141,80.2417,18,24,1439,1079,0.995397,False,2026-07-24 21:00:00,0.0,0.0,29.5,8.6,True,21,4,False,0.0,0.0,0.0,0.0,0.0,0.0,0.0,0.0,0.0,0.0,,,0.0,0,0
2026-07-24 21:20:25.709902,Mylapore,13.0339,80.2698,15,16,503,471,0.714498,True,2026-07-24 21:00:00,0.0,0.0,29.5,8.6,True,21,4,False,0.0,0.0,0.0,0.0,0.0,0.0,0.0,0.0,0.0,0.0,,,0.0,0,0
2026-07-24 21:20:25.709902,Porur,13.0381,80.1564,19,19,129,129,1.0,False,2026-07-24 21:00:00,0.0,0.0,29.5,8.6,True,21,4,False,4.0,1.0,0.0,2.0,0.0,2.0,0.0,2.0,11.0,14.8,,,0.0,0,0
2026-07-24 21:25:25.731874,Egmore,13.0732,80.2609,25,25,1,1,1.0,False,2026-07-24 21:00:00,0.0,0.0,29.5,8.6,True,21,4,False,0.0,0.0,0.0,0.0,0.0,1.0,0.0,5.0,6.0,3.0,,,0.0,0,0
2026-07-24 21:25:25.731874,Vadapalani,13.0503,80.2121,21,31,394,267,1.0,False,2026-07-24 21:00:00,0.0,0.0,29.5,8.6,True,21,4,False,4.0,0.0,2.0,0.0,1.0,1.0,0.0,0.0,8.0,8.5,,,0.0,0,0
2026-07-24 21:25:25.731874,Koyambedu,13.0694,80.1948,18,18,243,243,1.0,False,2026-07-24 21:00:00,0.0,0.0,29.5,8.6,True,21,4,False,0.0,0.0,0.0,0.0,0.0,0.0,0.0,0.0,0.0,0.0,,,0.0,0,0
2026-07-24 21:25:25.731874,Central_Station,13.0827,80.2757,15,26,600,346,1.0,False,2026-07-24 21:00:00,0.0,0.0,29.5,8.6,True,21,4,False,0.0,0.0,1.0,3.0,0.0,1.0,0.0,0.0,5.0,13.0,,,0.0,0,0
2026-07-24 21:25:25.731874,Kathipara,13.0107,80.2016,28,28,158,158,1.0,False,2026-07-24 21:00:00,0.0,0.0,29.5,8.6,True,21,4,False,0.0,0.0,0.0,0.0,0.0,0.0,0.0,0.0,0.0,0.0,,,0.0,0,0
2026-07-24 21:25:25.731874,Anna_Salai_Teynampet,13.0455,80.25,24,32,1752,1314,0.965191,True,2026-07-24 21:00:00,0.0,0.0,29.5,8.6,True,21,4,False,0.0,0.0,0.0,0.0,0.0,0.0,0.0,0.0,0.0,0.0,,,0.0,0,0
2026-07-24 21:25:25.731874,T_Nagar_Panagal,13.0418,80.2341,32,32,242,242,1.0,False,2026-07-24 21:00:00,0.0,0.0,29.5,8.6,True,21,4,False,0.0,0.0,0.0,0.0,0.0,0.0,0.0,0.0,0.0,0.0,,,0.0,0,0
2026-07-24 21:25:25.731874,Adyar_Signal,13.0064,80.257,16,24,720,480,0.951828,True,2026-07-24 21:00:00,0.0,0.0,29.5,8.6,True,21,4,False,0.0,0.0,0.0,0.0,0.0,0.0,0.0,0.0,0.0,0.0,,,0.0,0,0
2026-07-24 21:25:25.731874,Ashok_Nagar,13.0385,80.2107,29,34,2471,2107,0.998986,False,2026-07-24 21:00:00,0.0,0.0,29.5,8.6,True,21,4,False,0.0,0.0,0.0,0.0,0.0,0.0,0.0,0.0,0.0,0.0,,,0.0,0,0
2026-07-24 21:25:25.731874,Guindy,13.0067,80.2206,25,33,1719,1302,0.997477,False,2026-07-24 21:00:00,0.0,0.0,29.5,8.6,True,21,4,False,0.0,0.0,0.0,0.0,0.0,0.0,0.0,0.0,0.0,0.0,,,0.0,0,0
2026-07-24 21:25:25.731874,Velachery_Junction,12.9791,80.2211,25,33,1719,1302,0.997477,False,2026-07-24 21:00:00,0.0,0.0,29.5,8.6,True,21,4,False,2.0,1.0,4.0,1.0,2.0,0.0,1.0,1.0,12.0,12.3,,,0.0,0,0
2026-07-24 21:25:25.731874,Perungudi_OMR,12.9634,80.2431,24,24,103,103,1.0,False,2026-07-24 21:00:00,0.0,0.0,29.5,8.6,True,21,4,False,0.0,0.0,0.0,0.0,0.0,0.0,0.0,0.0,0.0,0.0,,,0.0,0,0
2026-07-24 21:25:25.731874,Chromepet,12.9516,80.1462,26,38,2745,1878,1.0,False,2026-07-24 21:00:00,0.0,0.0,29.5,8.6,True,21,4,False,0.0,0.0,0.0,0.0,0.0,0.0,0.0,0.0,0.0,0.0,,,0.0,0,0
2026-07-24 21:25:25.731874,Mylapore,13.0339,80.2698,15,16,503,471,0.712728,True,2026-07-24 21:00:00,0.0,0.0,29.5,8.6,True,21,4,False,0.0,0.0,0.0,0.0,0.0,0.0,0.0,0.0,0.0,0.0,,,0.0,0,0
2026-07-24 21:25:25.731874,Perambur,13.1141,80.2417,18,24,1439,1079,0.995052,False,2026-07-24 21:00:00,0.0,0.0,29.5,8.6,True,21,4,False,0.0,0.0,0.0,0.0,0.0,0.0,0.0,0.0,0.0,0.0,,,0.0,0,0
2026-07-24 21:25:25.731874,Kelambakkam_OMR,12.7925,80.2183,51,51,1338,1338,1.0,False,2026-07-24 21:00:00,0.0,0.0,29.5,8.6,True,21,4,False,0.0,0.0,0.0,0.0,0.0,0.0,0.0,0.0,0.0,0.0,,,0.0,0,0
2026-07-24 21:25:25.731874,Porur,13.0381,80.1564,19,19,129,129,1.0,False,2026-07-24 21:00:00,0.0,0.0,29.5,8.6,True,21,4,False,4.0,1.0,0.0,2.0,0.0,2.0,0.0,2.0,11.0,14.8,,,0.0,0,0
2026-07-24 21:25:25.731874,Thoraipakkam_OMR,12.9407,80.235,17,20,616,523,0.923079,False,2026-07-24 21:00:00,0.0,0.0,29.5,8.6,True,21,4,False,0.0,0.0,0.0,0.0,0.0,0.0,0.0,0.0,0.0,0.0,,,0.0,0,0
2026-07-24 21:25:25.731874,Tambaram,12.9249,80.1,28,28,966,966,1.0,False,2026-07-24 21:00:00,0.0,0.0,29.5,8.6,True,21,4,False,0.0,0.0,0.0,0.0,0.0,0.0,0.0,0.0,0.0,0.0,,,0.0,0,0
2026-07-24 21:25:25.731874,Anna_Nagar_Roundtana,13.085,80.2101,11,15,90,66,1.0,False,2026-07-24 21:00:00,0.0,0.0,29.5,8.6,True,21,4,False,2.0,0.0,5.0,0.0,2.0,1.0,0.0,2.0,12.0,12.0,,,0.0,0,0
2026-07-24 21:30:26.511787,Vadapalani,13.0503,80.2121,23,30,360,276,1.0,False,2026-07-24 21:00:00,0.0,0.0,29.5,8.6,True,21,4,False,4.0,0.0,2.0,0.0,1.0,1.0,0.0,0.0,8.0,8.5,,,0.0,0,0
2026-07-24 21:30:26.511787,Ashok_Nagar,13.0385,80.2107,29,34,2471,2107,1.0,False,2026-07-24 21:00:00,0.0,0.0,29.5,8.6,True,21,4,False,0.0,0.0,0.0,0.0,0.0,0.0,0.0,0.0,0.0,0.0,,,0.0,0,0
2026-07-24 21:30:26.511787,Kathipara,13.0107,80.2016,28,28,158,158,1.0,False,2026-07-24 21:00:00,0.0,0.0,29.5,8.6,True,21,4,False,0.0,0.0,0.0,0.0,0.0,0.0,0.0,0.0,0.0,0.0,,,0.0,0,0
2026-07-24 21:30:26.511787,Guindy,13.0067,80.2206,27,33,1592,1302,0.996986,False,2026-07-24 21:00:00,0.0,0.0,29.5,8.6,True,21,4,False,0.0,0.0,0.0,0.0,0.0,0.0,0.0,0.0,0.0,0.0,,,0.0,0,0
2026-07-24 21:30:26.511787,Anna_Salai_Teynampet,13.0455,80.25,25,32,1682,1314,0.965034,True,2026-07-24 21:00:00,0.0,0.0,29.5,8.6,True,21,4,False,0.0,0.0,0.0,0.0,0.0,0.0,0.0,0.0,0.0,0.0,,,0.0,0,0
2026-07-24 21:30:26.511787,Egmore,13.0732,80.2609,4,23,11,2,1.0,False,2026-07-24 21:00:00,0.0,0.0,29.5,8.6,True,21,4,False,0.0,0.0,0.0,0.0,0.0,1.0,0.0,5.0,6.0,3.0,,,0.0,0,0
2026-07-24 21:30:26.511787,Central_Station,13.0827,80.2757,16,25,563,360,1.0,False,2026-07-24 21:00:00,0.0,0.0,29.5,8.6,True,21,4,False,0.0,0.0,1.0,3.0,0.0,1.0,0.0,0.0,5.0,13.0,,,0.0,0,0
2026-07-24 21:30:26.511787,Koyambedu,13.0694,80.1948,18,18,243,243,1.0,False,2026-07-24 21:00:00,0.0,0.0,29.5,8.6,True,21,4,False,0.0,0.0,0.0,0.0,0.0,0.0,0.0,0.0,0.0,0.0,,,0.0,0,0
2026-07-24 21:30:26.511787,T_Nagar_Panagal,13.0418,80.2341,32,32,242,242,1.0,False,2026-07-24 21:00:00,0.0,0.0,29.5,8.6,True,21,4,False,0.0,0.0,0.0,0.0,0.0,0.0,0.0,0.0,0.0,0.0,,,0.0,0,0
2026-07-24 21:30:26.511787,Chromepet,12.9516,80.1462,27,38,2643,1878,1.0,False,2026-07-24 21:00:00,0.0,0.0,29.5,8.6,True,21,4,False,0.0,0.0,0.0,0.0,0.0,0.0,0.0,0.0,0.0,0.0,,,0.0,0,0
2026-07-24 21:30:26.511787,Tambaram,12.9249,80.1,28,28,966,966,1.0,False,2026-07-24 21:00:00,0.0,0.0,29.5,8.6,True,21,4,False,0.0,0.0,0.0,0.0,0.0,0.0,0.0,0.0,0.0,0.0,,,0.0,0,0
2026-07-24 21:30:26.511787,Thoraipakkam_OMR,12.9407,80.235,16,19,654,551,0.924139,False,2026-07-24 21:00:00,0.0,0.0,29.5,8.6,True,21,4,False,0.0,0.0,0.0,0.0,0.0,0.0,0.0,0.0,0.0,0.0,,,0.0,0,0
2026-07-24 21:30:26.511787,Porur,13.0381,80.1564,12,19,205,129,0.93,False,2026-07-24 21:00:00,0.0,0.0,29.5,8.6,True,21,4,False,4.0,1.0,0.0,2.0,0.0,2.0,0.0,2.0,11.0,14.8,,,0.0,0,0
2026-07-24 21:30:26.511787,Anna_Nagar_Roundtana,13.085,80.2101,11,14,90,71,0.99,False,2026-07-24 21:00:00,0.0,0.0,29.5,8.6,True,21,4,False,2.0,0.0,5.0,0.0,2.0,1.0,0.0,2.0,12.0,12.0,,,0.0,0,0
2026-07-24 21:30:26.511787,Mylapore,13.0339,80.2698,16,17,471,443,0.711335,True,2026-07-24 21:00:00,0.0,0.0,29.5,8.6,True,21,4,False,0.0,0.0,0.0,0.0,0.0,0.0,0.0,0.0,0.0,0.0,,,0.0,0,0
2026-07-24 21:30:26.511787,Kelambakkam_OMR,12.7925,80.2183,51,51,1338,1338,1.0,False,2026-07-24 21:00:00,0.0,0.0,29.5,8.6,True,21,4,False,0.0,0.0,0.0,0.0,0.0,0.0,0.0,0.0,0.0,0.0,,,0.0,0,0
2026-07-24 21:30:26.511787,Velachery_Junction,12.9791,80.2211,27,33,1592,1302,0.996986,False,2026-07-24 21:00:00,0.0,0.0,29.5,8.6,True,21,4,False,2.0,1.0,4.0,1.0,2.0,0.0,1.0,1.0,12.0,12.3,,,0.0,0,0
2026-07-24 21:30:26.511787,Adyar_Signal,13.0064,80.257,18,25,640,460,0.952716,True,2026-07-24 21:00:00,0.0,0.0,29.5,8.6,True,21,4,False,0.0,0.0,0.0,0.0,0.0,0.0,0.0,0.0,0.0,0.0,,,0.0,0,0
2026-07-24 21:45:20.467211,Mylapore,13.0339,80.2698,16,17,471,443,0.799979,True,2026-07-24 21:00:00,0.0,0.0,29.5,8.6,True,21,4,False,0.0,0.0,0.0,0.0,0.0,0.0,0.0,0.0,0.0,0.0,,,0.0,0,0
2026-07-24 22:25:26.530427,Adyar_Signal,13.0064,80.257,22,25,523,460,0.953375,True,2026-07-24 22:00:00,0.0,0.0,29.5,10.3,True,22,4,False,0.0,0.0,0.0,0.0,0.0,0.0,0.0,0.0,0.0,0.0,,,0.0,0,0
2026-07-24 22:25:26.530427,Guindy,13.0067,80.2206,33,33,1302,1302,1.0,False,2026-07-24 22:00:00,0.0,0.0,29.5,10.3,True,22,4,False,0.0,0.0,0.0,0.0,0.0,0.0,0.0,0.0,0.0,0.0,,,0.0,0,0
2026-07-24 22:25:26.530427,Anna_Salai_Teynampet,13.0455,80.25,26,32,1618,1314,0.966207,True,2026-07-24 22:00:00,0.0,0.0,29.5,10.3,True,22,4,False,0.0,0.0,0.0,0.0,0.0,0.0,0.0,0.0,0.0,0.0,,,0.0,0,0
2026-07-24 22:25:26.530427,Kathipara,13.0107,80.2016,28,28,158,158,1.0,False,2026-07-24 22:00:00,0.0,0.0,29.5,10.3,True,22,4,False,0.0,0.0,0.0,0.0,0.0,0.0,0.0,0.0,0.0,0.0,,,0.0,0,0
2026-07-24 22:25:26.530427,Egmore,13.0732,80.2609,25,25,1,1,1.0,False,2026-07-24 22:00:00,0.0,0.0,29.5,10.3,True,22,4,False,0.0,0.0,0.0,0.0,0.0,1.0,0.0,5.0,6.0,3.0,,,0.0,0,0
2026-07-24 22:25:26.530427,Vadapalani,13.0503,80.2121,23,30,360,276,1.0,False,2026-07-24 22:00:00,0.0,0.0,29.5,10.3,True,22,4,False,4.0,0.0,2.0,0.0,1.0,1.0,0.0,0.0,8.0,8.5,,,0.0,0,0
2026-07-24 22:25:26.530427,Koyambedu,13.0694,80.1948,18,18,243,243,1.0,False,2026-07-24 22:00:00,0.0,0.0,29.5,10.3,True,22,4,False,0.0,0.0,0.0,0.0,0.0,0.0,0.0,0.0,0.0,0.0,,,0.0,0,0
2026-07-24 22:25:26.530427,Ashok_Nagar,13.0385,80.2107,34,34,2107,2107,1.0,False,2026-07-24 22:00:00,0.0,0.0,29.5,10.3,True,22,4,False,0.0,0.0,0.0,0.0,0.0,0.0,0.0,0.0,0.0,0.0,,,0.0,0,0
2026-07-24 22:25:26.530427,Central_Station,13.0827,80.2757,26,26,346,346,1.0,False,2026-07-24 22:00:00,0.0,0.0,29.5,10.3,True,22,4,False,0.0,0.0,1.0,3.0,0.0,1.0,0.0,0.0,5.0,13.0,,,0.0,0,0
2026-07-24 22:25:26.530427,T_Nagar_Panagal,13.0418,80.2341,32,32,242,242,1.0,False,2026-07-24 22:00:00,0.0,0.0,29.5,10.3,True,22,4,False,0.0,0.0,0.0,0.0,0.0,0.0,0.0,0.0,0.0,0.0,,,0.0,0,0
2026-07-24 22:25:26.530427,Porur,13.0381,80.1564,19,19,129,129,1.0,False,2026-07-24 22:00:00,0.0,0.0,29.5,10.3,True,22,4,False,4.0,1.0,0.0,2.0,0.0,2.0,0.0,2.0,11.0,14.8,,,0.0,0,0
2026-07-24 22:25:26.530427,Perambur,13.1141,80.2417,25,25,1036,1036,1.0,False,2026-07-24 22:00:00,0.0,0.0,29.5,10.3,True,22,4,False,0.0,0.0,0.0,0.0,0.0,0.0,0.0,0.0,0.0,0.0,,,0.0,0,0
2026-07-24 22:25:26.530427,Velachery_Junction,12.9791,80.2211,33,33,1302,1302,1.0,False,2026-07-24 22:00:00,0.0,0.0,29.5,10.3,True,22,4,False,2.0,1.0,4.0,1.0,2.0,0.0,1.0,1.0,12.0,12.3,,,0.0,0,0
2026-07-24 22:25:26.530427,Thoraipakkam_OMR,12.9407,80.235,20,20,523,523,1.0,False,2026-07-24 22:00:00,0.0,0.0,29.5,10.3,True,22,4,False,0.0,0.0,0.0,0.0,0.0,0.0,0.0,0.0,0.0,0.0,,,0.0,0,0
2026-07-24 22:25:26.530427,Anna_Nagar_Roundtana,13.085,80.2101,15,15,66,66,1.0,False,2026-07-24 22:00:00,0.0,0.0,29.5,10.3,True,22,4,False,2.0,0.0,5.0,0.0,2.0,1.0,0.0,2.0,12.0,12.0,,,0.0,0,0
2026-07-24 22:25:26.530427,Perungudi_OMR,12.9634,80.2431,24,24,103,103,1.0,False,2026-07-24 22:00:00,0.0,0.0,29.5,10.3,True,22,4,False,0.0,0.0,0.0,0.0,0.0,0.0,0.0,0.0,0.0,0.0,,,0.0,0,0
2026-07-24 22:25:26.530427,Kelambakkam_OMR,12.7925,80.2183,51,51,1338,1338,1.0,False,2026-07-24 22:00:00,0.0,0.0,29.5,10.3,True,22,4,False,0.0,0.0,0.0,0.0,0.0,0.0,0.0,0.0,0.0,0.0,,,0.0,0,0
2026-07-24 22:25:26.530427,Mylapore,13.0339,80.2698,15,17,503,443,0.737084,True,2026-07-24 22:00:00,0.0,0.0,29.5,10.3,True,22,4,False,0.0,0.0,0.0,0.0,0.0,0.0,0.0,0.0,0.0,0.0,,,0.0,0,0
2026-07-24 22:25:26.530427,Chromepet,12.9516,80.1462,30,38,2379,1878,1.0,False,2026-07-24 22:00:00,0.0,0.0,29.5,10.3,True,22,4,False,0.0,0.0,0.0,0.0,0.0,0.0,0.0,0.0,0.0,0.0,,,0.0,0,0
2026-07-24 22:25:26.530427,Tambaram,12.9249,80.1,24,28,1127,966,0.992463,False,2026-07-24 22:00:00,0.0,0.0,29.5,10.3,True,22,4,False,0.0,0.0,0.0,0.0,0.0,0.0,0.0,0.0,0.0,0.0,,,0.0,0,0
2026-07-24 22:45:25.866039,Anna_Salai_Teynampet,13.0455,80.25,28,32,1502,1314,0.9663,True,2026-07-24 22:00:00,0.0,0.0,29.5,10.3,True,22,4,False,0.0,0.0,0.0,0.0,0.0,0.0,0.0,0.0,0.0,0.0,,,0.0,0,0
2026-07-24 22:45:25.866039,Koyambedu,13.0694,80.1948,18,18,243,243,1.0,False,2026-07-24 22:00:00,0.0,0.0,29.5,10.3,True,22,4,False,0.0,0.0,0.0,0.0,0.0,0.0,0.0,0.0,0.0,0.0,,,0.0,0,0
2026-07-24 22:45:25.866039,Central_Station,13.0827,80.2757,22,26,409,346,1.0,False,2026-07-24 22:00:00,0.0,0.0,29.5,10.3,True,22,4,False,0.0,0.0,1.0,3.0,0.0,1.0,0.0,0.0,5.0,13.0,,,0.0,0,0
2026-07-24 22:45:25.866039,Egmore,13.0732,80.2609,25,25,1,1,1.0,False,2026-07-24 22:00:00,0.0,0.0,29.5,10.3,True,22,4,False,0.0,0.0,0.0,0.0,0.0,1.0,0.0,5.0,6.0,3.0,,,0.0,0,0
2026-07-24 22:45:25.866039,Adyar_Signal,13.0064,80.257,24,25,480,460,0.950006,True,2026-07-24 22:00:00,0.0,0.0,29.5,10.3,True,22,4,False,0.0,0.0,0.0,0.0,0.0,0.0,0.0,0.0,0.0,0.0,,,0.0,0,0
2026-07-24 22:45:25.866039,T_Nagar_Panagal,13.0418,80.2341,32,32,242,242,1.0,False,2026-07-24 22:00:00,0.0,0.0,29.5,10.3,True,22,4,False,0.0,0.0,0.0,0.0,0.0,0.0,0.0,0.0,0.0,0.0,,,0.0,0,0
2026-07-24 22:45:25.866039,Guindy,13.0067,80.2206,33,33,1302,1302,1.0,False,2026-07-24 22:00:00,0.0,0.0,29.5,10.3,True,22,4,False,0.0,0.0,0.0,0.0,0.0,0.0,0.0,0.0,0.0,0.0,,,0.0,0,0
2026-07-24 22:45:25.866039,Ashok_Nagar,13.0385,80.2107,34,34,2107,2107,1.0,False,2026-07-24 22:00:00,0.0,0.0,29.5,10.3,True,22,4,False,0.0,0.0,0.0,0.0,0.0,0.0,0.0,0.0,0.0,0.0,,,0.0,0,0
2026-07-24 22:45:25.866039,Vadapalani,13.0503,80.2121,23,31,360,267,1.0,False,2026-07-24 22:00:00,0.0,0.0,29.5,10.3,True,22,4,False,4.0,0.0,2.0,0.0,1.0,1.0,0.0,0.0,8.0,8.5,,,0.0,0,0
2026-07-24 22:45:25.866039,Kathipara,13.0107,80.2016,28,28,158,158,1.0,False,2026-07-24 22:00:00,0.0,0.0,29.5,10.3,True,22,4,False,0.0,0.0,0.0,0.0,0.0,0.0,0.0,0.0,0.0,0.0,,,0.0,0,0
2026-07-24 22:45:25.866039,Tambaram,12.9249,80.1,28,28,966,966,1.0,False,2026-07-24 22:00:00,0.0,0.0,29.5,10.3,True,22,4,False,0.0,0.0,0.0,0.0,0.0,0.0,0.0,0.0,0.0,0.0,,,0.0,0,0
2026-07-24 22:45:25.866039,Velachery_Junction,12.9791,80.2211,33,33,1302,1302,1.0,False,2026-07-24 22:00:00,0.0,0.0,29.5,10.3,True,22,4,False,2.0,1.0,4.0,1.0,2.0,0.0,1.0,1.0,12.0,12.3,,,0.0,0,0
2026-07-24 22:45:25.866039,Kelambakkam_OMR,12.7925,80.2183,51,51,1338,1338,1.0,False,2026-07-24 22:00:00,0.0,0.0,29.5,10.3,True,22,4,False,0.0,0.0,0.0,0.0,0.0,0.0,0.0,0.0,0.0,0.0,,,0.0,0,0
2026-07-24 22:45:25.866039,Chromepet,12.9516,80.1462,30,38,2379,1878,1.0,False,2026-07-24 22:00:00,0.0,0.0,29.5,10.3,True,22,4,False,0.0,0.0,0.0,0.0,0.0,0.0,0.0,0.0,0.0,0.0,,,0.0,0,0
2026-07-24 22:45:25.866039,Mylapore,13.0339,80.2698,16,17,471,443,0.70598,True,2026-07-24 22:00:00,0.0,0.0,29.5,10.3,True,22,4,False,0.0,0.0,0.0,0.0,0.0,0.0,0.0,0.0,0.0,0.0,,,0.0,0,0
2026-07-24 22:45:25.866039,Perungudi_OMR,12.9634,80.2431,24,24,103,103,1.0,False,2026-07-24 22:00:00,0.0,0.0,29.5,10.3,True,22,4,False,0.0,0.0,0.0,0.0,0.0,0.0,0.0,0.0,0.0,0.0,,,0.0,0,0
2026-07-24 22:45:25.866039,Anna_Nagar_Roundtana,13.085,80.2101,15,15,66,66,1.0,False,2026-07-24 22:00:00,0.0,0.0,29.5,10.3,True,22,4,False,2.0,0.0,5.0,0.0,2.0,1.0,0.0,2.0,12.0,12.0,,,0.0,0,0
2026-07-24 22:45:25.866039,Porur,13.0381,80.1564,19,19,129,129,1.0,False,2026-07-24 22:00:00,0.0,0.0,29.5,10.3,True,22,4,False,4.0,1.0,0.0,2.0,0.0,2.0,0.0,2.0,11.0,14.8,,,0.0,0,0
2026-07-24 22:45:25.866039,Thoraipakkam_OMR,12.9407,80.235,20,20,523,523,1.0,False,2026-07-24 22:00:00,0.0,0.0,29.5,10.3,True,22,4,False,0.0,0.0,0.0,0.0,0.0,0.0,0.0,0.0,0.0,0.0,,,0.0,0,0
2026-07-24 22:45:25.866039,Perambur,13.1141,80.2417,25,25,1036,1036,1.0,False,2026-07-24 22:00:00,0.0,0.0,29.5,10.3,True,22,4,False,0.0,0.0,0.0,0.0,0.0,0.0,0.0,0.0,0.0,0.0,,,0.0,0,0
2026-07-24 22:55:26.325702,Egmore,13.0732,80.2609,25,25,1,1,1.0,False,2026-07-24 22:00:00,0.0,0.0,29.5,10.3,True,22,4,False,0.0,0.0,0.0,0.0,0.0,1.0,0.0,5.0,6.0,3.0,,,0.0,0,0
2026-07-24 22:55:26.325702,Vadapalani,13.0503,80.2121,22,30,376,276,0.998637,False,2026-07-24 22:00:00,0.0,0.0,29.5,10.3,True,22,4,False,4.0,0.0,2.0,0.0,1.0,1.0,0.0,0.0,8.0,8.5,,,0.0,0,0
2026-07-24 22:55:26.325702,Koyambedu,13.0694,80.1948,18,18,243,243,1.0,False,2026-07-24 22:00:00,0.0,0.0,29.5,10.3,True,22,4,False,0.0,0.0,0.0,0.0,0.0,0.0,0.0,0.0,0.0,0.0,,,0.0,0,0
2026-07-24 22:55:26.325702,Central_Station,13.0827,80.2757,26,26,346,346,1.0,False,2026-07-24 22:00:00,0.0,0.0,29.5,10.3,True,22,4,False,0.0,0.0,1.0,3.0,0.0,1.0,0.0,0.0,5.0,13.0,,,0.0,0,0
2026-07-24 22:55:26.325702,Adyar_Signal,13.0064,80.257,21,25,548,460,0.95081,True,2026-07-24 22:00:00,0.0,0.0,29.5,10.3,True,22,4,False,0.0,0.0,0.0,0.0,0.0,0.0,0.0,0.0,0.0,0.0,,,0.0,0,0
2026-07-24 22:55:26.325702,Anna_Salai_Teynampet,13.0455,80.25,28,32,1502,1314,0.964349,True,2026-07-24 22:00:00,0.0,0.0,29.5,10.3,True,22,4,False,0.0,0.0,0.0,0.0,0.0,0.0,0.0,0.0,0.0,0.0,,,0.0,0,0
2026-07-24 22:55:26.325702,T_Nagar_Panagal,13.0418,80.2341,32,32,242,242,1.0,False,2026-07-24 22:00:00,0.0,0.0,29.5,10.3,True,22,4,False,0.0,0.0,0.0,0.0,0.0,0.0,0.0,0.0,0.0,0.0,,,0.0,0,0
2026-07-24 22:55:26.325702,Guindy,13.0067,80.2206,33,33,1302,1302,1.0,False,2026-07-24 22:00:00,0.0,0.0,29.5,10.3,True,22,4,False,0.0,0.0,0.0,0.0,0.0,0.0,0.0,0.0,0.0,0.0,,,0.0,0,0
2026-07-24 22:55:26.325702,Kathipara,13.0107,80.2016,28,28,158,158,1.0,False,2026-07-24 22:00:00,0.0,0.0,29.5,10.3,True,22,4,False,0.0,0.0,0.0,0.0,0.0,0.0,0.0,0.0,0.0,0.0,,,0.0,0,0
2026-07-24 22:55:26.325702,Ashok_Nagar,13.0385,80.2107,34,34,2107,2107,1.0,False,2026-07-24 22:00:00,0.0,0.0,29.5,10.3,True,22,4,False,0.0,0.0,0.0,0.0,0.0,0.0,0.0,0.0,0.0,0.0,,,0.0,0,0
2026-07-24 22:55:26.325702,Tambaram,12.9249,80.1,28,28,966,966,1.0,False,2026-07-24 22:00:00,0.0,0.0,29.5,10.3,True,22,4,False,0.0,0.0,0.0,0.0,0.0,0.0,0.0,0.0,0.0,0.0,,,0.0,0,0
2026-07-24 22:55:26.325702,Kelambakkam_OMR,12.7925,80.2183,51,51,1338,1338,1.0,False,2026-07-24 22:00:00,0.0,0.0,29.5,10.3,True,22,4,False,0.0,0.0,0.0,0.0,0.0,0.0,0.0,0.0,0.0,0.0,,,0.0,0,0
2026-07-24 22:55:26.325702,Chromepet,12.9516,80.1462,32,38,2230,1878,1.0,False,2026-07-24 22:00:00,0.0,0.0,29.5,10.3,True,22,4,False,0.0,0.0,0.0,0.0,0.0,0.0,0.0,0.0,0.0,0.0,,,0.0,0,0
2026-07-24 22:55:26.325702,Mylapore,13.0339,80.2698,16,17,471,443,0.675428,True,2026-07-24 22:00:00,0.0,0.0,29.5,10.3,True,22,4,False,0.0,0.0,0.0,0.0,0.0,0.0,0.0,0.0,0.0,0.0,,,0.0,0,0
2026-07-24 22:55:26.325702,Perambur,13.1141,80.2417,25,25,1036,1036,1.0,False,2026-07-24 22:00:00,0.0,0.0,29.5,10.3,True,22,4,False,0.0,0.0,0.0,0.0,0.0,0.0,0.0,0.0,0.0,0.0,,,0.0,0,0
2026-07-24 22:55:26.325702,Velachery_Junction,12.9791,80.2211,33,33,1302,1302,1.0,False,2026-07-24 22:00:00,0.0,0.0,29.5,10.3,True,22,4,False,2.0,1.0,4.0,1.0,2.0,0.0,1.0,1.0,12.0,12.3,,,0.0,0,0
2026-07-24 22:55:26.325702,Porur,13.0381,80.1564,19,19,129,129,1.0,False,2026-07-24 22:00:00,0.0,0.0,29.5,10.3,True,22,4,False,4.0,1.0,0.0,2.0,0.0,2.0,0.0,2.0,11.0,14.8,,,0.0,0,0
2026-07-24 22:55:26.325702,Thoraipakkam_OMR,12.9407,80.235,20,20,523,523,1.0,False,2026-07-24 22:00:00,0.0,0.0,29.5,10.3,True,22,4,False,0.0,0.0,0.0,0.0,0.0,0.0,0.0,0.0,0.0,0.0,,,0.0,0,0
2026-07-24 22:55:26.325702,Perungudi_OMR,12.9634,80.2431,24,24,103,103,1.0,False,2026-07-24 22:00:00,0.0,0.0,29.5,10.3,True,22,4,False,0.0,0.0,0.0,0.0,0.0,0.0,0.0,0.0,0.0,0.0,,,0.0,0,0
2026-07-24 22:55:26.325702,Anna_Nagar_Roundtana,13.085,80.2101,15,15,66,66,1.0,False,2026-07-24 22:00:00,0.0,0.0,29.5,10.3,True,22,4,False,2.0,0.0,5.0,0.0,2.0,1.0,0.0,2.0,12.0,12.0,,,0.0,0,0
2026-07-24 23:05:24.880844,Central_Station,13.0827,80.2757,21,26,429,346,1.0,False,2026-07-24 23:00:00,0.0,0.0,27.8,10.8,True,23,4,False,0.0,0.0,1.0,3.0,0.0,1.0,0.0,0.0,5.0,13.0,,,0.0,0,0
2026-07-24 23:05:24.880844,Kathipara,13.0107,80.2016,28,28,158,158,1.0,False,2026-07-24 23:00:00,0.0,0.0,27.8,10.8,True,23,4,False,0.0,0.0,0.0,0.0,0.0,0.0,0.0,0.0,0.0,0.0,,,0.0,0,0
2026-07-24 23:05:24.880844,Guindy,13.0067,80.2206,33,33,1302,1302,1.0,False,2026-07-24 23:00:00,0.0,0.0,27.8,10.8,True,23,4,False,0.0,0.0,0.0,0.0,0.0,0.0,0.0,0.0,0.0,0.0,,,0.0,0,0
2026-07-24 23:05:24.880844,Anna_Salai_Teynampet,13.0455,80.25,29,32,1450,1314,0.965579,True,2026-07-24 23:00:00,0.0,0.0,27.8,10.8,True,23,4,False,0.0,0.0,0.0,0.0,0.0,0.0,0.0,0.0,0.0,0.0,,,0.0,0,0
2026-07-24 23:05:24.880844,Egmore,13.0732,80.2609,25,25,1,1,1.0,False,2026-07-24 23:00:00,0.0,0.0,27.8,10.8,True,23,4,False,0.0,0.0,0.0,0.0,0.0,1.0,0.0,5.0,6.0,3.0,,,0.0,0,0
2026-07-24 23:05:24.880844,T_Nagar_Panagal,13.0418,80.2341,32,32,242,242,1.0,False,2026-07-24 23:00:00,0.0,0.0,27.8,10.8,True,23,4,False,0.0,0.0,0.0,0.0,0.0,0.0,0.0,0.0,0.0,0.0,,,0.0,0,0
2026-07-24 23:05:24.880844,Koyambedu,13.0694,80.1948,18,18,243,243,1.0,False,2026-07-24 23:00:00,0.0,0.0,27.8,10.8,True,23,4,False,0.0,0.0,0.0,0.0,0.0,0.0,0.0,0.0,0.0,0.0,,,0.0,0,0
2026-07-24 23:05:24.880844,Vadapalani,13.0503,80.2121,30,30,276,276,1.0,False,2026-07-24 23:00:00,0.0,0.0,27.8,10.8,True,23,4,False,4.0,0.0,2.0,0.0,1.0,1.0,0.0,0.0,8.0,8.5,,,0.0,0,0
2026-07-24 23:05:24.880844,Adyar_Signal,13.0064,80.257,24,25,480,460,0.945679,True,2026-07-24 23:00:00,0.0,0.0,27.8,10.8,True,23,4,False,0.0,0.0,0.0,0.0,0.0,0.0,0.0,0.0,0.0,0.0,,,0.0,0,0
2026-07-24 23:05:24.880844,Velachery_Junction,12.9791,80.2211,33,33,1302,1302,1.0,False,2026-07-24 23:00:00,0.0,0.0,27.8,10.8,True,23,4,False,2.0,1.0,4.0,1.0,2.0,0.0,1.0,1.0,12.0,12.3,,,0.0,0,0
2026-07-24 23:05:24.880844,Tambaram,12.9249,80.1,28,28,966,966,1.0,False,2026-07-24 23:00:00,0.0,0.0,27.8,10.8,True,23,4,False,0.0,0.0,0.0,0.0,0.0,0.0,0.0,0.0,0.0,0.0,,,0.0,0,0
2026-07-24 23:05:24.880844,Ashok_Nagar,13.0385,80.2107,34,34,2107,2107,1.0,False,2026-07-24 23:00:00,0.0,0.0,27.8,10.8,True,23,4,False,0.0,0.0,0.0,0.0,0.0,0.0,0.0,0.0,0.0,0.0,,,0.0,0,0
2026-07-24 23:30:25.873718,Ashok_Nagar,13.0385,80.2107,32,35,2239,2047,0.993257,False,2026-07-24 23:00:00,0.0,0.0,27.8,10.8,True,23,4,False,0.0,0.0,0.0,0.0,0.0,0.0,0.0,0.0,0.0,0.0,,,0.0,0,0
2026-07-24 23:30:25.873718,Central_Station,13.0827,80.2757,26,26,346,346,1.0,False,2026-07-24 23:00:00,0.0,0.0,27.8,10.8,True,23,4,False,0.0,0.0,1.0,3.0,0.0,1.0,0.0,0.0,5.0,13.0,,,0.0,0,0
2026-07-24 23:30:25.873718,Anna_Salai_Teynampet,13.0455,80.25,27,32,1558,1314,0.965362,True,2026-07-24 23:00:00,0.0,0.0,27.8,10.8,True,23,4,False,0.0,0.0,0.0,0.0,0.0,0.0,0.0,0.0,0.0,0.0,,,0.0,0,0
2026-07-24 23:30:25.873718,T_Nagar_Panagal,13.0418,80.2341,32,32,242,242,1.0,False,2026-07-24 23:00:00,0.0,0.0,27.8,10.8,True,23,4,False,0.0,0.0,0.0,0.0,0.0,0.0,0.0,0.0,0.0,0.0,,,0.0,0,0
2026-07-24 23:30:25.873718,Guindy,13.0067,80.2206,33,33,1302,1302,1.0,False,2026-07-24 23:00:00,0.0,0.0,27.8,10.8,True,23,4,False,0.0,0.0,0.0,0.0,0.0,0.0,0.0,0.0,0.0,0.0,,,0.0,0,0
2026-07-24 23:30:25.873718,Kathipara,13.0107,80.2016,28,28,158,158,1.0,False,2026-07-24 23:00:00,0.0,0.0,27.8,10.8,True,23,4,False,0.0,0.0,0.0,0.0,0.0,0.0,0.0,0.0,0.0,0.0,,,0.0,0,0
2026-07-24 23:30:25.873718,Vadapalani,13.0503,80.2121,30,30,276,276,1.0,False,2026-07-24 23:00:00,0.0,0.0,27.8,10.8,True,23,4,False,4.0,0.0,2.0,0.0,1.0,1.0,0.0,0.0,8.0,8.5,,,0.0,0,0
2026-07-24 23:30:25.873718,Adyar_Signal,13.0064,80.257,25,25,460,460,0.939744,True,2026-07-24 23:00:00,0.0,0.0,27.8,10.8,True,23,4,False,0.0,0.0,0.0,0.0,0.0,0.0,0.0,0.0,0.0,0.0,,,0.0,0,0
2026-07-24 23:30:25.873718,Koyambedu,13.0694,80.1948,18,18,243,243,1.0,False,2026-07-24 23:00:00,0.0,0.0,27.8,10.8,True,23,4,False,0.0,0.0,0.0,0.0,0.0,0.0,0.0,0.0,0.0,0.0,,,0.0,0,0
2026-07-24 23:30:25.873718,Thoraipakkam_OMR,12.9407,80.235,18,19,581,551,0.812252,False,2026-07-24 23:00:00,0.0,0.0,27.8,10.8,True,23,4,False,0.0,0.0,0.0,0.0,0.0,0.0,0.0,0.0,0.0,0.0,,,0.0,0,0
2026-07-24 23:30:25.873718,Perungudi_OMR,12.9634,80.2431,16,24,155,103,0.990942,False,2026-07-24 23:00:00,0.0,0.0,27.8,10.8,True,23,4,False,0.0,0.0,0.0,0.0,0.0,0.0,0.0,0.0,0.0,0.0,,,0.0,0,0
2026-07-24 23:30:25.873718,Velachery_Junction,12.9791,80.2211,33,33,1302,1302,1.0,False,2026-07-24 23:00:00,0.0,0.0,27.8,10.8,True,23,4,False,2.0,1.0,4.0,1.0,2.0,0.0,1.0,1.0,12.0,12.3,,,0.0,0,0
2026-07-24 23:30:25.873718,Tambaram,12.9249,80.1,28,28,966,966,1.0,False,2026-07-24 23:00:00,0.0,0.0,27.8,10.8,True,23,4,False,0.0,0.0,0.0,0.0,0.0,0.0,0.0,0.0,0.0,0.0,,,0.0,0,0
2026-07-24 23:30:25.873718,Mylapore,13.0339,80.2698,16,17,471,443,0.628492,True,2026-07-24 23:00:00,0.0,0.0,27.8,10.8,True,23,4,False,0.0,0.0,0.0,0.0,0.0,0.0,0.0,0.0,0.0,0.0,,,0.0,0,0
2026-07-24 23:30:25.873718,Perambur,13.1141,80.2417,25,25,1036,1036,1.0,False,2026-07-24 23:00:00,0.0,0.0,27.8,10.8,True,23,4,False,0.0,0.0,0.0,0.0,0.0,0.0,0.0,0.0,0.0,0.0,,,0.0,0,0
2026-07-24 23:30:25.873718,Anna_Nagar_Roundtana,13.085,80.2101,15,15,66,66,1.0,False,2026-07-24 23:00:00,0.0,0.0,27.8,10.8,True,23,4,False,2.0,0.0,5.0,0.0,2.0,1.0,0.0,2.0,12.0,12.0,,,0.0,0,0
2026-07-24 23:30:25.873718,Porur,13.0381,80.1564,16,18,153,136,0.953448,False,2026-07-24 23:00:00,0.0,0.0,27.8,10.8,True,23,4,False,4.0,1.0,0.0,2.0,0.0,2.0,0.0,2.0,11.0,14.8,,,0.0,0,0
2026-07-24 23:30:25.873718,Kelambakkam_OMR,12.7925,80.2183,51,51,1338,1338,1.0,False,2026-07-24 23:00:00,0.0,0.0,27.8,10.8,True,23,4,False,0.0,0.0,0.0,0.0,0.0,0.0,0.0,0.0,0.0,0.0,,,0.0,0,0
2026-07-24 23:55:25.734778,Ashok_Nagar,13.0385,80.2107,31,34,2311,2107,0.996252,False,2026-07-24 23:00:00,0.0,0.0,27.8,10.8,True,23,4,False,0.0,0.0,0.0,0.0,0.0,0.0,0.0,0.0,0.0,0.0,,,0.0,0,0
2026-07-24 23:55:25.734778,Guindy,13.0067,80.2206,33,33,1302,1302,1.0,False,2026-07-24 23:00:00,0.0,0.0,27.8,10.8,True,23,4,False,0.0,0.0,0.0,0.0,0.0,0.0,0.0,0.0,0.0,0.0,,,0.0,0,0
2026-07-24 23:55:25.734778,T_Nagar_Panagal,13.0418,80.2341,32,32,242,242,1.0,False,2026-07-24 23:00:00,0.0,0.0,27.8,10.8,True,23,4,False,0.0,0.0,0.0,0.0,0.0,0.0,0.0,0.0,0.0,0.0,,,0.0,0,0
2026-07-24 23:55:25.734778,Anna_Salai_Teynampet,13.0455,80.25,29,32,1450,1314,0.967873,True,2026-07-24 23:00:00,0.0,0.0,27.8,10.8,True,23,4,False,0.0,0.0,0.0,0.0,0.0,0.0,0.0,0.0,0.0,0.0,,,0.0,0,0
2026-07-24 23:55:25.734778,Egmore,13.0732,80.2609,25,25,1,1,1.0,False,2026-07-24 23:00:00,0.0,0.0,27.8,10.8,True,23,4,False,0.0,0.0,0.0,0.0,0.0,1.0,0.0,5.0,6.0,3.0,,,0.0,0,0
2026-07-24 23:55:25.734778,Central_Station,13.0827,80.2757,26,26,346,346,1.0,False,2026-07-24 23:00:00,0.0,0.0,27.8,10.8,True,23,4,False,0.0,0.0,1.0,3.0,0.0,1.0,0.0,0.0,5.0,13.0,,,0.0,0,0
2026-07-24 23:55:25.734778,Koyambedu,13.0694,80.1948,18,18,243,243,1.0,False,2026-07-24 23:00:00,0.0,0.0,27.8,10.8,True,23,4,False,0.0,0.0,0.0,0.0,0.0,0.0,0.0,0.0,0.0,0.0,,,0.0,0,0
2026-07-24 23:55:25.734778,Vadapalani,13.0503,80.2121,30,30,276,276,1.0,False,2026-07-24 23:00:00,0.0,0.0,27.8,10.8,True,23,4,False,4.0,0.0,2.0,0.0,1.0,1.0,0.0,0.0,8.0,8.5,,,0.0,0,0
2026-07-24 23:55:25.734778,Adyar_Signal,13.0064,80.257,22,25,523,460,0.925876,True,2026-07-24 23:00:00,0.0,0.0,27.8,10.8,True,23,4,False,0.0,0.0,0.0,0.0,0.0,0.0,0.0,0.0,0.0,0.0,,,0.0,0,0
2026-07-24 23:55:25.734778,Kathipara,13.0107,80.2016,28,28,158,158,1.0,False,2026-07-24 23:00:00,0.0,0.0,27.8,10.8,True,23,4,False,0.0,0.0,0.0,0.0,0.0,0.0,0.0,0.0,0.0,0.0,,,0.0,0,0
2026-07-24 23:55:25.734778,Chromepet,12.9516,80.1462,38,38,1878,1878,1.0,False,2026-07-24 23:00:00,0.0,0.0,27.8,10.8,True,23,4,False,0.0,0.0,0.0,0.0,0.0,0.0,0.0,0.0,0.0,0.0,,,0.0,0,0
2026-07-24 23:55:25.734778,Tambaram,12.9249,80.1,28,28,966,966,1.0,False,2026-07-24 23:00:00,0.0,0.0,27.8,10.8,True,23,4,False,0.0,0.0,0.0,0.0,0.0,0.0,0.0,0.0,0.0,0.0,,,0.0,0,0
2026-07-24 23:55:25.734778,Perungudi_OMR,12.9634,80.2431,24,24,103,103,1.0,False,2026-07-24 23:00:00,0.0,0.0,27.8,10.8,True,23,4,False,0.0,0.0,0.0,0.0,0.0,0.0,0.0,0.0,0.0,0.0,,,0.0,0,0
2026-07-24 23:55:25.734778,Thoraipakkam_OMR,12.9407,80.235,16,20,654,523,0.942038,False,2026-07-24 23:00:00,0.0,0.0,27.8,10.8,True,23,4,False,0.0,0.0,0.0,0.0,0.0,0.0,0.0,0.0,0.0,0.0,,,0.0,0,0
2026-07-24 23:55:25.734778,Porur,13.0381,80.1564,19,19,129,129,1.0,False,2026-07-24 23:00:00,0.0,0.0,27.8,10.8,True,23,4,False,4.0,1.0,0.0,2.0,0.0,2.0,0.0,2.0,11.0,14.8,,,0.0,0,0
2026-07-24 23:55:25.734778,Anna_Nagar_Roundtana,13.085,80.2101,15,15,66,66,1.0,False,2026-07-24 23:00:00,0.0,0.0,27.8,10.8,True,23,4,False,2.0,0.0,5.0,0.0,2.0,1.0,0.0,2.0,12.0,12.0,,,0.0,0,0
2026-07-24 23:55:25.734778,Perambur,13.1141,80.2417,25,25,1036,1036,1.0,False,2026-07-24 23:00:00,0.0,0.0,27.8,10.8,True,23,4,False,0.0,0.0,0.0,0.0,0.0,0.0,0.0,0.0,0.0,0.0,,,0.0,0,0
2026-07-24 23:55:25.734778,Mylapore,13.0339,80.2698,17,17,443,443,0.542762,True,2026-07-24 23:00:00,0.0,0.0,27.8,10.8,True,23,4,False,0.0,0.0,0.0,0.0,0.0,0.0,0.0,0.0,0.0,0.0,,,0.0,0,0
2026-07-24 23:55:25.734778,Kelambakkam_OMR,12.7925,80.2183,51,51,1338,1338,1.0,False,2026-07-24 23:00:00,0.0,0.0,27.8,10.8,True,23,4,False,0.0,0.0,0.0,0.0,0.0,0.0,0.0,0.0,0.0,0.0,,,0.0,0,0
2026-07-24 23:55:25.734778,Velachery_Junction,12.9791,80.2211,33,33,1302,1302,1.0,False,2026-07-24 23:00:00,0.0,0.0,27.8,10.8,True,23,4,False,2.0,1.0,4.0,1.0,2.0,0.0,1.0,1.0,12.0,12.3,,,0.0,0,0
2026-07-25 00:10:25.617155,Koyambedu,13.0694,80.1948,18,18,243,243,1.0,False,2026-07-25 00:00:00,3.8,3.8,26.0,13.9,True,0,5,False,0.0,0.0,0.0,0.0,0.0,0.0,0.0,0.0,0.0,0.0,,,0.0,0,0
2026-07-25 00:10:25.617155,Central_Station,13.0827,80.2757,26,26,346,346,1.0,False,2026-07-25 00:00:00,3.8,3.8,26.0,13.9,True,0,5,False,0.0,0.0,1.0,3.0,0.0,1.0,0.0,0.0,5.0,13.0,,,0.0,0,0
2026-07-25 00:10:25.617155,Egmore,13.0732,80.2609,25,25,1,1,1.0,False,2026-07-25 00:00:00,3.8,3.8,26.0,13.9,True,0,5,False,0.0,0.0,0.0,0.0,0.0,1.0,0.0,5.0,6.0,3.0,,,0.0,0,0
2026-07-25 00:10:25.617155,Adyar_Signal,13.0064,80.257,24,25,480,460,0.942059,True,2026-07-25 00:00:00,3.8,3.8,26.0,13.9,True,0,5,False,0.0,0.0,0.0,0.0,0.0,0.0,0.0,0.0,0.0,0.0,,,0.0,0,0
2026-07-25 00:10:25.617155,Guindy,13.0067,80.2206,33,33,1302,1302,1.0,False,2026-07-25 00:00:00,3.8,3.8,26.0,13.9,True,0,5,False,0.0,0.0,0.0,0.0,0.0,0.0,0.0,0.0,0.0,0.0,,,0.0,0,0
2026-07-25 00:10:25.617155,Kathipara,13.0107,80.2016,28,28,158,158,1.0,False,2026-07-25 00:00:00,3.8,3.8,26.0,13.9,True,0,5,False,0.0,0.0,0.0,0.0,0.0,0.0,0.0,0.0,0.0,0.0,,,0.0,0,0
2026-07-25 00:10:25.617155,Vadapalani,13.0503,80.2121,30,30,276,276,1.0,False,2026-07-25 00:00:00,3.8,3.8,26.0,13.9,True,0,5,False,4.0,0.0,2.0,0.0,1.0,1.0,0.0,0.0,8.0,8.5,,,0.0,0,0
2026-07-25 00:10:25.617155,T_Nagar_Panagal,13.0418,80.2341,32,32,242,242,1.0,False,2026-07-25 00:00:00,3.8,3.8,26.0,13.9,True,0,5,False,0.0,0.0,0.0,0.0,0.0,0.0,0.0,0.0,0.0,0.0,,,0.0,0,0
2026-07-25 00:10:25.617155,Ashok_Nagar,13.0385,80.2107,34,34,2107,2107,1.0,False,2026-07-25 00:00:00,3.8,3.8,26.0,13.9,True,0,5,False,0.0,0.0,0.0,0.0,0.0,0.0,0.0,0.0,0.0,0.0,,,0.0,0,0
2026-07-25 00:10:25.617155,Anna_Salai_Teynampet,13.0455,80.25,28,32,1502,1314,0.967424,True,2026-07-25 00:00:00,3.8,3.8,26.0,13.9,True,0,5,False,0.0,0.0,0.0,0.0,0.0,0.0,0.0,0.0,0.0,0.0,,,0.0,0,0
2026-07-25 00:10:25.617155,Velachery_Junction,12.9791,80.2211,33,33,1302,1302,1.0,False,2026-07-25 00:00:00,3.8,3.8,26.0,13.9,True,0,5,False,2.0,1.0,4.0,1.0,2.0,0.0,1.0,1.0,12.0,12.3,,,0.0,0,0
2026-07-25 00:10:25.617155,Perambur,13.1141,80.2417,25,25,1036,1036,1.0,False,2026-07-25 00:00:00,3.8,3.8,26.0,13.9,True,0,5,False,0.0,0.0,0.0,0.0,0.0,0.0,0.0,0.0,0.0,0.0,,,0.0,0,0
2026-07-25 00:10:25.617155,Tambaram,12.9249,80.1,28,28,966,966,1.0,False,2026-07-25 00:00:00,3.8,3.8,26.0,13.9,True,0,5,False,0.0,0.0,0.0,0.0,0.0,0.0,0.0,0.0,0.0,0.0,,,0.0,0,0
2026-07-25 00:10:25.617155,Chromepet,12.9516,80.1462,38,38,1878,1878,1.0,False,2026-07-25 00:00:00,3.8,3.8,26.0,13.9,True,0,5,False,0.0,0.0,0.0,0.0,0.0,0.0,0.0,0.0,0.0,0.0,,,0.0,0,0
2026-07-25 00:10:25.617155,Mylapore,13.0339,80.2698,17,17,443,443,0.566524,True,2026-07-25 00:00:00,3.8,3.8,26.0,13.9,True,0,5,False,0.0,0.0,0.0,0.0,0.0,0.0,0.0,0.0,0.0,0.0,,,0.0,0,0
2026-07-25 00:10:25.617155,Kelambakkam_OMR,12.7925,80.2183,51,51,1338,1338,1.0,False,2026-07-25 00:00:00,3.8,3.8,26.0,13.9,True,0,5,False,0.0,0.0,0.0,0.0,0.0,0.0,0.0,0.0,0.0,0.0,,,0.0,0,0
2026-07-25 00:10:25.617155,Porur,13.0381,80.1564,19,19,129,129,1.0,False,2026-07-25 00:00:00,3.8,3.8,26.0,13.9,True,0,5,False,4.0,1.0,0.0,2.0,0.0,2.0,0.0,2.0,11.0,14.8,,,0.0,0,0
2026-07-25 00:10:25.617155,Thoraipakkam_OMR,12.9407,80.235,17,20,616,523,0.928607,False,2026-07-25 00:00:00,3.8,3.8,26.0,13.9,True,0,5,False,0.0,0.0,0.0,0.0,0.0,0.0,0.0,0.0,0.0,0.0,,,0.0,0,0
2026-07-25 00:10:25.617155,Perungudi_OMR,12.9634,80.2431,24,24,103,103,1.0,False,2026-07-25 00:00:00,3.8,3.8,26.0,13.9,True,0,5,False,0.0,0.0,0.0,0.0,0.0,0.0,0.0,0.0,0.0,0.0,,,0.0,0,0
2026-07-25 00:10:25.617155,Anna_Nagar_Roundtana,13.085,80.2101,15,15,66,66,1.0,False,2026-07-25 00:00:00,3.8,3.8,26.0,13.9,True,0,5,False,2.0,0.0,5.0,0.0,2.0,1.0,0.0,2.0,12.0,12.0,,,0.0,0,0
2026-07-25 09:20:29.732710,Koyambedu,13.0694,80.1948,16,19,274,231,0.843373,False,2026-07-25 09:00:00,0.0,0.0,31.2,9.2,True,9,5,True,0.0,0.0,0.0,0.0,0.0,0.0,0.0,0.0,0.0,0.0,,,0.0,0,0
2026-07-25 09:20:29.732710,Central_Station,13.0827,80.2757,26,26,346,346,1.0,False,2026-07-25 09:00:00,0.0,0.0,31.2,9.2,True,9,5,True,0.0,0.0,1.0,3.0,0.0,1.0,0.0,0.0,5.0,13.0,,,0.0,0,0
2026-07-25 09:20:29.732710,Anna_Salai_Teynampet,13.0455,80.25,26,32,1618,1314,0.968595,True,2026-07-25 09:00:00,0.0,0.0,31.2,9.2,True,9,5,True,0.0,0.0,0.0,0.0,0.0,0.0,0.0,0.0,0.0,0.0,,,0.0,0,0
2026-07-25 09:20:29.732710,Chromepet,12.9516,80.1462,38,38,1878,1878,1.0,False,2026-07-25 09:00:00,0.0,0.0,31.2,9.2,True,9,5,True,0.0,0.0,0.0,0.0,0.0,0.0,0.0,0.0,0.0,0.0,,,0.0,0,0
2026-07-25 09:20:29.732710,Guindy,13.0067,80.2206,28,32,1535,1343,0.996703,False,2026-07-25 09:00:00,0.0,0.0,31.2,9.2,True,9,5,True,0.0,0.0,0.0,0.0,0.0,0.0,0.0,0.0,0.0,0.0,,,0.0,0,0
2026-07-25 09:20:29.732710,Kathipara,13.0107,80.2016,28,28,158,158,1.0,False,2026-07-25 09:00:00,0.0,0.0,31.2,9.2,True,9,5,True,0.0,0.0,0.0,0.0,0.0,0.0,0.0,0.0,0.0,0.0,,,0.0,0,0
2026-07-25 09:20:29.732710,Vadapalani,13.0503,80.2121,25,30,331,276,1.0,False,2026-07-25 09:00:00,0.0,0.0,31.2,9.2,True,9,5,True,4.0,0.0,2.0,0.0,1.0,1.0,0.0,0.0,8.0,8.5,,,0.0,0,0
2026-07-25 09:20:29.732710,T_Nagar_Panagal,13.0418,80.2341,32,32,242,242,1.0,False,2026-07-25 09:00:00,0.0,0.0,31.2,9.2,True,9,5,True,0.0,0.0,0.0,0.0,0.0,0.0,0.0,0.0,0.0,0.0,,,0.0,0,0
2026-07-25 09:20:29.732710,Egmore,13.0732,80.2609,25,25,1,1,1.0,False,2026-07-25 09:00:00,0.0,0.0,31.2,9.2,True,9,5,True,0.0,0.0,0.0,0.0,0.0,1.0,0.0,5.0,6.0,3.0,,,0.0,0,0
2026-07-25 09:20:29.732710,Anna_Nagar_Roundtana,13.085,80.2101,15,15,66,66,1.0,False,2026-07-25 09:00:00,0.0,0.0,31.2,9.2,True,9,5,True,2.0,0.0,5.0,0.0,2.0,1.0,0.0,2.0,12.0,12.0,,,0.0,0,0
2026-07-25 09:20:29.732710,Porur,13.0381,80.1564,19,19,129,129,1.0,False,2026-07-25 09:00:00,0.0,0.0,31.2,9.2,True,9,5,True,4.0,1.0,0.0,2.0,0.0,2.0,0.0,2.0,11.0,14.8,,,0.0,0,0
2026-07-25 09:20:29.732710,Velachery_Junction,12.9791,80.2211,27,32,1592,1343,0.996703,False,2026-07-25 09:00:00,0.0,0.0,31.2,9.2,True,9,5,True,2.0,1.0,4.0,1.0,2.0,0.0,1.0,1.0,12.0,12.3,,,0.0,0,0
2026-07-25 09:20:29.732710,Perambur,13.1141,80.2417,25,25,1036,1036,1.0,False,2026-07-25 09:00:00,0.0,0.0,31.2,9.2,True,9,5,True,0.0,0.0,0.0,0.0,0.0,0.0,0.0,0.0,0.0,0.0,,,0.0,0,0
2026-07-25 09:20:29.732710,Mylapore,13.0339,80.2698,15,17,503,443,0.763674,True,2026-07-25 09:00:00,0.0,0.0,31.2,9.2,True,9,5,True,0.0,0.0,0.0,0.0,0.0,0.0,0.0,0.0,0.0,0.0,,,0.0,0,0
2026-07-25 09:20:29.732710,Thoraipakkam_OMR,12.9407,80.235,20,20,523,523,1.0,False,2026-07-25 09:00:00,0.0,0.0,31.2,9.2,True,9,5,True,0.0,0.0,0.0,0.0,0.0,0.0,0.0,0.0,0.0,0.0,,,0.0,0,0
2026-07-25 09:20:29.732710,Perungudi_OMR,12.9634,80.2431,24,24,103,103,1.0,False,2026-07-25 09:00:00,0.0,0.0,31.2,9.2,True,9,5,True,0.0,0.0,0.0,0.0,0.0,0.0,0.0,0.0,0.0,0.0,,,0.0,0,0
2026-07-25 09:20:29.732710,Tambaram,12.9249,80.1,28,28,966,966,1.0,False,2026-07-25 09:00:00,0.0,0.0,31.2,9.2,True,9,5,True,0.0,0.0,0.0,0.0,0.0,0.0,0.0,0.0,0.0,0.0,,,0.0,0,0
2026-07-25 09:20:29.732710,Ashok_Nagar,13.0385,80.2107,34,34,2107,2107,1.0,False,2026-07-25 09:00:00,0.0,0.0,31.2,9.2,True,9,5,True,0.0,0.0,0.0,0.0,0.0,0.0,0.0,0.0,0.0,0.0,,,0.0,0,0
2026-07-25 09:20:29.732710,Adyar_Signal,13.0064,80.257,22,25,523,460,0.953375,True,2026-07-25 09:00:00,0.0,0.0,31.2,9.2,True,9,5,True,0.0,0.0,0.0,0.0,0.0,0.0,0.0,0.0,0.0,0.0,,,0.0,0,0
2026-07-25 09:20:29.732710,Kelambakkam_OMR,12.7925,80.2183,43,51,1587,1338,1.0,False,2026-07-25 09:00:00,0.0,0.0,31.2,9.2,True,9,5,True,0.0,0.0,0.0,0.0,0.0,0.0,0.0,0.0,0.0,0.0,,,0.0,0,0
